Set,Rally,Frame,X,Y,Time,Getpoint_player,Lose_reason
1,2,10,806,204,00:00:00.33366666666666667,,
1,2,24,738,236,00:00:00.8008000000000001,,
1,2,39,752,228,00:00:01.3013,,
1,2,51,868,128,00:00:01.7017,,
1,2,64,784,224,00:00:02.135466666666667,,
1,2,80,806,204,00:00:02.6693333333333333,,
1,2,92,806,204,00:00:03.0697333333333336,,
1,2,104,528,306,00:00:03.470133333333333,,
1,2,116,562,290,00:00:03.8705333333333334,,
1,2,129,806,204,00:00:04.3043000000000005,,
1,2,139,806,204,00:00:04.637966666666667,,
1,2,158,806,204,00:00:05.271933333333333,,
1,2,175,786,154,00:00:05.839166666666667,,
1,2,195,744,240,00:00:06.5065,,
1,2,206,646,228,00:00:06.8735333333333335,,
1,2,216,566,312,00:00:07.207199999999999,,
1,2,226,530,312,00:00:07.540866666666667,,
1,2,247,806,204,00:00:08.241566666666667,,
1,2,259,806,204,00:00:08.641966666666667,,
1,2,269,806,204,00:00:08.975633333333333,,
1,2,279,806,204,00:00:09.309299999999999,A,0
1,3,293,806,204,00:00:09.776433333333335,,
1,3,305,794,314,00:00:10.176833333333335,,
1,3,315,754,186,00:00:10.5105,,
1,3,325,806,204,00:00:10.844166666666666,,
1,3,345,806,204,00:00:11.5115,,
1,3,359,614,158,00:00:11.978633333333333,,
1,3,385,514,304,00:00:12.846166666666665,,
1,3,395,522,306,00:00:13.179833333333335,,
1,3,405,512,302,00:00:13.5135,,
1,3,429,454,266,00:00:14.314300000000001,A,0
1,4,440,806,204,00:00:14.681333333333335,,
1,4,473,546,150,00:00:15.782433333333334,,
1,4,485,500,300,00:00:16.182833333333335,,
1,4,496,806,204,00:00:16.54986666666667,,
1,4,510,806,204,00:00:17.017,,
1,4,521,786,312,00:00:17.38403333333333,,
1,4,534,806,204,00:00:17.8178,,
1,4,544,894,176,00:00:18.151466666666668,,
1,4,554,850,238,00:00:18.485133333333334,,
1,4,569,806,204,00:00:18.985633333333336,,
1,4,580,800,164,00:00:19.352666666666668,,
1,4,596,784,176,00:00:19.886533333333333,,
1,4,609,890,174,00:00:20.3203,A,0
1,5,687,658,256,00:00:22.922900000000002,,
1,5,764,528,294,00:00:25.492133333333335,,
1,5,777,500,222,00:00:25.925900000000002,A,0
1,6,801,534,272,00:00:26.7267,,
1,6,892,882,160,00:00:29.763066666666667,,
1,6,903,672,294,00:00:30.130100000000002,,
1,6,914,806,206,00:00:30.497133333333334,,
1,6,933,880,162,00:00:31.131100000000004,,
1,6,949,880,162,00:00:31.66496666666667,,
1,6,964,880,162,00:00:32.16546666666667,,
1,6,974,806,206,00:00:32.49913333333333,A,0
1,7,994,806,208,00:00:33.166466666666665,,
1,7,1004,806,206,00:00:33.50013333333333,,
1,7,1016,806,204,00:00:33.900533333333335,,
1,7,1036,524,178,00:00:34.56786666666667,,
1,7,1053,634,276,00:00:35.1351,,
1,7,1065,806,204,00:00:35.5355,,
1,7,1079,546,294,00:00:36.00263333333333,,
1,7,1089,712,288,00:00:36.3363,,
1,7,1100,788,314,00:00:36.70333333333333,,
1,7,1110,838,286,00:00:37.037,,
1,7,1123,876,268,00:00:37.47076666666667,,
1,7,1133,896,354,00:00:37.804433333333336,,
1,7,1145,816,290,00:00:38.20483333333333,A,0
1,8,1160,658,282,00:00:38.705333333333336,,
1,8,1172,806,204,00:00:39.10573333333334,,
1,8,1182,658,198,00:00:39.4394,,
1,8,1207,796,154,00:00:40.27356666666667,,
1,8,1217,504,160,00:00:40.60723333333334,,
1,8,1258,878,164,00:00:41.97526666666667,,
1,8,1275,882,158,00:00:42.5425,,
1,8,1298,888,152,00:00:43.30993333333333,,
1,8,1322,786,262,00:00:44.110733333333336,A,0
1,9,1362,538,180,00:00:45.4454,,
1,9,1380,656,262,00:00:46.046,,
1,9,1391,656,260,00:00:46.41303333333333,,
1,9,1418,806,206,00:00:47.31393333333333,,
1,9,1428,848,164,00:00:47.6476,,
1,9,1439,832,288,00:00:48.01463333333333,,
1,9,1458,796,314,00:00:48.6486,,
1,9,1469,722,302,00:00:49.015633333333334,,
1,9,1481,594,284,00:00:49.41603333333333,,
1,9,1494,806,206,00:00:49.8498,,
1,9,1517,806,206,00:00:50.61723333333334,A,0
1,10,1529,642,230,00:00:51.01763333333333,,
1,10,1540,806,204,00:00:51.38466666666666,,
1,10,1556,610,134,00:00:51.918533333333336,,
1,10,1568,806,204,00:00:52.318933333333334,,
1,10,1580,734,300,00:00:52.71933333333334,,
1,10,1591,774,284,00:00:53.08636666666667,,
1,10,1603,728,280,00:00:53.48676666666667,,
1,10,1616,590,246,00:00:53.92053333333333,,
1,10,1626,508,206,00:00:54.254200000000004,,
1,10,1636,520,268,00:00:54.58786666666667,,
1,10,1647,894,130,00:00:54.9549,,
1,10,1657,510,290,00:00:55.28856666666667,,
1,10,1668,806,208,00:00:55.6556,A,0
1,11,1678,806,208,00:00:55.98926666666667,,
1,11,1692,472,158,00:00:56.4564,,
1,11,1702,482,174,00:00:56.79006666666667,,
1,11,1712,806,208,00:00:57.123733333333334,,
1,11,1735,508,208,00:00:57.89116666666666,,
1,11,1745,508,208,00:00:58.224833333333336,,
1,11,1775,726,278,00:00:59.225833333333334,,
1,11,1785,806,208,00:00:59.5595,,
1,11,1796,726,278,00:00:59.92653333333333,,
1,11,1830,806,208,00:01:01.061,,
1,11,1842,806,208,00:01:01.4614000000000047,,
1,11,1852,806,206,00:01:01.7950666666666635,,
1,11,1863,806,206,00:01:02.1620999999999952,,
1,11,1873,508,208,00:01:02.4957666666666682,,
1,11,1883,806,208,00:01:02.829433333333334,,
1,11,1893,472,292,00:01:03.1631,,
1,11,1907,806,208,00:01:03.6302333333333365,,
1,11,1918,584,190,00:01:03.9972666666666683,,
1,11,1928,806,208,00:01:04.330933333333334,,
1,11,1942,808,208,00:01:04.798066666666671,,
1,11,1952,808,208,00:01:05.131733333333344,,
1,11,1962,592,282,00:01:05.4654000000000025,,
1,11,1974,804,210,00:01:05.865800000000007,A,0
1,12,1987,504,336,00:01:06.299566666666664,,
1,12,1999,510,330,00:01:06.699966666666668,,
1,12,2009,508,210,00:01:07.033633333333327,,
1,12,2022,510,210,00:01:07.467399999999998,,
1,12,2032,510,210,00:01:07.801066666666671,,
1,12,2043,510,210,00:01:08.16810000000001,,
1,12,2060,752,312,00:01:08.73533333333333,,
1,12,2070,590,300,00:01:09.069000000000003,,
1,12,2092,552,310,00:01:09.803066666666666,,
1,12,2102,500,284,00:01:10.13673333333334,,
1,12,2115,490,358,00:01:10.570499999999996,,
1,12,2126,486,292,00:01:10.937533333333334,,
1,12,2140,496,154,00:01:11.404666666666671,,
1,12,2156,514,218,00:01:11.93853333333334,,
1,12,2166,678,172,00:01:12.272199999999998,,
1,12,2177,536,180,00:01:12.639233333333337,,
1,12,2187,538,180,00:01:12.972899999999996,A,0
1,13,2203,806,208,00:01:13.506766666666664,,
1,13,2224,510,210,00:01:14.207466666666676,,
1,13,2243,520,182,00:01:14.841433333333327,,
1,13,2253,514,174,00:01:15.1751,,
1,13,2271,532,180,00:01:15.7757,,
1,13,2282,718,150,00:01:16.14273333333334,,
1,13,2301,508,210,00:01:16.77669999999999,,
1,13,2313,508,210,00:01:17.17710000000001,,
1,13,2323,508,210,00:01:17.51076666666667,,
1,13,2333,508,210,00:01:17.844433333333328,A,0
1,14,2350,508,210,00:01:18.411666666666676,,
1,14,2360,508,210,00:01:18.745333333333335,,
1,14,2370,636,278,00:01:19.078999999999994,,
1,14,2387,508,210,00:01:19.646233333333342,,
1,14,2402,508,210,00:01:20.146733333333344,,
1,14,2412,484,308,00:01:20.48039999999999,,
1,14,2422,508,210,00:01:20.814066666666662,,
1,14,2433,472,248,00:01:21.1811,,
1,14,2444,468,246,00:01:21.548133333333325,,
1,14,2460,508,210,00:01:22.081999999999994,,
1,14,2473,536,284,00:01:22.515766666666664,,
1,14,2483,478,282,00:01:22.849433333333337,,
1,14,2494,508,210,00:01:23.216466666666676,A,0
1,15,2504,498,244,00:01:23.550133333333335,,
1,15,2522,528,266,00:01:24.150733333333335,,
1,15,2564,820,300,00:01:25.55213333333333,,
1,15,2576,818,306,00:01:25.952533333333335,,
1,15,2587,832,196,00:01:26.31956666666666,,
1,15,2597,844,214,00:01:26.653233333333333,,
1,15,2618,536,182,00:01:27.35393333333333,,
1,15,2629,578,282,00:01:27.72096666666667,,
1,15,2642,612,290,00:01:28.15473333333334,A,0
1,16,2670,820,272,00:01:29.089,,
1,16,2694,768,128,00:01:29.889800000000008,,
1,16,2710,778,256,00:01:30.423666666666676,,
1,16,2720,504,208,00:01:30.757333333333335,,
1,16,2735,450,304,00:01:31.257833333333323,,
1,16,2747,654,278,00:01:31.658233333333342,,
1,16,2767,450,266,00:01:32.32556666666666,,
1,16,2780,430,226,00:01:32.75933333333333,,
1,16,2822,806,304,00:01:34.16073333333334,,
1,16,2834,816,292,00:01:34.56113333333333,A,0
1,17,2853,824,310,00:01:35.19510000000001,,
1,17,2864,838,316,00:01:35.562133333333335,,
1,17,2876,836,282,00:01:35.96253333333334,,
1,17,2891,806,210,00:01:36.46303333333334,,
1,17,2919,742,194,00:01:37.3973,,
1,17,2934,562,312,00:01:37.897800000000004,,
1,17,2944,526,308,00:01:38.23146666666668,,
1,17,2955,512,268,00:01:38.5985,,
1,17,2976,508,208,00:01:39.2992,,
1,17,2986,484,154,00:01:39.63286666666667,,
1,17,3000,876,174,00:01:40.099999999999994,,
1,17,3011,500,154,00:01:40.46703333333333,,
1,17,3022,496,256,00:01:40.83406666666667,A,0
1,18,3048,494,274,00:01:41.7016,,
1,18,3060,512,202,00:01:42.102000000000004,,
1,18,3078,508,272,00:01:42.702600000000004,,
1,18,3089,508,208,00:01:43.06963333333333,,
1,18,3117,806,208,00:01:44.003900000000016,,
1,18,3144,464,182,00:01:44.90480000000001,,
1,18,3155,672,150,00:01:45.27183333333333,,
1,18,3167,694,156,00:01:45.67223333333334,,
1,18,3177,508,206,00:01:46.00590000000001,A,0
1,19,3217,806,206,00:01:47.34056666666666,,
1,19,3229,508,208,00:01:47.74096666666668,,
1,19,3239,548,246,00:01:48.07463333333334,,
1,19,3254,580,238,00:01:48.575133333333326,,
1,19,3266,508,206,00:01:48.975533333333345,,
1,19,3277,806,206,00:01:49.34256666666667,,
1,19,3287,806,206,00:01:49.67623333333334,,
1,19,3300,806,206,00:01:50.11,,
1,19,3312,806,206,00:01:50.510400000000004,,
1,19,3323,806,206,00:01:50.87743333333333,,
1,19,3333,476,292,00:01:51.2111,A,0
1,20,3350,806,206,00:01:51.77833333333332,,
1,20,3360,736,310,00:01:52.111999999999995,,
1,20,3378,806,206,00:01:52.71260000000001,,
1,20,3391,806,206,00:01:53.146366666666665,,
1,20,3415,806,206,00:01:53.947166666666675,,
1,20,3426,806,206,00:01:54.3142,,
1,20,3438,806,206,00:01:54.714600000000004,,
1,20,3455,806,206,00:01:55.281833333333324,,
1,20,3484,806,206,00:01:56.24946666666668,,
1,20,3494,806,208,00:01:56.583133333333336,,
1,20,3507,806,210,00:01:57.01690000000001,,
1,20,3522,832,152,00:01:57.51740000000001,A,0
1,21,3550,806,208,00:01:58.45166666666667,,
1,21,3565,508,208,00:01:58.95216666666667,,
1,21,3575,540,182,00:01:59.28583333333333,,
1,21,3586,508,208,00:01:59.65286666666667,,
1,21,3598,508,208,00:02:00.05326666666665858,,
1,21,3608,508,208,00:02:00.3869333333333316,,
1,21,3621,508,208,00:02:00.8207000000000022,,
1,21,3636,508,208,00:02:01.3211999999999904,,
1,21,3650,508,208,00:02:01.788333333333327,,
1,21,3660,806,208,00:02:02.122,,
1,21,3670,582,296,00:02:02.455666666666673,,
1,21,3680,508,208,00:02:02.7893333333333317,,
1,21,3692,508,208,00:02:03.1897333333333364,A,0
2,1,3709,508,208,00:02:03.7569666666666706,,
2,1,3719,506,312,00:02:04.090633333333329,,
2,1,3732,508,208,00:02:04.524400000000014,,
2,1,3742,488,306,00:02:04.858066666666659,,
2,1,3754,508,208,00:02:05.258466666666678,,
2,1,3766,508,208,00:02:05.658866666666668,,
2,1,3778,806,208,00:02:06.059266666666659,,
2,1,3792,788,232,00:02:06.5264000000000095,,
2,1,3802,798,274,00:02:06.860066666666668,,
2,1,3819,806,208,00:02:07.4273000000000025,,
2,1,3832,830,314,00:02:07.861066666666659,,
2,1,3845,806,208,00:02:08.294833333333315,,
2,1,3857,788,312,00:02:08.695233333333334,,
2,1,3870,806,208,00:02:09.12899999999999,B,0
2,2,3899,508,208,00:02:10.09663333333333,,
2,2,3922,806,208,00:02:10.864066666666673,,
2,2,3932,508,208,00:02:11.197733333333332,,
2,2,3945,508,208,00:02:11.631499999999988,,
2,2,3958,510,210,00:02:12.065266666666673,,
2,2,3968,526,180,00:02:12.39893333333336,,
2,2,3979,534,182,00:02:12.765966666666685,,
2,2,3995,534,182,00:02:13.29983333333334,,
2,2,4005,804,210,00:02:13.633499999999998,,
2,2,4015,770,156,00:02:13.967166666666657,,
2,2,4025,790,158,00:02:14.300833333333344,B,0
2,3,4040,550,182,00:02:14.801333333333332,,
2,3,4062,534,182,00:02:15.535399999999981,,
2,3,4082,576,248,00:02:16.202733333333327,,
2,3,4093,578,236,00:02:16.569766666666652,,
2,3,4132,606,224,00:02:17.871066666666678,,
2,3,4160,730,306,00:02:18.80533333333335,,
2,3,4191,536,264,00:02:19.839700000000022,B,0
2,4,4204,806,208,00:02:20.27346666666668,,
2,4,4215,806,208,00:02:20.640500000000003,,
2,4,4229,800,242,00:02:21.107633333333325,,
2,4,4243,802,282,00:02:21.574766666666676,,
2,4,4258,542,292,00:02:22.075266666666664,,
2,4,4269,508,210,00:02:22.44229999999999,,
2,4,4288,506,210,00:02:23.07626666666667,,
2,4,4302,500,178,00:02:23.54339999999999,,
2,4,4312,506,210,00:02:23.87706666666668,,
2,4,4322,546,164,00:02:24.210733333333337,,
2,4,4332,544,168,00:02:24.544399999999996,,
2,4,4342,804,208,00:02:24.878066666666683,B,0
2,5,4383,508,208,00:02:26.246100000000013,,
2,5,4393,806,208,00:02:26.57976666666667,,
2,5,4403,806,208,00:02:26.91343333333336,,
2,5,4431,508,208,00:02:27.847700000000003,,
2,5,4441,806,132,00:02:28.181366666666662,,
2,5,4451,646,248,00:02:28.51503333333332,,
2,5,4473,508,208,00:02:29.2491,,
2,5,4496,804,208,00:02:30.016533333333314,B,0
2,6,4514,508,208,00:02:30.617133333333328,,
2,6,4524,708,278,00:02:30.950799999999987,,
2,6,4534,734,266,00:02:31.284466666666674,,
2,6,4544,804,208,00:02:31.618133333333333,,
2,6,4614,804,208,00:02:33.9538,,
2,6,4645,508,208,00:02:34.98816666666664,,
2,6,4660,804,208,00:02:35.48866666666666,B,0
2,7,4677,804,208,00:02:36.05590000000001,,
2,7,4699,804,208,00:02:36.789966666666686,,
2,7,4709,508,208,00:02:37.123633333333345,,
2,7,4719,620,190,00:02:37.457299999999975,,
2,7,4733,608,144,00:02:37.924433333333354,,
2,7,4761,806,208,00:02:38.8587,,
2,7,4775,486,302,00:02:39.32583333333335,,
2,7,4785,806,208,00:02:39.65950000000001,,
2,7,4795,586,294,00:02:39.99316666666667,,
2,7,4805,656,298,00:02:40.326833333333354,,
2,7,4815,806,208,00:02:40.66050000000001,,
2,7,4825,806,208,00:02:40.99416666666664,,
2,7,4836,714,286,00:02:41.361200000000025,,
2,7,4846,816,306,00:02:41.694866666666655,B,0
2,8,4856,806,208,00:02:42.028533333333314,,
2,8,4866,604,276,00:02:42.3622,,
2,8,4877,806,208,00:02:42.729233333333326,,
2,8,4889,806,208,00:02:43.129633333333345,,
2,8,4901,806,208,00:02:43.530033333333336,,
2,8,4913,780,178,00:02:43.930433333333355,,
2,8,4923,806,208,00:02:44.26410000000001,,
2,8,4952,806,208,00:02:45.231733333333324,,
2,8,4962,514,152,00:02:45.56539999999998,,
2,8,4972,534,194,00:02:45.89906666666667,,
2,8,4983,806,208,00:02:46.266099999999994,,
2,8,4995,782,312,00:02:46.66650000000001,,
2,8,5011,724,280,00:02:47.20036666666667,,
2,8,5021,856,316,00:02:47.534033333333326,B,0
2,9,5037,806,208,00:02:48.06789999999998,,
2,9,5050,806,208,00:02:48.501666666666665,,
2,9,5072,508,208,00:02:49.23573333333334,,
2,9,5097,806,208,00:02:50.06989999999999,,
2,9,5115,806,208,00:02:50.670500000000004,,
2,9,5134,806,208,00:02:51.304466666666684,,
2,9,5146,508,208,00:02:51.704866666666675,,
2,9,5163,770,158,00:02:52.272099999999995,,
2,9,5175,808,206,00:02:52.672500000000014,,
2,9,5185,806,208,00:02:53.006166666666644,B,0
2,10,5203,806,208,00:02:53.60676666666666,,
2,10,5213,508,208,00:02:53.940433333333345,,
2,10,5249,508,208,00:02:55.141633333333345,,
2,10,5259,860,152,00:02:55.475300000000004,,
2,10,5277,806,208,00:02:56.07589999999999,,
2,10,5294,806,208,00:02:56.64313333333334,,
2,10,5306,806,208,00:02:57.04353333333333,,
2,10,5319,698,296,00:02:57.477300000000014,,
2,10,5329,806,208,00:02:57.81096666666667,,
2,10,5339,806,208,00:02:58.14463333333333,,
2,10,5352,598,152,00:02:58.57839999999999,,
2,10,5362,568,178,00:02:58.912066666666675,,
2,10,5376,514,274,00:02:59.379200000000026,,
2,10,5389,546,286,00:02:59.81296666666668,,
2,10,5402,806,208,00:03:00.24673333333333858,B,0
2,11,5412,806,208,00:03:00.5803999999999974,,
2,11,5422,806,208,00:03:00.9140666666666846,,
2,11,5435,806,208,00:03:01.347833333333341,,
2,11,5445,832,306,00:03:01.6814999999999998,,
2,11,5468,806,208,00:03:02.4489333333333434,,
2,11,5478,894,138,00:03:02.782600000000002,,
2,11,5488,806,208,00:03:03.116266666666661,,
2,11,5498,806,208,00:03:03.449933333333348,,
2,11,5508,806,208,00:03:03.783600000000007,,
2,11,5547,806,208,00:03:05.084900000000005,,
2,11,5569,806,208,00:03:05.818966666666682,,
2,11,5580,510,178,00:03:06.186000000000007,,
2,11,5591,628,144,00:03:06.553033333333332,,
2,11,5601,562,190,00:03:06.886700000000019,B,0
2,12,5636,806,208,00:03:08.054533333333325,,
2,12,5664,710,158,00:03:08.988800000000026,,
2,12,5674,594,134,00:03:09.322466666666685,,
2,12,5685,806,208,00:03:09.68950000000001,,
2,12,5730,508,208,00:03:11.191000000000003,,
2,12,5740,806,208,00:03:11.524666666666661,,
2,12,5752,806,208,00:03:11.92506666666668,,
2,12,5765,508,208,00:03:12.358833333333337,,
2,12,5780,886,164,00:03:12.859333333333353,,
2,12,5791,804,208,00:03:13.226366666666678,,
2,12,5803,804,208,00:03:13.626766666666668,B,0
2,13,5822,804,208,00:03:14.260733333333349,,
2,13,5832,650,308,00:03:14.594400000000007,,
2,13,5842,806,208,00:03:14.928066666666666,,
2,13,5855,806,208,00:03:15.361833333333351,,
2,13,5866,806,208,00:03:15.728866666666676,,
2,13,5876,486,242,00:03:16.062533333333334,,
2,13,5886,478,218,00:03:16.39620000000002,,
2,13,5897,806,208,00:03:16.763233333333346,,
2,13,5908,806,208,00:03:17.13026666666667,,
2,13,5929,570,226,00:03:17.830966666666683,,
2,13,5953,806,208,00:03:18.631766666666664,,
2,13,5966,472,294,00:03:19.06553333333332,,
2,13,5976,806,208,00:03:19.399200000000008,,
2,13,5987,462,278,00:03:19.766233333333332,,
2,13,5998,806,208,00:03:20.133266666666657,,
2,13,6012,806,208,00:03:20.600400000000008,B,0
2,14,6023,806,206,00:03:20.96743333333336,,
2,14,6044,760,238,00:03:21.668133333333344,,
2,14,6064,808,206,00:03:22.33546666666666,,
2,14,6079,806,208,00:03:22.83596666666668,,
2,14,6090,806,208,00:03:23.203000000000003,,
2,14,6100,806,208,00:03:23.53666666666666,,
2,14,6113,778,180,00:03:23.970433333333347,,
2,14,6147,838,304,00:03:25.104899999999986,,
2,14,6163,830,246,00:03:25.63876666666667,,
2,14,6173,856,272,00:03:25.972433333333356,B,0
2,15,6193,806,208,00:03:26.639766666666674,,
2,15,6203,804,208,00:03:26.97343333333336,,
2,15,6213,804,208,00:03:27.30710000000002,,
2,15,6224,804,208,00:03:27.674133333333344,,
2,15,6234,804,208,00:03:28.00780000000003,,
2,15,6246,804,208,00:03:28.408200000000022,,
2,15,6257,804,208,00:03:28.775233333333347,,
2,15,6271,878,164,00:03:29.24236666666667,,
2,15,6285,804,208,00:03:29.70949999999999,,
2,15,6299,804,208,00:03:30.176633333333342,,
2,15,6323,804,208,00:03:30.97743333333335,,
2,15,6345,804,208,00:03:31.7115,B,0
2,16,6359,804,208,00:03:32.17863333333332,,
2,16,6374,806,208,00:03:32.67913333333334,,
2,16,6389,806,208,00:03:33.17963333333333,,
2,16,6408,806,208,00:03:33.81360000000001,,
2,16,6437,776,180,00:03:34.78123333333335,,
2,16,6447,526,182,00:03:35.114900000000006,,
2,16,6476,806,208,00:03:36.082533333333316,,
2,16,6488,806,208,00:03:36.482933333333335,,
2,16,6501,778,180,00:03:36.91670000000002,B,0
2,17,6524,804,208,00:03:37.684133333333335,,
2,17,6542,804,208,00:03:38.28473333333335,,
2,17,6552,666,216,00:03:38.61840000000001,,
2,17,6562,804,208,00:03:38.95206666666667,,
2,17,6578,804,208,00:03:39.48593333333335,,
2,17,6588,804,208,00:03:39.81960000000001,,
2,17,6598,496,174,00:03:40.15326666666667,,
2,17,6609,804,208,00:03:40.52030000000002,,
2,17,6624,804,208,00:03:41.02080000000001,,
2,17,6638,804,208,00:03:41.48793333333336,,
2,17,6651,508,210,00:03:41.921700000000016,,
2,17,6664,804,208,00:03:42.35546666666667,,
2,17,6674,508,208,00:03:42.68913333333333,B,0
2,18,6685,804,208,00:03:43.056166666666655,,
2,18,6696,508,210,00:03:43.42320000000001,,
2,18,6708,804,208,00:03:43.8236,,
2,18,6718,804,208,00:03:44.15726666666666,,
2,18,6728,806,208,00:03:44.490933333333345,,
2,18,6738,806,208,00:03:44.824600000000004,,
2,18,6748,600,224,00:03:45.15826666666666,,
2,18,6758,618,238,00:03:45.49193333333335,,
2,18,6779,718,274,00:03:46.19263333333333,,
2,18,6801,806,208,00:03:46.92670000000001,,
2,18,6811,806,208,00:03:47.26036666666667,,
2,18,6821,508,208,00:03:47.59403333333333,,
2,18,6832,804,208,00:03:47.96106666666668,,
2,18,6853,806,208,00:03:48.661766666666665,,
2,18,6866,806,208,00:03:49.09553333333332,,
2,18,6879,508,210,00:03:49.529300000000006,B,0
2,19,6892,708,292,00:03:49.96306666666669,,
2,19,6903,776,314,00:03:50.330100000000016,,
2,19,6914,820,302,00:03:50.69713333333334,,
2,19,6925,840,288,00:03:51.064166666666665,,
2,19,6939,754,298,00:03:51.531300000000016,,
2,19,6950,656,202,00:03:51.89833333333334,,
2,19,6961,508,210,00:03:52.265366666666665,,
2,19,6973,546,252,00:03:52.665766666666656,,
2,19,6985,508,210,00:03:53.066166666666646,,
2,19,7015,508,208,00:03:54.06716666666665,,
2,19,7047,520,180,00:03:55.13489999999999,,
2,19,7063,540,182,00:03:55.66876666666667,,
2,19,7076,880,162,00:03:56.10253333333333,,
2,19,7095,882,166,00:03:56.73650000000001,,
2,19,7110,880,164,00:03:57.236999999999995,B,0
2,20,7125,874,176,00:03:57.73750000000001,,
2,20,7138,718,308,00:03:58.17126666666667,,
2,20,7169,856,144,00:03:59.20563333333334,,
2,20,7179,548,210,00:03:59.539300000000026,,
2,20,7193,488,266,00:04:00.006433333333347946,,
2,20,7208,464,310,00:04:00.5069333333333361,,
2,20,7226,532,298,00:04:01.107533333333322,,
2,20,7239,480,298,00:04:01.5413000000000068,,
2,20,7262,482,310,00:04:02.3087333333333504,B,0
2,21,7277,486,284,00:04:02.8092333333333386,,
2,21,7296,508,208,00:04:03.4432000000000187,,
2,21,7306,502,148,00:04:03.7768666666666775,,
2,21,7317,806,208,00:04:04.143900000000002,,
2,21,7327,806,208,00:04:04.477566666666689,,
2,21,7345,806,208,00:04:05.078166666666647,,
2,21,7364,508,208,00:04:05.712133333333327,,
2,21,7375,508,208,00:04:06.0791666666666515,,
2,21,7386,510,208,00:04:06.446200000000005,,
2,21,7400,508,208,00:04:06.913333333333355,,
2,21,7422,508,208,00:04:07.647400000000005,B,0
3,1,7454,508,208,00:04:08.715133333333341,,
3,1,7464,734,236,00:04:09.048800000000028,,
3,1,7476,714,246,00:04:09.449200000000019,,
3,1,7496,508,208,00:04:10.116533333333336,,
3,1,7509,508,208,00:04:10.550300000000021,,
3,1,7519,626,238,00:04:10.88396666666668,,
3,1,7534,508,208,00:04:11.384466666666668,,
3,1,7548,572,310,00:04:11.851600000000019,,
3,1,7559,508,208,00:04:12.218633333333344,,
3,1,7569,508,208,00:04:12.55230000000003,,
3,1,7580,774,144,00:04:12.919333333333356,,
3,1,7593,508,208,00:04:13.353100000000012,A,0
3,2,7611,508,208,00:04:13.953699999999998,,
3,2,7621,508,208,00:04:14.287366666666657,,
3,2,7631,508,208,00:04:14.621033333333315,,
3,2,7643,508,208,00:04:15.021433333333363,,
3,2,7653,508,208,00:04:15.355099999999993,,
3,2,7667,754,300,00:04:15.822233333333344,,
3,2,7679,834,280,00:04:16.222633333333306,,
3,2,7715,806,206,00:04:17.423833333333334,,
3,2,7731,806,206,00:04:17.95769999999999,,
3,2,7741,848,164,00:04:18.291366666666647,,
3,2,7751,508,208,00:04:18.625033333333306,A,0
3,3,7774,508,206,00:04:19.392466666666678,,
3,3,7785,508,206,00:04:19.759500000000003,,
3,3,7796,760,308,00:04:20.126533333333327,,
3,3,7806,882,164,00:04:20.460199999999986,,
3,3,7816,508,206,00:04:20.793866666666645,,
3,3,7826,628,160,00:04:21.127533333333304,,
3,3,7837,508,206,00:04:21.494566666666685,,
3,3,7851,750,304,00:04:21.961700000000008,,
3,3,7861,508,206,00:04:22.295366666666723,,
3,3,7875,508,206,00:04:22.76249999999999,,
3,3,7890,842,308,00:04:23.262999999999977,,
3,3,7909,508,206,00:04:23.896966666666685,,
3,3,7920,508,206,00:04:24.26400000000001,,
3,3,7930,806,206,00:04:24.59766666666667,,
3,3,7943,806,206,00:04:25.031433333333325,A,0
3,4,7959,508,206,00:04:25.56529999999998,,
3,4,7971,508,206,00:04:25.965700000000027,,
3,4,7981,510,270,00:04:26.299366666666685,,
3,4,7991,508,206,00:04:26.633033333333344,,
3,4,8002,468,214,00:04:27.00006666666667,,
3,4,8012,806,208,00:04:27.333733333333328,,
3,4,8024,472,292,00:04:27.734133333333375,,
3,4,8041,806,206,00:04:28.301366666666695,,
3,4,8053,806,206,00:04:28.701766666666686,,
3,4,8064,806,206,00:04:29.06880000000001,,
3,4,8075,508,208,00:04:29.435833333333335,,
3,4,8090,806,206,00:04:29.936333333333323,,
3,4,8100,806,206,00:04:30.269999999999982,A,0
3,5,8130,508,208,00:04:31.271000000000015,,
3,5,8140,508,208,00:04:31.604666666666674,,
3,5,8150,508,206,00:04:31.938333333333333,,
3,5,8163,508,208,00:04:32.37209999999999,,
3,5,8184,806,206,00:04:33.07279999999997,,
3,5,8197,754,238,00:04:33.50656666666663,,
3,5,8214,762,252,00:04:34.073800000000006,,
3,5,8224,680,284,00:04:34.407466666666664,,
3,5,8234,600,254,00:04:34.74113333333338,,
3,5,8244,508,206,00:04:35.07479999999998,,
3,5,8256,508,206,00:04:35.47520000000003,,
3,5,8267,470,312,00:04:35.842233333333354,,
3,5,8277,508,206,00:04:36.17590000000001,,
3,5,8298,680,246,00:04:36.876599999999996,,
3,5,8320,796,154,00:04:37.6106666666667,,
3,5,8332,838,242,00:04:38.011066666666636,A,0
3,6,8354,806,206,00:04:38.74513333333334,,
3,6,8364,598,208,00:04:39.0788,,
3,6,8379,528,258,00:04:39.57929999999999,,
3,6,8390,508,206,00:04:39.946333333333314,,
3,6,8404,508,206,00:04:40.41346666666669,,
3,6,8415,548,214,00:04:40.78050000000002,,
3,6,8434,496,298,00:04:41.41446666666667,,
3,6,8444,518,278,00:04:41.748133333333385,,
3,6,8454,806,206,00:04:42.08179999999999,,
3,6,8465,806,206,00:04:42.44883333333331,,
3,6,8475,508,206,00:04:42.78250000000003,,
3,6,8487,806,206,00:04:43.18290000000002,,
3,6,8498,806,206,00:04:43.54993333333334,A,0
3,7,8531,756,228,00:04:44.65103333333332,,
3,7,8543,778,258,00:04:45.051433333333364,,
3,7,8555,566,150,00:04:45.4518333333333,,
3,7,8565,528,306,00:04:45.78550000000001,,
3,7,8586,806,206,00:04:46.4862,,
3,7,8606,880,128,00:04:47.153533333333314,,
3,7,8625,806,206,00:04:47.78750000000002,,
3,7,8635,806,206,00:04:48.12116666666668,A,0
3,8,8686,508,208,00:04:49.8228666666667,,
3,8,8696,508,208,00:04:50.1565333333333,,
3,8,8713,508,208,00:04:50.72376666666668,,
3,8,8727,508,206,00:04:51.1909,,
3,8,8737,742,236,00:04:51.52456666666666,,
3,8,8757,508,206,00:04:52.19190000000003,,
3,8,8770,508,206,00:04:52.62566666666669,,
3,8,8783,508,206,00:04:53.059433333333345,,
3,8,8800,508,206,00:04:53.626666666666665,,
3,8,8810,580,262,00:04:53.960333333333324,,
3,8,8820,508,208,00:04:54.29399999999998,,
3,8,8831,508,210,00:04:54.66103333333331,,
3,8,8841,508,210,00:04:54.99470000000002,,
3,8,8852,508,210,00:04:55.36173333333335,,
3,8,8862,490,310,00:04:55.69540000000001,,
3,8,8877,508,208,00:04:56.19590000000005,,
3,8,8889,508,208,00:04:56.596299999999985,A,0
3,9,8905,800,318,00:04:57.130166666666696,,
3,9,8917,810,316,00:04:57.53056666666663,,
3,9,8927,508,208,00:04:57.864233333333345,,
3,9,8938,770,304,00:04:58.23126666666667,,
3,9,8996,508,208,00:05:00.16653333333334785,,
3,9,9016,508,208,00:05:00.8338666666667223,,
3,9,9033,508,208,00:05:01.4010999999999854,,
3,9,9051,508,206,00:05:02.001700000000028,,
3,9,9062,508,208,00:05:02.3687333333333527,,
3,9,9072,518,282,00:05:02.7024000000000115,,
3,9,9093,470,342,00:05:03.403099999999995,A,0
3,10,9103,534,262,00:05:03.7367666666666537,,
3,10,9113,508,208,00:05:04.070433333333369,,
3,10,9124,678,244,00:05:04.437466666666694,,
3,10,9134,508,208,00:05:04.771133333333353,,
3,10,9145,772,180,00:05:05.138166666666677,,
3,10,9158,508,208,00:05:05.571933333333334,,
3,10,9168,790,304,00:05:05.905599999999993,,
3,10,9179,508,208,00:05:06.272633333333374,,
3,10,9194,508,208,00:05:06.773133333333362,,
3,10,9205,812,200,00:05:07.140166666666687,,
3,10,9215,812,200,00:05:07.473833333333289,,
3,10,9231,812,200,00:05:08.0077,,
3,10,9241,812,200,00:05:08.341366666666715,,
3,10,9252,788,146,00:05:08.70840000000004,,
3,10,9263,782,172,00:05:09.075433333333365,,
3,10,9274,800,154,00:05:09.44246666666669,,
3,10,9284,772,152,00:05:09.776133333333348,,
3,10,9295,812,200,00:05:10.143166666666673,,
3,10,9305,580,236,00:05:10.476833333333332,A,0
3,11,9319,812,200,00:05:10.943966666666654,,
3,11,9334,812,200,00:05:11.444466666666699,,
3,11,9344,600,210,00:05:11.778133333333358,,
3,11,9355,812,200,00:05:12.145166666666682,,
3,11,9376,812,200,00:05:12.845866666666723,,
3,11,9392,812,200,00:05:13.37973333333332,,
3,11,9407,812,304,00:05:13.880233333333365,,
3,11,9423,812,200,00:05:14.414099999999962,,
3,11,9434,812,200,00:05:14.781133333333344,,
3,11,9445,812,200,00:05:15.148166666666668,,
3,11,9455,812,200,00:05:15.481833333333327,,
3,11,9466,568,240,00:05:15.848866666666709,A,0
3,12,9484,812,200,00:05:16.449466666666694,,
3,12,9494,756,318,00:05:16.783133333333353,,
3,12,9510,812,200,00:05:17.317000000000007,,
3,12,9520,812,200,00:05:17.650666666666666,,
3,12,9540,812,200,00:05:18.317999999999984,,
3,12,9569,812,200,00:05:19.28563333333335,,
3,12,9614,812,200,00:05:20.787133333333372,,
3,12,9625,812,200,00:05:21.154166666666697,B,0
3,13,9636,812,200,00:05:21.52120000000002,,
3,13,9653,812,200,00:05:22.08843333333334,,
3,13,9666,802,154,00:05:22.522199999999998,,
3,13,9678,836,152,00:05:22.92259999999999,,
3,13,9692,812,200,00:05:23.38973333333331,,
3,13,9707,812,200,00:05:23.890233333333356,,
3,13,9725,508,318,00:05:24.49083333333334,,
3,13,9735,488,306,00:05:24.8245,,
3,13,9746,812,200,00:05:25.191533333333325,,
3,13,9758,812,200,00:05:25.591933333333373,,
3,13,9770,812,200,00:05:25.992333333333306,,
3,13,9781,812,200,00:05:26.359366666666688,,
3,13,9792,746,132,00:05:26.726400000000012,B,0
3,14,9811,814,198,00:05:27.36036666666672,,
3,14,9821,548,298,00:05:27.694033333333323,,
3,14,9839,814,198,00:05:28.294633333333365,,
3,14,9856,814,198,00:05:28.861866666666685,,
3,14,9866,758,302,00:05:29.195533333333344,,
3,14,9877,812,200,00:05:29.56256666666667,,
3,14,9897,830,288,00:05:30.229900000000043,,
3,14,9908,812,200,00:05:30.596933333333368,,
3,14,9921,838,224,00:05:31.030700000000024,,
3,14,9931,812,200,00:05:31.364366666666683,,
3,14,9947,812,200,00:05:31.898233333333337,,
3,14,9961,812,200,00:05:32.365366666666716,,
3,14,9973,812,200,00:05:32.76576666666665,,
3,14,9987,760,144,00:05:33.23290000000003,,
3,14,9997,816,236,00:05:33.56656666666663,,
3,14,10007,812,198,00:05:33.90023333333335,B,0
3,15,10024,812,200,00:05:34.46746666666667,,
3,15,10034,812,200,00:05:34.80113333333338,,
3,15,10072,812,200,00:05:36.06906666666663,,
3,15,10088,812,200,00:05:36.60293333333334,,
3,15,10099,812,200,00:05:36.969966666666664,,
3,15,10114,812,200,00:05:37.47046666666665,,
3,15,10131,814,200,00:05:38.03770000000003,,
3,15,10141,816,198,00:05:38.37136666666669,,
3,15,10152,504,200,00:05:38.73840000000001,,
3,15,10162,504,200,00:05:39.07206666666667,B,0
3,16,10175,504,198,00:05:39.50583333333333,,
3,16,10246,812,200,00:05:41.87486666666672,,
3,16,10260,504,200,00:05:42.341999999999985,,
3,16,10270,812,200,00:05:42.6756666666667,,
3,16,10283,812,200,00:05:43.10943333333336,,
3,16,10293,812,200,00:05:43.443100000000015,,
3,16,10303,506,200,00:05:43.776766666666674,,
3,16,10320,504,204,00:05:44.343999999999994,,
3,16,10330,810,206,00:05:44.67766666666671,,
3,16,10343,818,206,00:05:45.111433333333366,,
3,16,10362,818,208,00:05:45.74540000000002,,
3,16,10372,818,206,00:05:46.07906666666668,,
3,16,10382,818,206,00:05:46.412733333333335,,
3,16,10393,818,204,00:05:46.77976666666666,,
3,16,10403,670,212,00:05:47.113433333333376,,
3,16,10414,816,204,00:05:47.4804666666667,,
3,16,10424,670,212,00:05:47.81413333333336,,
3,16,10437,816,204,00:05:48.247900000000016,,
3,16,10448,496,272,00:05:48.61493333333334,,
3,16,10458,560,306,00:05:48.948600000000056,,
3,16,10469,816,204,00:05:49.31563333333338,,
3,16,10481,816,206,00:05:49.716033333333314,,
3,16,10491,496,284,00:05:50.04970000000003,,
3,16,10502,816,204,00:05:50.416733333333354,B,0
3,17,10518,816,204,00:05:50.95060000000001,,
3,17,10528,816,206,00:05:51.28426666666667,,
3,17,10539,788,172,00:05:51.65129999999999,,
3,17,10562,508,198,00:05:52.418733333333364,,
3,17,10572,508,198,00:05:52.75240000000002,,
3,17,10592,508,198,00:05:53.41973333333334,,
3,17,10602,508,198,00:05:53.7534,,
3,17,10612,508,198,00:05:54.08706666666666,,
3,17,10622,508,198,00:05:54.42073333333332,,
3,17,10632,508,198,00:05:54.75440000000003,,
3,17,10644,508,198,00:05:55.154799999999966,,
3,17,10654,508,198,00:05:55.48846666666668,,
3,17,10664,818,198,00:05:55.82213333333334,,
3,17,10674,508,200,00:05:56.1558,,
3,17,10691,482,266,00:05:56.72303333333332,,
3,17,10718,446,212,00:05:57.623933333333355,,
3,17,10733,818,198,00:05:58.12443333333334,,
3,17,10743,506,294,00:05:58.45810000000006,B,0
3,18,10756,818,198,00:05:58.891866666666715,,
3,18,10766,704,312,00:05:59.22553333333332,,
3,18,10776,508,198,00:05:59.55920000000003,,
3,18,10786,750,206,00:05:59.89286666666669,,
3,18,10797,818,198,00:06:00.259900000000016,,
3,18,10809,818,198,00:06:00.6603000000000065,,
3,18,10821,818,198,00:06:01.060699999999997,,
3,18,10848,508,198,00:06:01.9616000000000327,,
3,18,10858,508,198,00:06:02.2952666666666346,,
3,18,10875,508,198,00:06:02.8625000000000114,,
3,18,10885,458,316,00:06:03.19616666666667,,
3,18,10897,508,198,00:06:03.5965666666666607,,
3,18,10907,508,198,00:06:03.9302333333333195,,
3,18,10917,508,198,00:06:04.263900000000035,,
3,18,10930,792,134,00:06:04.6976666666666915,,
3,18,10947,788,282,00:06:05.2649000000000115,,
3,18,10960,508,198,00:06:05.698666666666668,B,0
3,19,10972,808,228,00:06:06.099066666666658,,
3,19,10989,508,198,00:06:06.666299999999978,,
3,19,11015,508,198,00:06:07.533833333333291,,
3,19,11033,508,198,00:06:08.134433333333334,,
3,19,11066,508,198,00:06:09.235533333333308,,
3,19,11078,508,198,00:06:09.635933333333355,,
3,19,11104,508,198,00:06:10.503466666666668,,
3,19,11116,508,198,00:06:10.903866666666715,B,0
3,20,11136,508,198,00:06:11.571200000000033,,
3,20,11146,508,198,00:06:11.904866666666692,,
3,20,11176,646,278,00:06:12.905866666666725,,
3,20,11186,574,250,00:06:13.239533333333327,,
3,20,11196,508,198,00:06:13.573199999999986,,
3,20,11212,458,222,00:06:14.10706666666664,,
3,20,11222,508,198,00:06:14.440733333333355,,
3,20,11232,816,198,00:06:14.774400000000014,,
3,20,11243,536,272,00:06:15.141433333333339,,
3,20,11258,742,280,00:06:15.641933333333327,,
3,20,11279,508,198,00:06:16.342633333333367,,
3,20,11289,508,198,00:06:16.67629999999997,,
3,20,11299,508,198,00:06:17.009966666666685,B,0
3,21,11309,816,198,00:06:17.343633333333344,,
3,21,11323,508,198,00:06:17.810766666666666,,
3,21,11334,774,266,00:06:18.17779999999999,,
3,21,11344,780,252,00:06:18.51146666666665,,
3,21,11362,824,194,00:06:19.112066666666635,,
3,21,11372,508,198,00:06:19.44573333333335,,
3,21,11391,508,198,00:06:20.079700000000003,,
3,21,11401,818,198,00:06:20.413366666666718,,
3,21,11411,818,198,00:06:20.74703333333332,,
3,21,11444,818,198,00:06:21.84813333333335,,
3,21,11455,508,198,00:06:22.215166666666676,,
3,21,11467,506,198,00:06:22.615566666666666,,
3,21,11478,508,200,00:06:22.982600000000048,B,0
3,22,11492,508,200,00:06:23.449733333333313,,
3,22,11504,506,200,00:06:23.85013333333336,,
3,22,11517,814,200,00:06:24.283900000000017,,
3,22,11530,814,200,00:06:24.717666666666673,,
3,22,11543,814,200,00:06:25.15143333333333,,
3,22,11556,578,236,00:06:25.585199999999986,,
3,22,11570,814,200,00:06:26.05233333333331,,
3,22,11580,582,226,00:06:26.386000000000024,,
3,22,11590,814,198,00:06:26.719666666666683,,
3,22,11602,576,152,00:06:27.120066666666673,,
3,22,11612,814,198,00:06:27.453733333333332,,
3,22,11625,506,198,00:06:27.88749999999999,,
3,22,11637,506,198,00:06:28.287900000000036,B,0
3,23,11648,506,198,00:06:28.65493333333336,,
3,23,11658,578,292,00:06:28.98860000000002,,
3,23,11671,506,198,00:06:29.422366666666676,,
3,23,11697,506,198,00:06:30.289900000000046,,
3,23,11707,506,198,00:06:30.623566666666648,,
3,23,11717,740,274,00:06:30.957233333333363,,
3,23,11728,506,198,00:06:31.324266666666688,,
3,23,11749,506,198,00:06:32.02496666666667,,
3,23,11759,816,198,00:06:32.35863333333339,,
3,23,11773,816,198,00:06:32.82576666666665,,
3,23,11783,816,198,00:06:33.15943333333337,,
3,23,11795,744,310,00:06:33.5598333333333,B,0
3,24,11808,814,200,00:06:33.993600000000015,,
3,24,11820,744,314,00:06:34.394000000000005,,
3,24,11831,814,200,00:06:34.76103333333333,,
3,24,11841,814,200,00:06:35.09469999999999,,
3,24,11859,814,200,00:06:35.695299999999975,,
3,24,11869,814,200,00:06:36.02896666666669,,
3,24,11879,814,200,00:06:36.36263333333335,,
3,24,11889,506,202,00:06:36.69630000000001,,
3,24,11915,426,324,00:06:37.56383333333332,,
3,24,11925,814,200,00:06:37.89749999999998,,
3,24,11936,466,294,00:06:38.264533333333304,,
3,24,11949,814,200,00:06:38.69829999999996,,
3,24,11961,814,200,00:06:39.09870000000001,,
3,24,11973,814,200,00:06:39.499100000000055,,
3,24,11985,814,200,00:06:39.89949999999999,,
3,24,11998,814,200,00:06:40.333266666666646,B,0
3,25,12023,814,200,00:06:41.16743333333335,,
3,25,12054,814,200,00:06:42.20179999999999,,
3,25,12064,814,200,00:06:42.53546666666665,,
3,25,12074,814,200,00:06:42.869133333333366,,
3,25,12084,628,220,00:06:43.20279999999997,,
3,25,12094,814,200,00:06:43.53646666666668,,
3,25,12107,814,200,00:06:43.97023333333334,,
3,25,12122,814,200,00:06:44.47073333333333,,
3,25,12140,468,210,00:06:45.071333333333314,,
3,25,12161,538,238,00:06:45.7720333333333,B,0
3,26,12171,814,200,00:06:46.10570000000001,,
3,26,12193,508,202,00:06:46.83976666666666,,
3,26,12203,506,202,00:06:47.17343333333332,,
3,26,12228,506,202,00:06:48.007600000000025,,
3,26,12243,814,200,00:06:48.50810000000001,,
3,26,12254,814,200,00:06:48.87513333333334,,
3,26,12278,814,200,00:06:49.675933333333376,,
3,26,12296,630,290,00:06:50.276533333333305,,
3,26,12317,814,200,00:06:50.977233333333345,,
3,26,12328,814,200,00:06:51.34426666666667,,
3,26,12344,814,200,00:06:51.87813333333338,B,0
3,27,12360,814,200,00:06:52.41199999999998,,
3,27,12382,814,200,00:06:53.14606666666663,,
3,27,12396,814,200,00:06:53.613200000000006,,
3,27,12409,814,200,00:06:54.04696666666666,,
3,27,12440,814,200,00:06:55.081333333333305,,
3,27,12450,814,200,00:06:55.41500000000002,,
3,27,12461,814,200,00:06:55.782033333333345,,
3,27,12471,814,200,00:06:56.115700000000004,,
3,27,12491,820,298,00:06:56.78303333333332,,
3,27,12507,814,200,00:06:57.31690000000003,B,0
3,28,12524,814,200,00:06:57.88413333333335,,
3,28,12536,814,200,00:06:58.28453333333334,,
3,28,12546,814,200,00:06:58.6182,,
3,28,12556,814,200,00:06:58.95186666666672,,
3,28,12567,506,202,00:06:59.31890000000004,,
3,28,12578,506,202,00:06:59.68593333333337,,
3,28,12599,814,200,00:07:00.38663333333335004,,
3,28,12616,814,200,00:07:00.95386666666667,,
3,28,12626,516,306,00:07:01.2875333333333288,,
3,28,12638,814,200,00:07:01.6879333333333761,,
3,28,12648,492,356,00:07:02.021600000000035,,
3,28,12659,588,214,00:07:02.3886333333333596,,
3,28,12670,814,200,00:07:02.7556666666666843,,
3,28,12684,816,200,00:07:03.2228000000000065,,
3,28,12702,816,200,00:07:03.823400000000049,B,0
3,29,12723,816,200,00:07:04.524100000000033,,
3,29,12734,580,306,00:07:04.891133333333357,,
3,29,12746,542,252,00:07:05.291533333333348,,
3,29,12757,526,130,00:07:05.6585666666666725,,
3,29,12783,512,244,00:07:06.526100000000042,,
3,29,12802,540,178,00:07:07.160066666666637,,
3,29,12812,814,200,00:07:07.493733333333353,,
3,29,12822,528,246,00:07:07.8274000000000115,,
3,29,12839,814,200,00:07:08.394633333333388,,
3,29,12852,814,200,00:07:08.828400000000045,,
3,29,12862,720,226,00:07:09.162066666666647,,
3,29,12874,652,134,00:07:09.562466666666694,,
3,29,12886,814,200,00:07:09.962866666666685,B,0
3,30,12909,558,306,00:07:10.7303,,
3,30,12919,516,294,00:07:11.063966666666659,,
3,30,12929,814,200,00:07:11.397633333333374,,
3,30,12939,814,200,00:07:11.731299999999976,,
3,30,12949,814,200,00:07:12.064966666666692,,
3,30,12963,816,200,00:07:12.532100000000014,,
3,30,12991,814,228,00:07:13.466366666666715,,
3,30,13005,844,220,00:07:13.933499999999981,,
3,30,13015,508,202,00:07:14.267166666666697,,
3,30,13027,508,202,00:07:14.66756666666663,,
3,30,13082,814,200,00:07:16.50273333333331,B,0
3,31,13109,814,200,00:07:17.403633333333346,,
3,31,13157,814,200,00:07:19.005233333333365,,
3,31,13169,814,200,00:07:19.405633333333355,,
3,31,13191,584,312,00:07:20.139700000000005,,
3,31,13201,814,200,00:07:20.47336666666672,,
3,31,13214,814,200,00:07:20.907133333333377,,
3,31,13249,814,200,00:07:22.074966666666683,B,0
3,32,13273,814,200,00:07:22.875766666666664,,
3,32,13323,814,200,00:07:24.544100000000014,,
3,32,13341,814,200,00:07:25.1447,,
3,32,13381,814,200,00:07:26.479366666666692,,
3,32,13391,814,200,00:07:26.81303333333335,,
3,32,13403,814,200,00:07:27.21343333333334,,
3,32,13413,740,144,00:07:27.547100000000057,,
3,32,13423,814,200,00:07:27.88076666666666,,
3,32,13436,814,200,00:07:28.314533333333316,B,0
4,1,13459,814,200,00:07:29.081966666666688,,
4,1,13469,560,302,00:07:29.415633333333346,,
4,1,13479,502,280,00:07:29.749300000000005,,
4,1,13489,512,260,00:07:30.082966666666664,,
4,1,13499,490,142,00:07:30.41663333333338,,
4,1,13509,516,298,00:07:30.75029999999998,,
4,1,13519,522,306,00:07:31.083966666666697,,
4,1,13536,814,200,00:07:31.651200000000017,,
4,1,13546,814,200,00:07:31.984866666666676,,
4,1,13556,488,172,00:07:32.318533333333335,,
4,1,13569,814,200,00:07:32.75229999999999,,
4,1,13617,814,200,00:07:34.35390000000001,B,0
4,2,13651,814,200,00:07:35.48836666666671,,
4,2,13666,814,200,00:07:35.988866666666695,,
4,2,13688,610,268,00:07:36.722933333333344,,
4,2,13703,814,200,00:07:37.22343333333333,,
4,2,13713,652,230,00:07:37.55710000000005,,
4,2,13733,814,200,00:07:38.224433333333366,,
4,2,13743,814,200,00:07:38.558100000000024,,
4,2,13754,902,170,00:07:38.92513333333335,,
4,2,13765,786,284,00:07:39.292166666666674,,
4,2,13775,772,278,00:07:39.62583333333333,,
4,2,13785,898,172,00:07:39.95949999999999,,
4,2,13797,874,172,00:07:40.35990000000004,,
4,2,13807,722,296,00:07:40.69356666666664,,
4,2,13817,846,170,00:07:41.027233333333356,,
4,2,13827,658,266,00:07:41.360900000000015,,
4,2,13837,590,250,00:07:41.694566666666674,,
4,2,13847,752,170,00:07:42.02823333333333,,
4,2,13858,784,170,00:07:42.39526666666666,,
4,2,13868,790,174,00:07:42.72893333333337,,
4,2,13878,576,222,00:07:43.06260000000003,,
4,2,13888,814,200,00:07:43.39626666666669,B,0
4,3,13914,814,200,00:07:44.2638,,
4,3,13924,814,200,00:07:44.59746666666666,,
4,3,13934,612,244,00:07:44.93113333333338,,
4,3,13944,586,168,00:07:45.26479999999998,,
4,3,13954,772,268,00:07:45.598466666666695,,
4,3,13968,814,200,00:07:46.06560000000002,,
4,3,13983,814,200,00:07:46.56610000000006,,
4,3,13993,814,200,00:07:46.899766666666665,,
4,3,14003,484,170,00:07:47.23343333333332,,
4,3,14014,794,208,00:07:47.60046666666665,,
4,3,14026,814,200,00:07:48.000866666666695,,
4,3,14037,814,200,00:07:48.36790000000002,,
4,3,14047,562,292,00:07:48.70156666666668,B,0
4,4,14057,528,292,00:07:49.03523333333334,,
4,4,14067,814,200,00:07:49.3689,,
4,4,14091,814,200,00:07:50.169700000000034,,
4,4,14101,546,294,00:07:50.50336666666669,,
4,4,14111,564,246,00:07:50.83703333333335,,
4,4,14121,814,200,00:07:51.17070000000001,,
4,4,14146,814,200,00:07:52.004866666666715,,
4,4,14156,814,200,00:07:52.33853333333332,,
4,4,14166,814,200,00:07:52.67220000000003,,
4,4,14176,718,224,00:07:53.00586666666669,,
4,4,14192,814,200,00:07:53.539733333333345,,
4,4,14206,814,200,00:07:54.006866666666724,,
4,4,14216,892,316,00:07:54.340533333333326,B,0
4,5,14241,656,162,00:07:55.17470000000003,,
4,5,14251,506,200,00:07:55.50836666666669,,
4,5,14262,506,200,00:07:55.87540000000001,,
4,5,14280,814,200,00:07:56.476,,
4,5,14290,814,200,00:07:56.80966666666666,,
4,5,14308,614,284,00:07:57.410266666666644,,
4,5,14318,678,282,00:07:57.74393333333336,,
4,5,14328,814,200,00:07:58.07760000000002,,
4,5,14343,814,200,00:07:58.57810000000006,,
4,5,14356,814,200,00:07:59.01186666666672,,
4,5,14381,814,200,00:07:59.84603333333331,B,0
4,6,14391,814,200,00:08:00.17970000000002528,,
4,6,14401,814,200,00:08:00.5133666666666841,,
4,6,14411,798,296,00:08:00.8470333333333429,,
4,6,14429,812,302,00:08:01.4476333333333855,,
4,6,14443,772,182,00:08:01.914766666666651,,
4,6,14468,814,200,00:08:02.7489333333333548,,
4,6,14488,814,200,00:08:03.4162666666666723,,
4,6,14498,814,200,00:08:03.749933333333331,,
4,6,14509,814,200,00:08:04.116966666666656,,
4,6,14522,814,200,00:08:04.550733333333312,,
4,6,14533,834,146,00:08:04.917766666666637,,
4,6,14543,816,200,00:08:05.2514333333333525,,
4,6,14554,818,200,00:08:05.618466666666677,,
4,6,14564,750,250,00:08:05.952133333333336,,
4,6,14575,818,200,00:08:06.319166666666661,,
4,6,14585,508,202,00:08:06.652833333333319,B,0
4,7,14623,818,200,00:08:07.92076666666668,,
4,7,14638,816,200,00:08:08.421266666666668,,
4,7,14657,514,174,00:08:09.05523333333332,,
4,7,14667,494,172,00:08:09.388900000000035,,
4,7,14677,578,140,00:08:09.722566666666637,,
4,7,14688,450,174,00:08:10.089600000000019,,
4,7,14698,570,168,00:08:10.423266666666677,,
4,7,14715,602,256,00:08:10.990499999999997,,
4,7,14732,814,200,00:08:11.557733333333317,,
4,7,14742,814,200,00:08:11.891400000000033,,
4,7,14752,518,246,00:08:12.225066666666635,,
4,7,14772,576,244,00:08:12.89240000000001,B,0
4,8,14791,814,200,00:08:13.526366666666718,,
4,8,14801,512,272,00:08:13.86003333333332,,
4,8,14811,476,324,00:08:14.193700000000035,,
4,8,14821,814,200,00:08:14.527366666666694,,
4,8,14832,470,204,00:08:14.894400000000019,,
4,8,14845,578,238,00:08:15.328166666666675,,
4,8,14856,814,200,00:08:15.6952,,
4,8,14866,814,200,00:08:16.028866666666715,,
4,8,14876,498,298,00:08:16.362533333333317,,
4,8,14886,814,200,00:08:16.696200000000033,,
4,8,14905,814,200,00:08:17.330166666666685,,
4,8,14916,524,246,00:08:17.69720000000001,,
4,8,14927,814,200,00:08:18.064233333333334,,
4,8,14937,506,202,00:08:18.39790000000005,B,0
4,9,14947,632,290,00:08:18.73156666666665,,
4,9,14957,506,202,00:08:19.06523333333331,,
4,9,14967,814,200,00:08:19.398900000000026,,
4,9,14978,814,200,00:08:19.76593333333335,,
4,9,14995,814,200,00:08:20.33316666666667,,
4,9,15005,814,200,00:08:20.66683333333333,,
4,9,15026,814,200,00:08:21.367533333333313,,
4,9,15036,814,200,00:08:21.70120000000003,,
4,9,15055,506,202,00:08:22.33516666666668,,
4,9,15066,630,294,00:08:22.702200000000005,,
4,9,15092,658,282,00:08:23.569733333333318,,
4,9,15102,506,202,00:08:23.903400000000033,,
4,9,15112,814,200,00:08:24.237066666666635,,
4,9,15123,814,200,00:08:24.604100000000017,,
4,9,15133,536,290,00:08:24.937766666666676,,
4,9,15145,566,288,00:08:25.338166666666666,,
4,9,15155,506,202,00:08:25.671833333333325,B,0
4,10,15171,814,200,00:08:26.205700000000036,,
4,10,15182,814,200,00:08:26.57273333333336,,
4,10,15192,814,200,00:08:26.90640000000002,,
4,10,15207,506,320,00:08:27.406900000000007,,
4,10,15217,596,292,00:08:27.740566666666666,,
4,10,15227,814,200,00:08:28.074233333333325,,
4,10,15240,814,200,00:08:28.50799999999998,,
4,10,15252,814,200,00:08:28.90840000000003,,
4,10,15266,620,250,00:08:29.37553333333335,,
4,10,15282,814,200,00:08:29.909400000000005,,
4,10,15295,814,200,00:08:30.34316666666666,,
4,10,15307,814,200,00:08:30.743566666666652,,
4,10,15330,814,200,00:08:31.511000000000024,,
4,10,15340,758,276,00:08:31.844666666666683,,
4,10,15350,814,200,00:08:32.178333333333285,,
4,10,15360,700,272,00:08:32.511999999999944,,
4,10,15377,814,200,00:08:33.07923333333338,,
4,10,15387,536,172,00:08:33.412900000000036,,
4,10,15397,526,222,00:08:33.746566666666695,,
4,10,15409,814,200,00:08:34.146966666666685,,
4,10,15419,814,200,00:08:34.480633333333344,,
4,10,15429,564,186,00:08:34.8143,,
4,10,15439,814,200,00:08:35.14796666666666,,
4,10,15449,814,200,00:08:35.48163333333332,B,0
4,11,15463,506,202,00:08:35.94876666666664,,
4,11,15473,506,202,00:08:36.2824333333333,,
4,11,15483,814,202,00:08:36.616100000000074,,
4,11,15500,506,202,00:08:37.18333333333328,,
4,11,15510,506,202,00:08:37.51700000000005,,
4,11,15521,506,202,00:08:37.88403333333338,,
4,11,15533,602,302,00:08:38.28443333333337,,
4,11,15543,814,200,00:08:38.61810000000003,,
4,11,15555,814,200,00:08:39.01850000000002,,
4,11,15566,814,200,00:08:39.38553333333334,,
4,11,15593,506,202,00:08:40.28643333333332,,
4,11,15605,552,296,00:08:40.68683333333331,,
4,11,15618,814,200,00:08:41.12060000000008,,
4,11,15628,498,230,00:08:41.454266666666626,,
4,11,15641,510,294,00:08:41.88803333333328,B,0
4,12,15653,814,200,00:08:42.28843333333339,,
4,12,15670,814,200,00:08:42.85566666666671,,
4,12,15680,506,202,00:08:43.189333333333366,,
4,12,15695,616,250,00:08:43.689833333333354,,
4,12,15708,622,154,00:08:44.12360000000001,,
4,12,15750,814,200,00:08:45.52499999999998,,
4,12,15765,814,200,00:08:46.025499999999965,,
4,12,15775,568,284,00:08:46.359166666666624,,
4,12,15786,814,200,00:08:46.72619999999995,,
4,12,15809,454,298,00:08:47.493633333333264,,
4,12,15823,488,294,00:08:47.9607666666667,,
4,12,15833,480,278,00:08:48.29443333333336,B,0
4,13,15847,814,200,00:08:48.76156666666668,,
4,13,15859,814,200,00:08:49.16196666666667,,
4,13,15869,814,200,00:08:49.49563333333333,,
4,13,15879,502,174,00:08:49.8293000000001,,
4,13,15913,814,200,00:08:50.96376666666674,,
4,13,15925,814,200,00:08:51.36416666666662,,
4,13,15941,814,200,00:08:51.898033333333274,,
4,13,15960,814,200,00:08:52.53200000000004,,
4,13,15979,814,200,00:08:53.16596666666669,,
4,13,16013,708,286,00:08:54.30043333333333,B,0
4,14,16023,594,290,00:08:54.63409999999999,,
4,14,16034,534,302,00:08:55.001133333333314,,
4,14,16044,814,200,00:08:55.33480000000009,,
4,14,16060,814,200,00:08:55.86866666666663,,
4,14,16095,814,200,00:08:57.036500000000046,,
4,14,16134,814,200,00:08:58.337800000000016,,
4,14,16144,814,200,00:08:58.671466666666674,,
4,14,16154,814,200,00:08:59.00513333333333,,
4,14,16200,814,200,00:09:00.5399999999999636,B,0
4,15,16219,814,200,00:09:01.173966666666729,,
4,15,16253,814,200,00:09:02.308433333333369,,
4,15,16270,816,200,00:09:02.875666666666575,,
4,15,16280,816,200,00:09:03.2093333333333476,,
4,15,16290,816,200,00:09:03.5430000000000064,,
4,15,16301,762,286,00:09:03.910033333333331,,
4,15,16312,816,200,00:09:04.277066666666656,,
4,15,16322,816,200,00:09:04.610733333333428,,
4,15,16332,650,234,00:09:04.944399999999973,,
4,15,16342,722,152,00:09:05.278066666666632,,
4,15,16355,508,202,00:09:05.711833333333402,B,0
4,16,16371,816,200,00:09:06.2456999999999425,,
4,16,16390,504,290,00:09:06.879666666666594,,
4,16,16401,816,200,00:09:07.246699999999919,,
4,16,16411,816,200,00:09:07.580366666666691,,
4,16,16439,816,200,00:09:08.514633333333336,,
4,16,16465,816,198,00:09:09.382166666666649,,
4,16,16475,506,202,00:09:09.715833333333421,,
4,16,16531,642,264,00:09:11.58436666666671,B,0
4,17,16549,814,200,00:09:12.184966666666696,,
4,17,16609,814,200,00:09:14.186966666666649,,
4,17,16629,814,200,00:09:14.85430000000008,,
4,17,16650,814,200,00:09:15.55499999999995,,
4,17,16671,814,200,00:09:16.255699999999933,,
4,17,16681,814,200,00:09:16.589366666666706,B,0
4,18,16702,814,200,00:09:17.29006666666669,,
4,18,16726,814,200,00:09:18.09086666666667,,
4,18,16764,814,200,00:09:19.358800000000087,,
4,18,16801,706,298,00:09:20.593366666666725,,
4,18,16811,814,200,00:09:20.92703333333327,,
4,18,16824,822,252,00:09:21.36080000000004,,
4,18,16841,814,200,00:09:21.92803333333336,,
4,18,16851,814,200,00:09:22.261699999999905,B,0
4,19,16886,814,200,00:09:23.429533333333325,,
4,19,16915,814,200,00:09:24.397166666666635,,
4,19,16928,814,200,00:09:24.830933333333405,,
4,19,16944,814,200,00:09:25.36480000000006,,
4,19,16954,814,200,00:09:25.698466666666718,,
4,19,16965,814,200,00:09:26.065500000000043,,
4,19,17033,814,200,00:09:28.334433333333322,,
4,19,17043,814,200,00:09:28.66809999999998,B,0
4,20,17053,814,200,00:09:29.001766666666754,,
4,20,17073,814,200,00:09:29.669099999999958,,
4,20,17089,814,200,00:09:30.202966666666725,,
4,20,17103,814,200,00:09:30.670099999999934,,
4,20,17159,814,200,00:09:32.53863333333334,,
4,20,17199,814,200,00:09:33.873300000000086,B,0
4,21,17216,814,200,00:09:34.44053333333329,,
4,21,17226,814,200,00:09:34.77419999999995,,
4,21,17247,472,294,00:09:35.47490000000005,,
4,21,17257,814,200,00:09:35.80856666666671,,
4,21,17271,814,200,00:09:36.275699999999915,,
4,21,17284,814,200,00:09:36.709466666666685,,
4,21,17305,814,200,00:09:37.41016666666667,,
4,21,17323,814,200,00:09:38.01076666666677,,
4,21,17333,546,292,00:09:38.34443333333331,,
4,21,17343,814,200,00:09:38.67809999999997,,
4,21,17362,814,200,00:09:39.312066666666624,,
4,21,17375,734,286,00:09:39.745833333333394,B,0
5,1,17393,814,200,00:09:40.34643333333338,,
5,1,17415,622,246,00:09:41.08050000000003,,
5,1,17425,742,184,00:09:41.414166666666574,,
5,1,17435,508,202,00:09:41.74783333333335,,
5,1,17464,814,200,00:09:42.71546666666666,,
5,1,17478,814,200,00:09:43.18259999999998,,
5,1,17488,506,288,00:09:43.51626666666675,,
5,1,17529,814,200,00:09:44.88430000000005,A,0
5,2,17544,814,200,00:09:45.38480000000004,,
5,2,17554,814,200,00:09:45.7184666666667,,
5,2,17565,814,200,00:09:46.085500000000025,,
5,2,17575,814,200,00:09:46.41916666666668,,
5,2,17614,814,200,00:09:47.72046666666665,,
5,2,17629,814,200,00:09:48.22096666666664,,
5,2,17641,498,298,00:09:48.621366666666745,,
5,2,17670,814,200,00:09:49.589000000000055,,
5,2,17708,814,200,00:09:50.85693333333336,A,0
5,3,17725,814,200,00:09:51.42416666666668,,
5,3,17736,814,200,00:09:51.7912,,
5,3,17796,814,200,00:09:53.793199999999956,,
5,3,17824,814,200,00:09:54.727466666666714,,
5,3,17847,814,200,00:09:55.49490000000003,,
5,3,17871,814,200,00:09:56.2956999999999,A,0
5,4,17903,814,200,00:09:57.36343333333332,,
5,4,17913,868,308,00:09:57.69709999999998,,
5,4,17923,814,200,00:09:58.03076666666675,,
5,4,17933,802,300,00:09:58.364433333333295,,
5,4,17949,654,286,00:09:58.89830000000006,,
5,4,17973,526,294,00:09:59.69909999999993,,
5,4,17984,814,200,00:10:00.066133333333255,,
5,4,18000,814,200,00:10:00.6000000000000227,,
5,4,18012,530,284,00:10:01.0004000000000133,,
5,4,18024,814,200,00:10:01.4008000000000038,,
5,4,18034,814,200,00:10:01.7344666666666626,A,0
5,5,18053,590,216,00:10:02.3684333333333143,,
5,5,18066,814,200,00:10:02.8021999999999707,,
5,5,18079,816,200,00:10:03.235966666666627,,
5,5,18089,768,236,00:10:03.569633333333286,,
5,5,18099,816,260,00:10:03.9033000000000584,,
5,5,18109,814,200,00:10:04.236966666666717,,
5,5,18120,848,228,00:10:04.604000000000042,,
5,5,18132,790,172,00:10:05.004400000000032,,
5,5,18142,762,158,00:10:05.338066666666691,,
5,5,18153,752,152,00:10:05.705100000000016,,
5,5,18163,508,202,00:10:06.038766666666675,,
5,5,18174,508,202,00:10:06.405799999999999,,
5,5,18185,508,202,00:10:06.772833333333324,,
5,5,18195,882,236,00:10:07.106499999999983,,
5,5,18206,508,202,00:10:07.473533333333307,,
5,5,18217,812,200,00:10:07.840566666666632,,
5,5,18228,508,202,00:10:08.207599999999957,,
5,5,18238,644,142,00:10:08.54126666666673,A,0
