hit_direct,hit_distance,hit_height,landing_direct,landing_distance,landing_height,x_direct,x_distance,y_direct,y_distance,velocity,ball_type
2,3,0,2,3,0,0,0,0,0,0.28,unknown
2,3,0,2,3,0,0,0,0,0,0.0,unknown
2,3,0,2,3,0,0,0,0,0,22.006,unknown
2,3,0,2,2,0,0,0,0,0,0.0,unknown
2,2,0,2,1,0,0,0,0,0,25.756999999999998,unknown
2,1,0,2,3,0,0,0,0,0,13.578,unknown
2,3,0,2,3,0,0,0,0,0,56.474,unknown
2,3,0,2,2,0,0,0,0,0,0.0,unknown
2,2,0,1,2,0,0,0,0,0,30.96,unknown
3,2,0,2,3,0,0,0,0,0,16.177,unknown
2,3,0,2,2,0,0,0,0,0,13.282,unknown
2,2,0,2,2,0,0,0,0,0,18.769000000000002,unknown
2,2,0,2,3,0,0,0,0,0,7.153,unknown
2,3,0,2,3,0,0,0,0,0,30.479,unknown
2,3,0,2,3,0,0,0,0,0,0.0,unknown
2,3,0,2,3,0,0,0,0,0,0.198,unknown
2,3,0,2,3,0,0,0,0,0,28.959,unknown
2,3,0,0,2,0,0,0,0,0,28.84,unknown
4,2,0,1,2,0,0,0,0,0,0.257,unknown
3,2,0,2,3,0,0,0,0,0,43.917,unknown
2,3,0,2,3,0,0,0,0,0,26.587,unknown
2,3,0,2,1,0,0,0,0,0,7.915,unknown
2,1,0,2,3,0,0,0,0,0,0.0,unknown
2,3,0,2,3,0,0,0,0,0,30.85,unknown
2,3,0,2,3,0,0,0,0,0,20.627,unknown
2,3,0,2,1,0,0,0,0,0,0.0,unknown
2,1,0,2,3,0,0,0,0,0,0.0,unknown
2,3,0,2,3,0,0,0,0,0,0.0,unknown
2,3,0,2,3,0,0,0,0,0,69.376,unknown
2,3,0,2,3,0,0,0,0,0,49.555,unknown
2,3,0,2,2,0,0,0,0,0,0.0,unknown
2,2,0,2,3,0,0,0,0,0,0.308,unknown
2,3,0,2,2,0,0,0,0,0,0.0,unknown
2,2,0,2,2,0,0,0,0,0,27.19,unknown
2,2,0,2,2,0,0,0,0,0,16.008,unknown
2,2,0,0,2,0,0,0,0,0,12.61,unknown
4,2,0,2,2,0,0,0,0,0,7.8389999999999995,unknown
2,2,0,2,3,0,0,0,0,0,5.0089999999999995,unknown
2,2,0,2,2,0,0,0,0,0,28.226,unknown
2,2,0,2,3,0,0,0,0,0,35.924,unknown
2,3,0,2,2,0,0,0,0,0,15.829,unknown
2,2,0,2,2,0,0,0,0,0,0.0,unknown
2,2,0,2,2,0,0,0,0,0,0.0,unknown
2,2,0,1,1,0,0,0,0,0,16.172,unknown
3,1,0,2,1,0,0,0,0,0,16.825,unknown
2,1,0,2,1,0,0,0,0,0,8.255,unknown
2,1,0,2,1,0,0,0,0,0,4.977,unknown
2,1,0,2,1,0,0,0,0,0,17.647000000000002,unknown
2,1,0,2,1,0,0,0,0,0,7.359,unknown
2,2,0,2,2,0,0,0,0,0,7.8,unknown
2,2,0,2,2,0,0,0,0,0,11.192,unknown
2,2,0,2,2,0,0,0,0,0,5.64,unknown
2,2,0,2,3,0,0,0,0,0,8.323,unknown
2,3,0,2,2,0,0,0,0,0,0.0,unknown
2,2,0,2,2,0,0,0,0,0,0.077,unknown
2,2,0,2,3,0,0,0,0,0,0.237,unknown
2,3,0,2,2,0,0,0,0,0,0.436,unknown
2,2,0,2,1,0,0,0,0,0,15.829,unknown
2,2,0,2,2,0,0,0,0,0,12.144,unknown
2,2,0,2,3,0,0,0,0,0,0.20600000000000002,unknown
2,3,0,2,3,0,0,0,0,0,9.439,unknown
2,3,0,2,2,0,0,0,0,0,25.101999999999997,unknown
2,2,0,2,1,0,0,0,0,0,15.700999999999999,unknown
2,1,0,2,2,0,0,0,0,0,0.0,unknown
2,2,0,2,2,0,0,0,0,0,19.423,unknown
2,2,0,2,2,0,0,0,0,0,5.485,unknown
2,2,0,2,3,0,0,0,0,0,0.308,unknown
2,3,0,2,3,0,0,0,0,0,17.817999999999998,unknown
2,3,0,0,2,0,0,0,0,0,30.208000000000002,unknown
4,2,0,2,2,0,0,0,0,0,22.421,unknown
2,2,0,2,2,0,0,0,0,0,11.517999999999999,unknown
2,2,0,2,3,0,0,0,0,0,7.925,unknown
2,3,0,2,3,0,0,0,0,0,7.657,unknown
2,3,0,2,2,0,0,0,0,0,7.456,unknown
2,2,0,2,2,0,0,0,0,0,26.059,unknown
2,2,0,2,3,0,0,0,0,0,25.759,unknown
2,3,0,2,3,0,0,0,0,0,9.426,unknown
2,3,0,2,2,0,0,0,0,0,0.0,unknown
2,2,0,2,3,0,0,0,0,0,8.867,unknown
2,3,0,2,3,0,0,0,0,0,12.373,unknown
2,3,0,2,3,0,0,0,0,0,14.179,unknown
2,3,0,2,3,0,0,0,0,0,1.01,unknown
2,3,0,2,3,0,0,0,0,0,15.298,unknown
2,3,0,2,3,0,0,0,0,0,14.832,unknown
2,3,0,2,2,0,0,0,0,0,19.791,unknown
2,2,0,2,2,0,0,0,0,0,18.195,unknown
2,2,0,2,1,0,0,0,0,0,0.0,unknown
2,1,0,2,3,0,0,0,0,0,0.162,unknown
2,3,0,2,3,0,0,0,0,0,0.0,unknown
2,3,0,1,2,0,0,0,0,0,0.11,unknown
3,2,0,2,2,0,0,0,0,0,0.0,unknown
2,2,0,2,2,0,0,0,0,0,0.193,unknown
2,2,0,2,2,0,0,0,0,0,14.572000000000001,unknown
2,2,0,2,1,0,0,0,0,0,12.48,unknown
2,1,0,2,3,0,0,0,0,0,15.322000000000001,unknown
2,3,0,2,1,0,0,0,0,0,35.353,unknown
2,1,0,2,2,0,0,0,0,0,0.0,unknown
2,2,0,2,2,0,0,0,0,0,7.527,unknown
2,2,0,2,1,0,0,0,0,0,24.160999999999998,unknown
2,1,0,2,2,0,0,0,0,0,4.019,unknown
2,2,0,2,2,0,0,0,0,0,16.139,unknown
2,2,0,2,2,0,0,0,0,0,16.442,unknown
2,2,0,2,1,0,0,0,0,0,0.0,unknown
2,1,0,2,1,0,0,0,0,0,61.233999999999995,unknown
2,1,0,2,1,0,0,0,0,0,20.926,unknown
2,1,0,2,2,0,0,0,0,0,16.297,unknown
2,2,0,2,1,0,0,0,0,0,0.136,unknown
2,1,0,2,1,0,0,0,0,0,33.398,unknown
2,1,0,2,1,0,0,0,0,0,15.880999999999998,unknown
2,1,0,2,2,0,0,0,0,0,5.602,unknown
2,2,0,2,1,0,0,0,0,0,11.204,unknown
2,1,0,2,2,0,0,0,0,0,0.0,unknown
2,2,0,2,2,0,0,0,0,0,37.305,unknown
2,2,0,2,2,0,0,0,0,0,17.362000000000002,unknown
2,2,0,2,1,0,0,0,0,0,4.902,unknown
2,1,0,2,2,0,0,0,0,0,29.570999999999998,unknown
2,2,0,2,1,0,0,0,0,0,29.018,unknown
2,1,0,2,2,0,0,0,0,0,4.499,unknown
2,2,0,2,2,0,0,0,0,0,6.308,unknown
2,2,0,2,2,0,0,0,0,0,12.937999999999999,unknown
2,2,0,2,2,0,0,0,0,0,19.413,unknown
2,2,0,2,2,0,0,0,0,0,0.0,unknown
2,2,0,2,2,0,0,0,0,0,26.605,unknown
2,2,0,2,2,0,0,0,0,0,0.0,unknown
2,2,0,2,2,0,0,0,0,0,0.28,unknown
4,1,0,2,1,0,0,0,0,0,31.848000000000003,unknown
2,1,0,2,1,0,0,0,0,0,38.217,unknown
2,1,0,2,1,0,0,0,0,0,21.608,unknown
2,1,0,2,1,0,0,0,0,0,0.0,unknown
2,1,0,2,1,0,0,0,0,0,16.599,unknown
2,1,0,2,1,0,0,0,0,0,0.0,unknown
2,1,0,2,1,0,0,0,0,0,3.7880000000000003,unknown
2,1,0,2,1,0,0,0,0,0,7.223,unknown
2,1,0,2,1,0,0,0,0,0,0.29100000000000004,unknown
2,1,0,2,2,0,0,0,0,0,0.308,unknown
2,2,0,2,2,0,0,0,0,0,0.11800000000000001,unknown
2,2,0,2,2,0,0,0,0,0,0.257,unknown
2,1,0,2,2,0,0,0,0,0,0.0,unknown
2,2,0,2,2,0,0,0,0,0,6.068,unknown
2,2,0,2,2,0,0,0,0,0,14.352,unknown
2,2,0,2,1,0,0,0,0,0,1.723,unknown
2,1,0,2,1,0,0,0,0,0,7.456,unknown
2,1,0,2,1,0,0,0,0,0,7.117000000000001,unknown
2,1,0,2,1,0,0,0,0,0,0.0,unknown
2,1,0,2,1,0,0,0,0,0,1.453,unknown
2,1,0,2,1,0,0,0,0,0,1.453,unknown
2,1,0,3,1,0,0,0,0,0,9.351,unknown
2,2,0,2,2,0,0,0,0,0,6.176,unknown
2,2,0,2,2,0,0,0,0,0,11.043,unknown
2,2,0,2,2,0,0,0,0,0,6.517,unknown
2,2,0,1,1,0,0,0,0,0,1.9269999999999998,unknown
3,1,0,2,1,0,0,0,0,0,0.0,unknown
2,1,0,2,1,0,0,0,0,0,4.896,unknown
2,1,0,2,1,0,0,0,0,0,10.057,unknown
2,1,0,2,3,0,0,0,0,0,9.997,unknown
2,3,0,2,1,0,0,0,0,0,17.412,unknown
2,1,0,2,1,0,0,0,0,0,17.157,unknown
2,1,0,2,1,0,0,0,0,0,8.099,unknown
2,1,0,2,1,0,0,0,0,0,2.519,unknown
2,1,0,2,1,0,0,0,0,0,5.2010000000000005,unknown
2,1,0,2,1,0,0,0,0,0,6.933,unknown
2,1,0,2,2,0,0,0,0,0,10.280999999999999,unknown
2,2,0,1,3,0,0,0,0,0,0.0,unknown
3,3,0,2,2,0,0,0,0,0,0.6609999999999999,unknown
2,2,0,2,2,0,0,0,0,0,1.17,unknown
2,2,0,2,2,0,0,0,0,0,4.873,unknown
2,2,0,2,1,0,0,0,0,0,20.605999999999998,unknown
2,1,0,2,2,0,0,0,0,0,6.165,unknown
2,2,0,0,2,0,0,0,0,0,3.5780000000000003,unknown
4,2,0,2,1,0,0,0,0,0,1.589,unknown
2,1,0,2,1,0,0,0,0,0,45.619,unknown
2,1,0,2,1,0,0,0,0,0,23.596,unknown
2,1,0,2,1,0,0,0,0,0,11.520999999999999,unknown
2,1,0,2,2,0,0,0,0,0,2.207,unknown
2,2,0,2,2,0,0,0,0,0,0.0,unknown
2,2,0,2,2,0,0,0,0,0,8.701,unknown
2,2,0,2,2,0,0,0,0,0,1.615,unknown
2,2,0,2,2,0,0,0,0,0,7.968,unknown
2,2,0,2,3,0,0,0,0,0,35.353,unknown
2,3,0,2,2,0,0,0,0,0,11.664000000000001,unknown
2,2,0,2,2,0,0,0,0,0,13.52,unknown
2,2,0,1,1,0,0,0,0,0,0.0,unknown
4,2,0,2,1,0,0,0,0,0,0.0,unknown
2,1,0,2,2,0,0,0,0,0,0.0,unknown
2,2,0,2,1,0,0,0,0,0,32.769,unknown
2,1,0,2,1,0,0,0,0,0,22.035999999999998,unknown
2,1,0,2,1,0,0,0,0,0,30.416999999999998,unknown
2,1,0,2,2,0,0,0,0,0,30.406999999999996,unknown
2,2,0,2,2,0,0,0,0,0,11.415,unknown
2,2,0,2,2,0,0,0,0,0,10.947000000000001,unknown
2,2,0,2,2,0,0,0,0,0,8.977,unknown
2,2,0,2,2,0,0,0,0,0,20.044,unknown
2,2,0,2,2,0,0,0,0,0,0.0,unknown
2,2,0,2,2,0,0,0,0,0,1.777,unknown
2,2,0,2,2,0,0,0,0,0,17.396,unknown
2,2,0,2,3,0,0,0,0,0,11.949000000000002,unknown
2,2,0,2,1,0,0,0,0,0,0.10300000000000001,unknown
2,1,0,2,3,0,0,0,0,0,17.046,unknown
2,3,0,2,3,0,0,0,0,0,12.126,unknown
2,3,0,0,2,0,0,0,0,0,11.815,unknown
4,2,0,0,2,0,0,0,0,0,44.78,unknown
4,2,0,0,1,0,0,0,0,0,0.0,unknown
4,1,0,1,2,0,0,0,0,0,22.046,unknown
3,2,0,1,2,0,0,0,0,0,13.857000000000001,unknown
3,2,0,2,2,0,0,0,0,0,24.619,unknown
2,2,0,2,2,0,0,0,0,0,7.287999999999999,unknown
2,2,0,2,1,0,0,0,0,0,0.0,unknown
2,1,0,2,1,0,0,0,0,0,1.264,unknown
2,1,0,2,2,0,0,0,0,0,10.672,unknown
2,2,0,2,2,0,0,0,0,0,9.978,unknown
2,2,0,2,2,0,0,0,0,0,14.138,unknown
2,2,0,2,2,0,0,0,0,0,5.438,unknown
2,2,0,2,1,0,0,0,0,0,2.274,unknown
2,1,0,2,2,0,0,0,0,0,8.941,unknown
2,2,0,2,1,0,0,0,0,0,0.0,unknown
2,1,0,2,1,0,0,0,0,0,7.579,unknown
2,1,0,2,2,0,0,0,0,0,1.6780000000000002,unknown
2,2,0,2,3,0,0,0,0,0,9.964,unknown
2,3,0,0,1,0,0,0,0,0,0.0,unknown
2,2,0,0,1,0,0,0,0,0,18.836,unknown
4,1,0,0,2,0,0,0,0,0,27.320999999999998,unknown
4,2,0,0,2,0,0,0,0,0,4.797,unknown
4,2,0,2,2,0,0,0,0,0,17.254,unknown
2,2,0,2,1,0,0,0,0,0,2.838,unknown
2,1,0,2,2,0,0,0,0,0,2.8960000000000004,unknown
2,2,0,2,2,0,0,0,0,0,12.407,unknown
2,2,0,2,2,0,0,0,0,0,10.700999999999999,unknown
2,2,0,2,2,0,0,0,0,0,6.403,unknown
2,2,0,2,3,0,0,0,0,0,11.995,unknown
2,3,0,2,2,0,0,0,0,0,16.183,unknown
2,2,0,2,2,0,0,0,0,0,14.550999999999998,unknown
2,2,0,2,2,0,0,0,0,0,25.566,unknown
2,2,0,2,2,0,0,0,0,0,7.976,unknown
2,2,0,2,1,0,0,0,0,0,4.468999999999999,unknown
4,2,0,0,2,0,0,0,0,0,10.032,unknown
4,2,0,2,1,0,0,0,0,0,23.177,unknown
2,1,0,2,1,0,0,0,0,0,35.686,unknown
2,1,0,2,1,0,0,0,0,0,19.39,unknown
2,1,0,2,1,0,0,0,0,0,0.6890000000000001,unknown
2,1,0,2,1,0,0,0,0,0,46.961999999999996,unknown
2,1,0,1,2,0,0,0,0,0,17.0,unknown
3,2,0,2,2,0,0,0,0,0,59.169,unknown
2,2,0,2,2,0,0,0,0,0,0.0,unknown
2,2,0,2,2,0,0,0,0,0,19.044,unknown
2,2,0,1,1,0,0,0,0,0,5.401,unknown
3,1,0,2,1,0,0,0,0,0,3.903,unknown
2,1,0,2,2,0,0,0,0,0,22.779,unknown
2,2,0,2,1,0,0,0,0,0,34.26,unknown
2,2,0,2,2,0,0,0,0,0,14.280999999999999,unknown
2,2,0,2,2,0,0,0,0,0,0.128,unknown
2,2,0,2,2,0,0,0,0,0,0.28,unknown
2,2,0,2,3,0,0,0,0,0,0.0,unknown
2,3,0,0,1,0,0,0,0,0,7.952999999999999,unknown
4,1,0,2,2,0,0,0,0,0,13.927,unknown
2,2,0,2,2,0,0,0,0,0,7.3839999999999995,unknown
2,2,0,2,1,0,0,0,0,0,13.495999999999999,unknown
2,2,0,2,2,0,0,0,0,0,13.401,unknown
2,2,0,2,3,0,0,0,0,0,5.9510000000000005,unknown
2,3,0,2,2,0,0,0,0,0,13.215,unknown
2,2,0,2,2,0,0,0,0,0,0.0,unknown
2,2,0,1,2,0,0,0,0,0,1.8259999999999998,unknown
3,2,0,2,2,0,0,0,0,0,31.575,unknown
2,2,0,2,1,0,0,0,0,0,8.032,unknown
2,1,0,2,1,0,0,0,0,0,7.183,unknown
2,1,0,2,1,0,0,0,0,0,4.624,unknown
2,1,0,2,2,0,0,0,0,0,10.918,unknown
2,2,0,2,2,0,0,0,0,0,14.397,unknown
2,2,0,2,2,0,0,0,0,0,6.505,unknown
2,2,0,2,2,0,0,0,0,0,1.028,unknown
2,2,0,2,3,0,0,0,0,0,19.521,unknown
2,3,0,2,2,0,0,0,0,0,14.673,unknown
2,2,0,2,3,0,0,0,0,0,1.536,unknown
2,1,0,2,1,0,0,0,0,0,17.589000000000002,unknown
2,1,0,2,2,0,0,0,0,0,13.048,unknown
2,2,0,2,1,0,0,0,0,0,0.0,unknown
2,1,0,2,2,0,0,0,0,0,18.156,unknown
2,2,0,2,1,0,0,0,0,0,4.9910000000000005,unknown
2,1,0,2,1,0,0,0,0,0,4.288,unknown
2,2,0,2,1,0,0,0,0,0,6.292999999999999,unknown
2,1,0,2,1,0,0,0,0,0,13.293,unknown
2,1,0,2,3,0,0,0,0,0,33.283,unknown
2,3,0,2,3,0,0,0,0,0,5.093,unknown
2,3,0,2,3,0,0,0,0,0,16.699,unknown
2,3,0,2,1,0,0,0,0,0,0.0,unknown
2,1,0,2,2,0,0,0,0,0,0.28,unknown
2,2,0,2,1,0,0,0,0,0,12.394,unknown
2,1,0,2,1,0,0,0,0,0,3.5460000000000003,unknown
2,1,0,2,4,0,0,0,0,0,14.057,unknown
2,4,0,2,1,0,0,0,0,0,10.003,unknown
2,1,0,2,1,0,0,0,0,0,6.893,unknown
2,1,0,2,1,0,0,0,0,0,30.789,unknown
2,1,0,2,2,0,0,0,0,0,10.812000000000001,unknown
2,2,0,2,1,0,0,0,0,0,5.7829999999999995,unknown
2,1,0,2,1,0,0,0,0,0,8.481,unknown
2,2,0,2,2,0,0,0,0,0,12.773,unknown
2,2,0,2,3,0,0,0,0,0,7.731,unknown
2,3,0,2,3,0,0,0,0,0,4.007,unknown
2,3,0,2,3,0,0,0,0,0,5.454,unknown
2,3,0,2,3,0,0,0,0,0,10.032,unknown
2,3,0,0,3,0,0,0,0,0,7.257000000000001,unknown
2,3,0,2,2,0,0,0,0,0,0.0,unknown
2,2,0,2,1,0,0,0,0,0,4.48,unknown
2,1,0,2,2,0,0,0,0,0,6.271,unknown
2,2,0,2,2,0,0,0,0,0,12.552999999999999,unknown
2,2,0,2,1,0,0,0,0,0,4.583,unknown
2,2,0,2,1,0,0,0,0,0,15.415999999999999,unknown
2,1,0,2,1,0,0,0,0,0,14.237,unknown
2,1,0,2,1,0,0,0,0,0,0.0,unknown
2,1,0,1,1,0,0,0,0,0,22.156,unknown
3,1,0,2,2,0,0,0,0,0,1.469,unknown
2,2,0,1,2,0,0,0,0,0,36.063,unknown
3,2,0,2,2,0,0,0,0,0,1.149,unknown
2,2,0,2,2,0,0,0,0,0,0.49200000000000005,unknown
2,2,0,2,1,0,0,0,0,0,38.946999999999996,unknown
2,1,0,2,1,0,0,0,0,0,1.13,unknown
2,1,0,2,1,0,0,0,0,0,6.981,unknown
2,1,0,0,1,0,0,0,0,0,22.308000000000003,unknown
4,1,0,2,2,0,0,0,0,0,0.0,unknown
2,2,0,2,3,0,0,0,0,0,7.15,unknown
2,3,0,0,2,0,0,0,0,0,1.5719999999999998,unknown
4,2,0,2,3,0,0,0,0,0,0.28,unknown
2,3,0,2,3,0,0,0,0,0,2.7239999999999998,unknown
2,2,0,2,1,0,0,0,0,0,11.003,unknown
2,1,0,2,1,0,0,0,0,0,16.222,unknown
2,1,0,2,1,0,0,0,0,0,22.866999999999997,unknown
2,1,0,0,1,0,0,0,0,0,0.0,unknown
2,1,0,2,1,0,0,0,0,0,4.114,unknown
2,1,0,2,1,0,0,0,0,0,8.972999999999999,unknown
2,1,0,2,3,0,0,0,0,0,3.239,unknown
2,2,0,2,3,0,0,0,0,0,0.0,unknown
2,3,0,2,3,0,0,0,0,0,0.106,unknown
2,3,0,2,2,0,0,0,0,0,0.162,unknown
2,2,0,1,1,0,0,0,0,0,10.880999999999998,unknown
3,1,0,2,2,0,0,0,0,0,0.0,unknown
2,2,0,2,1,0,0,0,0,0,3.8760000000000003,unknown
2,1,0,2,2,0,0,0,0,0,0.0,unknown
2,2,0,2,2,0,0,0,0,0,3.465,unknown
2,2,0,2,2,0,0,0,0,0,23.598000000000003,unknown
2,2,0,2,2,0,0,0,0,0,8.86,unknown
2,2,0,2,2,0,0,0,0,0,8.91,unknown
2,2,0,1,3,0,0,0,0,0,0.0,unknown
3,3,0,2,2,0,0,0,0,0,8.243,unknown
2,2,0,2,2,0,0,0,0,0,2.779,unknown
2,2,0,2,2,0,0,0,0,0,3.523,unknown
2,2,0,0,2,0,0,0,0,0,27.982,unknown
4,2,0,2,3,0,0,0,0,0,15.369000000000002,unknown
2,3,0,2,3,0,0,0,0,0,10.942,unknown
2,3,0,2,2,0,0,0,0,0,6.345,unknown
2,2,0,2,2,0,0,0,0,0,3.853,unknown
2,2,0,2,2,0,0,0,0,0,0.0,unknown
2,2,0,2,3,0,0,0,0,0,14.824000000000002,unknown
2,3,0,2,2,0,0,0,0,0,7.196000000000001,unknown
2,2,0,2,2,0,0,0,0,0,14.8,unknown
2,3,0,2,2,0,0,0,0,0,9.532,unknown
2,2,0,2,2,0,0,0,0,0,52.037,unknown
2,2,0,2,2,0,0,0,0,0,6.189,unknown
2,2,0,2,2,0,0,0,0,0,39.532,unknown
2,2,0,2,1,0,0,0,0,0,18.509,unknown
2,1,0,2,3,0,0,0,0,0,0.975,unknown
2,3,0,2,1,0,0,0,0,0,0.0,unknown
2,1,0,2,1,0,0,0,0,0,4.226,unknown
2,1,0,2,1,0,0,0,0,0,7.515,unknown
2,1,0,2,3,0,0,0,0,0,0.65,unknown
2,3,0,2,3,0,0,0,0,0,7.807,unknown
2,2,0,2,2,0,0,0,0,0,0.0,unknown
2,2,0,2,2,0,0,0,0,0,7.291,unknown
2,2,0,2,2,0,0,0,0,0,21.921,unknown
2,2,0,2,2,0,0,0,0,0,7.435,unknown
2,2,0,2,2,0,0,0,0,0,0.0,unknown
2,2,0,0,1,0,0,0,0,0,29.086,unknown
4,1,0,2,2,0,0,0,0,0,0.22,unknown
2,2,0,2,2,0,0,0,0,0,16.741,unknown
2,2,0,2,2,0,0,0,0,0,16.163,unknown
2,2,0,2,1,0,0,0,0,0,33.235,unknown
2,1,0,2,1,0,0,0,0,0,31.338,unknown
2,1,0,0,1,0,0,0,0,0,26.517,unknown
4,1,0,2,1,0,0,0,0,0,14.575,unknown
2,1,0,2,1,0,0,0,0,0,10.345,unknown
2,1,0,2,2,0,0,0,0,0,8.987,unknown
2,2,0,2,2,0,0,0,0,0,0.0,unknown
2,2,0,2,2,0,0,0,0,0,8.827,unknown
2,2,0,2,1,0,0,0,0,0,9.439,unknown
4,2,0,2,2,0,0,0,0,0,4.3180000000000005,unknown
2,2,0,2,2,0,0,0,0,0,4.297,unknown
2,2,0,2,2,0,0,0,0,0,7.356,unknown
2,2,0,2,1,0,0,0,0,0,32.514,unknown
2,1,0,2,2,0,0,0,0,0,40.06,unknown
2,2,0,2,2,0,0,0,0,0,0.617,unknown
2,2,0,2,2,0,0,0,0,0,20.301,unknown
2,2,0,2,2,0,0,0,0,0,0.335,unknown
2,2,0,2,1,0,0,0,0,0,8.504,unknown
2,2,0,0,1,0,0,0,0,0,20.898000000000003,unknown
4,1,0,0,1,0,0,0,0,0,27.199,unknown
4,1,0,2,3,0,0,0,0,0,13.924000000000001,unknown
2,3,0,0,1,0,0,0,0,0,0.0,unknown
4,1,0,0,2,0,0,0,0,0,21.965999999999998,unknown
4,2,0,0,2,0,0,0,0,0,5.8389999999999995,unknown
4,2,0,2,2,0,0,0,0,0,4.4,unknown
2,2,0,2,1,0,0,0,0,0,11.719000000000001,unknown
2,1,0,2,1,0,0,0,0,0,6.505,unknown
2,1,0,2,2,0,0,0,0,0,19.871,unknown
2,2,0,2,2,0,0,0,0,0,33.508,unknown
2,2,0,2,1,0,0,0,0,0,4.821000000000001,unknown
2,1,0,2,3,0,0,0,0,0,1.608,unknown
2,3,0,2,2,0,0,0,0,0,64.666,unknown
2,2,0,2,2,0,0,0,0,0,0.872,unknown
2,2,0,2,2,0,0,0,0,0,0.0,unknown
2,2,0,2,2,0,0,0,0,0,0.18100000000000002,unknown
2,2,0,2,2,0,0,0,0,0,0.0,unknown
2,2,0,2,2,0,0,0,0,0,0.0,unknown
2,2,0,2,2,0,0,0,0,0,0.257,unknown
2,2,0,2,2,0,0,0,0,0,0.0,unknown
2,2,0,2,3,0,0,0,0,0,37.925,unknown
2,3,0,2,2,0,0,0,0,0,20.768,unknown
2,2,0,2,2,0,0,0,0,0,0.154,unknown
2,2,0,2,1,0,0,0,0,0,1.608,unknown
2,1,0,2,2,0,0,0,0,0,0.0,unknown
2,2,0,0,1,0,0,0,0,0,12.338,unknown
4,1,0,0,2,0,0,0,0,0,10.097999999999999,unknown
4,2,0,2,2,0,0,0,0,0,20.819000000000003,unknown
2,2,0,2,3,0,0,0,0,0,31.733,unknown
2,3,0,2,2,0,0,0,0,0,12.550999999999998,unknown
2,2,0,2,2,0,0,0,0,0,9.185,unknown
2,2,0,2,2,0,0,0,0,0,14.27,unknown
2,2,0,2,2,0,0,0,0,0,16.593,unknown
2,2,0,2,2,0,0,0,0,0,10.642000000000001,unknown
2,2,0,2,1,0,0,0,0,0,0.0,unknown
2,1,0,2,2,0,0,0,0,0,35.452,unknown
2,2,0,0,2,0,0,0,0,0,0.257,unknown
4,2,0,0,2,0,0,0,0,0,0.0,unknown
4,2,0,0,2,0,0,0,0,0,32.982,unknown
4,2,0,1,2,0,0,0,0,0,11.55,unknown
3,2,0,2,2,0,0,0,0,0,0.0,unknown
2,2,0,2,2,0,0,0,0,0,0.0,unknown
2,2,0,2,2,0,0,0,0,0,13.048,unknown
2,2,0,2,2,0,0,0,0,0,12.71,unknown
2,2,0,2,1,0,0,0,0,0,0.0,unknown
2,1,0,2,2,0,0,0,0,0,23.994,unknown
2,2,0,2,2,0,0,0,0,0,0.5720000000000001,unknown
2,2,0,2,2,0,0,0,0,0,29.403000000000002,unknown
2,2,0,2,1,0,0,0,0,0,16.452,unknown
2,1,0,2,2,0,0,0,0,0,4.688,unknown
2,2,0,2,1,0,0,0,0,0,1.2329999999999999,unknown
2,1,0,2,2,0,0,0,0,0,11.520999999999999,unknown
2,2,0,2,2,0,0,0,0,0,11.425,unknown
2,2,0,2,2,0,0,0,0,0,4.748,unknown
2,2,0,2,2,0,0,0,0,0,45.31,unknown
2,2,0,2,2,0,0,0,0,0,0.308,unknown
2,2,0,2,2,0,0,0,0,0,47.79,unknown
4,1,0,2,1,0,0,0,0,0,52.672,unknown
2,1,0,2,2,0,0,0,0,0,35.342,unknown
2,2,0,2,1,0,0,0,0,0,15.934000000000001,unknown
2,1,0,2,1,0,0,0,0,0,0.0,unknown
2,1,0,2,1,0,0,0,0,0,3.378,unknown
2,1,0,2,1,0,0,0,0,0,3.5410000000000004,unknown
2,1,0,0,1,0,0,0,0,0,0.0,unknown
4,1,0,2,2,0,0,0,0,0,5.605,unknown
2,2,0,2,1,0,0,0,0,0,3.8489999999999998,unknown
2,1,0,2,2,0,0,0,0,0,14.37,unknown
2,2,0,2,2,0,0,0,0,0,5.736000000000001,unknown
2,2,0,1,3,0,0,0,0,0,12.027999999999999,unknown
3,3,0,2,2,0,0,0,0,0,0.0,unknown
2,2,0,2,2,0,0,0,0,0,0.0,unknown
2,2,0,2,3,0,0,0,0,0,49.481,unknown
2,3,0,2,2,0,0,0,0,0,26.043000000000003,unknown
2,2,0,2,2,0,0,0,0,0,13.091,unknown
2,2,0,2,2,0,0,0,0,0,5.865,unknown
2,2,0,2,2,0,0,0,0,0,26.77,unknown
2,2,0,2,2,0,0,0,0,0,14.572000000000001,unknown
2,2,0,2,1,0,0,0,0,0,10.687000000000001,unknown
2,1,0,2,2,0,0,0,0,0,4.056,unknown
2,2,0,2,1,0,0,0,0,0,0.0,unknown
2,1,0,2,2,0,0,0,0,0,0.0,unknown
2,2,0,2,1,0,0,0,0,0,0.324,unknown
2,1,0,2,2,0,0,0,0,0,0.17600000000000002,unknown
2,2,0,2,2,0,0,0,0,0,35.998000000000005,unknown
2,2,0,2,2,0,0,0,0,0,26.399,unknown
2,2,0,2,3,0,0,0,0,0,36.865,unknown
2,2,0,2,2,0,0,0,0,0,3.197,unknown
2,2,0,2,1,0,0,0,0,0,3.8960000000000004,unknown
2,1,0,2,2,0,0,0,0,0,13.543,unknown
2,2,0,2,1,0,0,0,0,0,14.889000000000001,unknown
2,1,0,2,1,0,0,0,0,0,3.0069999999999997,unknown
2,1,0,1,3,0,0,0,0,0,8.352,unknown
3,3,0,2,1,0,0,0,0,0,0.0,unknown
2,1,0,0,2,0,0,0,0,0,22.845,unknown
4,2,0,2,2,0,0,0,0,0,12.918,unknown
2,2,0,2,2,0,0,0,0,0,28.328000000000003,unknown
2,2,0,2,2,0,0,0,0,0,0.308,unknown
2,2,0,2,2,0,0,0,0,0,0.0,unknown
2,2,0,2,1,0,0,0,0,0,31.143,unknown
2,1,0,2,1,0,0,0,0,0,19.682000000000002,unknown
2,1,0,2,1,0,0,0,0,0,10.019,unknown
2,1,0,2,1,0,0,0,0,0,35.521,unknown
2,1,0,0,1,0,0,0,0,0,0.0,unknown
4,1,0,2,2,0,0,0,0,0,0.308,unknown
2,2,0,2,1,0,0,0,0,0,0.193,unknown
2,1,0,0,2,0,0,0,0,0,0.0,unknown
4,2,0,2,1,0,0,0,0,0,0.287,unknown
2,1,0,0,2,0,0,0,0,0,0.0,unknown
4,2,0,2,1,0,0,0,0,0,16.062,unknown
2,1,0,2,1,0,0,0,0,0,25.359,unknown
2,1,0,2,1,0,0,0,0,0,32.047,unknown
2,1,0,2,1,0,0,0,0,0,2.4219999999999997,unknown
2,1,0,2,1,0,0,0,0,0,3.178,unknown
2,1,0,2,1,0,0,0,0,0,5.268,unknown
2,1,0,2,2,0,0,0,0,0,8.015,unknown
2,2,0,1,2,0,0,0,0,0,27.281,unknown
3,2,0,2,2,0,0,0,0,0,37.735,unknown
2,2,0,2,2,0,0,0,0,0,30.38,unknown
2,2,0,2,1,0,0,0,0,0,20.006,unknown
2,1,0,2,1,0,0,0,0,0,0.0,unknown
2,1,0,2,1,0,0,0,0,0,10.07,unknown
2,1,0,2,1,0,0,0,0,0,12.975999999999999,unknown
2,1,0,2,2,0,0,0,0,0,7.149,unknown
2,2,0,2,2,0,0,0,0,0,6.355,unknown
2,2,0,2,2,0,0,0,0,0,7.494,unknown
2,2,0,2,2,0,0,0,0,0,0.0,unknown
2,2,0,0,2,0,0,0,0,0,5.118,unknown
4,2,0,2,2,0,0,0,0,0,16.177,unknown
2,2,0,2,1,0,0,0,0,0,0.0,unknown
2,1,0,0,2,0,0,0,0,0,0.0,unknown
4,2,0,0,2,0,0,0,0,0,42.858999999999995,unknown
4,2,0,2,2,0,0,0,0,0,15.874,unknown
2,2,0,2,1,0,0,0,0,0,43.968,unknown
2,1,0,3,1,0,0,0,0,0,48.365,unknown
1,1,0,2,1,0,0,0,0,0,35.981,unknown
2,1,0,2,2,0,0,0,0,0,11.775,unknown
2,2,0,2,2,0,0,0,0,0,3.477,unknown
2,2,0,2,2,0,0,0,0,0,10.618,unknown
2,2,0,2,2,0,0,0,0,0,12.921,unknown
2,2,0,2,2,0,0,0,0,0,0.0,unknown
2,2,0,2,2,0,0,0,0,0,0.0,unknown
2,2,0,2,2,0,0,0,0,0,25.88,unknown
2,2,0,0,2,0,0,0,0,0,47.173,unknown
4,2,0,0,2,0,0,0,0,0,41.771,unknown
4,2,0,0,2,0,0,0,0,0,0.29100000000000004,unknown
4,2,0,0,2,0,0,0,0,0,57.501000000000005,unknown
4,2,0,0,2,0,0,0,0,0,30.854,unknown
4,2,0,2,2,0,0,0,0,0,32.096,unknown
2,2,0,2,1,0,0,0,0,0,33.687,unknown
2,1,0,2,1,0,0,0,0,0,13.899000000000001,unknown
2,1,0,2,2,0,0,0,0,0,19.027,unknown
2,2,0,2,1,0,0,0,0,0,0.308,unknown
2,1,0,2,1,0,0,0,0,0,47.949,unknown
2,1,0,0,1,0,0,0,0,0,4.665,unknown
4,1,0,0,2,0,0,0,0,0,1.3,unknown
4,2,0,2,2,0,0,0,0,0,5.416,unknown
2,2,0,0,2,0,0,0,0,0,10.131,unknown
2,3,0,2,2,0,0,0,0,0,51.54600000000001,unknown
2,2,0,2,3,0,0,0,0,0,29.295,unknown
2,3,0,2,1,0,0,0,0,0,24.0,unknown
2,1,0,3,1,0,0,0,0,0,8.073,unknown
1,1,0,2,1,0,0,0,0,0,14.809000000000001,unknown
2,1,0,2,1,0,0,0,0,0,11.435,unknown
2,2,0,2,2,0,0,0,0,0,10.565,unknown
2,2,0,2,1,0,0,0,0,0,13.198,unknown
2,1,0,1,1,0,0,0,0,0,8.232000000000001,unknown
3,1,0,2,2,0,0,0,0,0,6.922999999999999,unknown
2,2,0,2,2,0,0,0,0,0,5.343,unknown
2,2,0,2,2,0,0,0,0,0,14.559000000000001,unknown
2,2,0,2,2,0,0,0,0,0,12.995,unknown
2,1,0,2,1,0,0,0,0,0,6.782,unknown
2,1,0,2,1,0,0,0,0,0,5.99,unknown
2,1,0,2,1,0,0,0,0,0,9.802999999999999,unknown
2,1,0,2,1,0,0,0,0,0,1.401,unknown
2,1,0,2,2,0,0,0,0,0,12.130999999999998,unknown
2,2,0,2,3,0,0,0,0,0,14.033,unknown
2,3,0,2,2,0,0,0,0,0,10.854000000000001,unknown
2,2,0,2,1,0,0,0,0,0,12.261,unknown
2,1,0,2,1,0,0,0,0,0,0.45899999999999996,unknown
2,1,0,2,1,0,0,0,0,0,0.85,unknown
2,1,0,2,1,0,0,0,0,0,5.401,unknown
2,1,0,2,2,0,0,0,0,0,24.523000000000003,unknown
2,1,0,2,2,0,0,0,0,0,16.747,unknown
2,2,0,2,1,0,0,0,0,0,61.177,unknown
2,1,0,2,1,0,0,0,0,0,3.907,unknown
2,1,0,2,1,0,0,0,0,0,11.933,unknown
2,2,0,2,1,0,0,0,0,0,9.748,unknown
2,1,0,2,1,0,0,0,0,0,4.6610000000000005,unknown
2,1,0,2,1,0,0,0,0,0,12.901,unknown
2,1,0,2,1,0,0,0,0,0,18.986,unknown
2,1,0,2,2,0,0,0,0,0,4.364,unknown
2,2,0,2,2,0,0,0,0,0,5.209,unknown
2,2,0,2,1,0,0,0,0,0,9.446,unknown
2,1,0,2,1,0,0,0,0,0,2.423,unknown
2,1,0,2,1,0,0,0,0,0,4.252,unknown
2,1,0,2,1,0,0,0,0,0,5.216,unknown
2,1,0,2,1,0,0,0,0,0,6.392,unknown
2,1,0,2,1,0,0,0,0,0,1.123,unknown
2,1,0,1,1,0,0,0,0,0,1.5530000000000002,unknown
3,1,0,1,2,0,0,0,0,0,1.033,unknown
3,2,0,2,2,0,0,0,0,0,2.242,unknown
2,2,0,2,1,0,0,0,0,0,43.101000000000006,unknown
2,1,0,2,2,0,0,0,0,0,34.532,unknown
2,2,0,2,3,0,0,0,0,0,21.204,unknown
2,3,0,2,2,0,0,0,0,0,4.874,unknown
2,1,0,2,2,0,0,0,0,0,7.735,unknown
2,2,0,2,2,0,0,0,0,0,3.853,unknown
2,2,0,2,3,0,0,0,0,0,18.336,unknown
2,3,0,2,2,0,0,0,0,0,1.5630000000000002,unknown
2,2,0,1,2,0,0,0,0,0,12.364,unknown
3,2,0,1,1,0,0,0,0,0,7.399,unknown
3,1,0,2,1,0,0,0,0,0,0.0,unknown
2,1,0,2,1,0,0,0,0,0,16.211,unknown
2,1,0,2,2,0,0,0,0,0,24.008000000000003,unknown
2,2,0,2,2,0,0,0,0,0,20.097,unknown
2,2,0,2,2,0,0,0,0,0,4.59,unknown
2,2,0,1,2,0,0,0,0,0,26.711,unknown
3,2,0,2,2,0,0,0,0,0,12.864,unknown
2,2,0,2,2,0,0,0,0,0,0.0,unknown
2,2,0,1,2,0,0,0,0,0,15.588,unknown
2,2,0,0,1,0,0,0,0,0,12.449000000000002,unknown
4,1,0,2,1,0,0,0,0,0,26.048000000000002,unknown
2,1,0,2,1,0,0,0,0,0,19.842,unknown
2,1,0,1,2,0,0,0,0,0,17.509,unknown
3,2,0,2,1,0,0,0,0,0,7.029,unknown
2,1,0,2,1,0,0,0,0,0,1.757,unknown
2,1,0,2,1,0,0,0,0,0,0.0,unknown
2,1,0,2,1,0,0,0,0,0,1.431,unknown
2,1,0,2,1,0,0,0,0,0,5.106,unknown
2,1,0,2,1,0,0,0,0,0,13.027000000000001,unknown
2,1,0,2,2,0,0,0,0,0,17.611,unknown
2,2,0,2,2,0,0,0,0,0,24.839000000000002,unknown
2,2,0,2,2,0,0,0,0,0,10.206,unknown
2,2,0,2,1,0,0,0,0,0,22.705,unknown
2,1,0,2,2,0,0,0,0,0,0.0,unknown
3,2,0,2,3,0,0,0,0,0,4.453,unknown
2,3,0,2,2,0,0,0,0,0,6.888999999999999,unknown
2,2,0,2,2,0,0,0,0,0,9.533,unknown
2,2,0,1,2,0,0,0,0,0,2.131,unknown
3,2,0,1,2,0,0,0,0,0,6.361000000000001,unknown
3,2,0,2,2,0,0,0,0,0,0.0,unknown
2,2,0,2,1,0,0,0,0,0,7.847,unknown
2,1,0,2,1,0,0,0,0,0,26.664,unknown
2,1,0,2,2,0,0,0,0,0,3.742,unknown
2,2,0,2,2,0,0,0,0,0,7.444,unknown
2,1,0,2,1,0,0,0,0,0,0.0,unknown
2,1,0,2,2,0,0,0,0,0,12.581,unknown
2,2,0,2,2,0,0,0,0,0,3.903,unknown
2,2,0,2,2,0,0,0,0,0,0.727,unknown
2,2,0,2,2,0,0,0,0,0,10.895,unknown
2,2,0,2,2,0,0,0,0,0,8.906,unknown
2,2,0,2,1,0,0,0,0,0,8.683,unknown
2,1,0,2,2,0,0,0,0,0,11.168,unknown
2,2,0,1,1,0,0,0,0,0,0.0,unknown
3,1,0,2,1,0,0,0,0,0,17.885,unknown
2,1,0,2,1,0,0,0,0,0,4.1819999999999995,unknown
2,1,0,2,2,0,0,0,0,0,0.218,unknown
2,2,0,2,1,0,0,0,0,0,2.7569999999999997,unknown
2,1,0,2,2,0,0,0,0,0,2.855,unknown
2,2,0,2,2,0,0,0,0,0,12.783,unknown
2,2,0,2,3,0,0,0,0,0,13.402999999999999,unknown
2,3,0,2,2,0,0,0,0,0,6.39,unknown
2,2,0,2,2,0,0,0,0,0,11.222000000000001,unknown
2,2,0,2,1,0,0,0,0,0,0.0,unknown
2,1,0,2,2,0,0,0,0,0,7.5329999999999995,unknown
2,2,0,2,1,0,0,0,0,0,5.252999999999999,unknown
2,1,0,2,2,0,0,0,0,0,20.48,unknown
2,2,0,2,2,0,0,0,0,0,0.0,unknown
2,2,0,2,1,0,0,0,0,0,24.316,unknown
2,1,0,2,1,0,0,0,0,0,10.822000000000001,unknown
2,1,0,2,1,0,0,0,0,0,13.405,unknown
2,1,0,1,1,0,0,0,0,0,18.037,unknown
3,1,0,2,1,0,0,0,0,0,23.302,unknown
2,1,0,2,2,0,0,0,0,0,6.994,unknown
2,1,0,2,1,0,0,0,0,0,1.4380000000000002,unknown
2,1,0,2,1,0,0,0,0,0,2.76,unknown
2,1,0,2,1,0,0,0,0,0,3.2769999999999997,unknown
2,1,0,2,1,0,0,0,0,0,0.0,unknown
2,1,0,1,2,0,0,0,0,0,1.8,unknown
2,1,0,2,1,0,0,0,0,0,3.654,unknown
2,1,0,2,1,0,0,0,0,0,6.439,unknown
2,1,0,2,1,0,0,0,0,0,3.642,unknown
2,1,0,2,1,0,0,0,0,0,1.5719999999999998,unknown
2,1,0,2,1,0,0,0,0,0,8.052,unknown
2,1,0,2,1,0,0,0,0,0,0.0,unknown
2,1,0,2,1,0,0,0,0,0,46.218999999999994,unknown
2,1,0,2,1,0,0,0,0,0,10.165,unknown
2,1,0,2,1,0,0,0,0,0,7.952999999999999,unknown
2,1,0,2,1,0,0,0,0,0,22.368000000000002,unknown
2,1,0,2,2,0,0,0,0,0,18.477999999999998,unknown
2,2,0,2,1,0,0,0,0,0,1.982,unknown
2,1,0,2,1,0,0,0,0,0,15.054,unknown
2,1,0,2,2,0,0,0,0,0,7.086,unknown
2,2,0,2,2,0,0,0,0,0,3.969,unknown
2,1,0,2,1,0,0,0,0,0,0.0,unknown
2,1,0,2,1,0,0,0,0,0,8.312999999999999,unknown
2,1,0,2,1,0,0,0,0,0,3.128,unknown
2,1,0,2,1,0,0,0,0,0,0.431,unknown
2,1,0,2,1,0,0,0,0,0,0.7709999999999999,unknown
2,1,0,2,1,0,0,0,0,0,4.622,unknown
2,1,0,2,1,0,0,0,0,0,3.0039999999999996,unknown
2,2,0,1,1,0,0,0,0,0,0.0,unknown
3,1,0,1,2,0,0,0,0,0,19.261,unknown
3,2,0,2,2,0,0,0,0,0,23.383000000000003,unknown
2,2,0,2,2,0,0,0,0,0,0.617,unknown
2,2,0,2,2,0,0,0,0,0,11.115,unknown
2,2,0,2,1,0,0,0,0,0,8.068,unknown
2,1,0,2,1,0,0,0,0,0,3.807,unknown
2,1,0,2,1,0,0,0,0,0,10.123,unknown
2,1,0,2,2,0,0,0,0,0,7.966,unknown
2,2,0,2,2,0,0,0,0,0,31.206999999999997,unknown
2,1,0,2,1,0,0,0,0,0,3.0869999999999997,unknown
2,1,0,2,1,0,0,0,0,0,0.0,unknown
2,1,0,2,1,0,0,0,0,0,13.459000000000001,unknown
2,1,0,2,2,0,0,0,0,0,15.76,unknown
2,2,0,1,1,0,0,0,0,0,18.56,unknown
3,1,0,1,1,0,0,0,0,0,2.18,unknown
3,1,0,1,1,0,0,0,0,0,1.308,unknown
3,1,0,2,1,0,0,0,0,0,0.7709999999999999,unknown
2,1,0,2,1,0,0,0,0,0,58.687,unknown
2,1,0,3,1,0,0,0,0,0,13.364,unknown
1,1,0,2,2,0,0,0,0,0,5.044,unknown
2,2,0,2,1,0,0,0,0,0,0.0,unknown
2,1,0,1,1,0,0,0,0,0,5.103,unknown
3,1,0,2,1,0,0,0,0,0,10.970999999999998,unknown
2,1,0,1,1,0,0,0,0,0,15.949000000000002,unknown
3,1,0,1,2,0,0,0,0,0,11.817,unknown
3,2,0,2,2,0,0,0,0,0,4.974,unknown
2,2,0,2,2,0,0,0,0,0,23.557,unknown
2,2,0,2,2,0,0,0,0,0,3.924,unknown
2,2,0,2,2,0,0,0,0,0,13.875,unknown
2,2,0,2,2,0,0,0,0,0,4.942,unknown
2,2,0,1,3,0,0,0,0,0,0.0,unknown
3,3,0,2,2,0,0,0,0,0,2.4659999999999997,unknown
2,2,0,2,2,0,0,0,0,0,3.258,unknown
2,2,0,2,1,0,0,0,0,0,2.292,unknown
2,1,0,1,1,0,0,0,0,0,22.601999999999997,unknown
3,1,0,2,1,0,0,0,0,0,8.236,unknown
2,1,0,2,1,0,0,0,0,0,0.0,unknown
2,1,0,2,1,0,0,0,0,0,11.925999999999998,unknown
2,1,0,2,1,0,0,0,0,0,9.275,unknown
2,1,0,2,3,0,0,0,0,0,12.341,unknown
2,3,0,2,1,0,0,0,0,0,4.942,unknown
2,3,0,2,2,0,0,0,0,0,10.181000000000001,unknown
2,2,0,2,2,0,0,0,0,0,4.047,unknown
2,2,0,2,1,0,0,0,0,0,0.0,unknown
2,1,0,1,2,0,0,0,0,0,0.22,unknown
3,2,0,1,2,0,0,0,0,0,8.738,unknown
3,2,0,2,2,0,0,0,0,0,16.463,unknown
2,2,0,2,1,0,0,0,0,0,13.287,unknown
2,1,0,2,2,0,0,0,0,0,18.468,unknown
2,2,0,2,1,0,0,0,0,0,0.0,unknown
2,1,0,2,1,0,0,0,0,0,12.963,unknown
2,1,0,2,1,0,0,0,0,0,10.11,unknown
2,1,0,1,2,0,0,0,0,0,3.6289999999999996,unknown
3,2,0,1,2,0,0,0,0,0,9.512,unknown
2,2,0,2,2,0,0,0,0,0,3.779,unknown
2,2,0,2,1,0,0,0,0,0,14.387,unknown
2,1,0,2,1,0,0,0,0,0,20.625999999999998,unknown
2,1,0,2,2,0,0,0,0,0,15.071,unknown
2,2,0,2,2,0,0,0,0,0,14.147,unknown
2,2,0,2,2,0,0,0,0,0,0.0,unknown
2,2,0,2,1,0,0,0,0,0,5.48,unknown
2,1,0,2,1,0,0,0,0,0,3.716,unknown
2,1,0,2,2,0,0,0,0,0,4.015,unknown
2,2,0,2,1,0,0,0,0,0,1.271,unknown
2,1,0,2,1,0,0,0,0,0,18.659000000000002,unknown
2,1,0,2,2,0,0,0,0,0,0.8859999999999999,unknown
2,2,0,2,2,0,0,0,0,0,0.0,unknown
2,2,0,2,2,0,0,0,0,0,3.725,unknown
2,2,0,2,1,0,0,0,0,0,3.818,unknown
2,1,0,2,1,0,0,0,0,0,1.5530000000000002,unknown
2,3,0,2,2,0,0,0,0,0,1.047,unknown
2,2,0,2,2,0,0,0,0,0,3.411,unknown
2,2,0,2,2,0,0,0,0,0,2.8710000000000004,unknown
2,2,0,2,2,0,0,0,0,0,6.417000000000001,unknown
2,2,0,1,2,0,0,0,0,0,0.0,unknown
3,2,0,2,2,0,0,0,0,0,15.652000000000001,unknown
2,2,0,1,2,0,0,0,0,0,4.465,unknown
3,2,0,2,2,0,0,0,0,0,14.62,unknown
2,2,0,2,2,0,0,0,0,0,23.551,unknown
2,2,0,2,1,0,0,0,0,0,6.499,unknown
2,1,0,1,2,0,0,0,0,0,14.36,unknown
2,2,0,2,1,0,0,0,0,0,5.455,unknown
2,1,0,2,1,0,0,0,0,0,6.218999999999999,unknown
2,1,0,2,2,0,0,0,0,0,0.0,unknown
2,2,0,2,1,0,0,0,0,0,7.145,unknown
2,1,0,2,1,0,0,0,0,0,8.202,unknown
2,1,0,2,1,0,0,0,0,0,0.0,unknown
2,1,0,2,1,0,0,0,0,0,8.025,unknown
2,1,0,1,1,0,0,0,0,0,8.987,unknown
3,1,0,1,2,0,0,0,0,0,7.428,unknown
3,2,0,2,2,0,0,0,0,0,8.63,unknown
2,2,0,1,2,0,0,0,0,0,4.297,unknown
3,2,0,2,1,0,0,0,0,0,0.15,unknown
2,1,0,2,2,0,0,0,0,0,4.012,unknown
2,2,0,2,2,0,0,0,0,0,11.525,unknown
2,2,0,2,2,0,0,0,0,0,2.542,unknown
2,2,0,2,3,0,0,0,0,0,13.854000000000001,unknown
2,3,0,2,1,0,0,0,0,0,31.698,unknown
2,1,0,2,1,0,0,0,0,0,16.551,unknown
2,1,0,2,2,0,0,0,0,0,1.6869999999999998,unknown
2,2,0,2,2,0,0,0,0,0,11.823,unknown
2,2,0,2,2,0,0,0,0,0,6.212999999999999,unknown
2,2,0,2,1,0,0,0,0,0,24.232,unknown
2,1,0,1,1,0,0,0,0,0,10.856,unknown
3,1,0,1,1,0,0,0,0,0,9.246,unknown
3,1,0,2,1,0,0,0,0,0,13.914000000000001,unknown
2,1,0,2,1,0,0,0,0,0,11.679,unknown
2,1,0,2,2,0,0,0,0,0,5.209,unknown
2,2,0,2,2,0,0,0,0,0,11.189,unknown
2,2,0,1,2,0,0,0,0,0,13.914000000000001,unknown
3,2,0,2,2,0,0,0,0,0,14.627,unknown
2,2,0,2,2,0,0,0,0,0,12.594000000000001,unknown
2,2,0,2,2,0,0,0,0,0,5.141,unknown
2,2,0,2,2,0,0,0,0,0,21.362,unknown
2,2,0,2,3,0,0,0,0,0,17.12,unknown
2,3,0,2,1,0,0,0,0,0,4.251,unknown
2,1,0,2,2,0,0,0,0,0,3.5580000000000003,unknown
2,2,0,2,3,0,0,0,0,0,71.87899999999999,unknown
2,3,0,1,2,0,0,0,0,0,34.218,unknown
3,2,0,2,3,0,0,0,0,0,0.0,unknown
2,3,0,2,2,0,0,0,0,0,35.611999999999995,unknown
2,2,0,2,2,0,0,0,0,0,5.557,unknown
2,2,0,2,1,0,0,0,0,0,9.976,unknown
2,1,0,2,1,0,0,0,0,0,9.76,unknown
2,1,0,2,3,0,0,0,0,0,5.386,unknown
2,2,0,2,1,0,0,0,0,0,4.018,unknown
2,1,0,2,1,0,0,0,0,0,10.437999999999999,unknown
2,1,0,2,1,0,0,0,0,0,8.471,unknown
2,1,0,2,2,0,0,0,0,0,24.261999999999997,unknown
2,2,0,2,2,0,0,0,0,0,9.527000000000001,unknown
2,2,0,2,2,0,0,0,0,0,3.7119999999999997,unknown
2,2,0,2,3,0,0,0,0,0,10.59,unknown
2,3,0,2,3,0,0,0,0,0,1.4069999999999998,unknown
2,3,0,2,3,0,0,0,0,0,0.0,unknown
2,3,0,2,3,0,0,0,0,0,9.333,unknown
2,3,0,2,3,0,0,0,0,0,4.902,unknown
