set,rally,frame_num,time,hit_area,hit_x,hit_y,landing_area,landing_x,landing_y,lose_reason,getpoint_player,type,hitting
1,1,13,00:00:00.43376666666666663,A3,312,902,A3,312.0,904.0,,,,A
1,1,24,00:00:00.8008000000000001,A3,312,904,A3,312.0,904.0,,,,B
1,1,36,00:00:01.2012,A3,312,904,A3,172.0,876.0,,,,A
1,1,46,00:00:01.5348666666666668,A3,172,876,A3,312.0,906.0,出界,A,,B
1,2,60,00:00:02.002,A3,312,906,A2,156.0,780.0,,,,A
1,2,72,00:00:02.4024,A2,156,780,A1,234.0,546.0,,,,B
1,2,100,00:00:03.3366666666666664,A1,234,546,A3,312.0,904.0,,,,A
1,2,110,00:00:03.6703333333333337,A3,312,904,A3,312.0,904.0,,,,B
1,2,122,00:00:04.070733333333334,A3,312,904,A2,276.0,686.0,,,,A
1,2,133,00:00:04.437766666666667,A2,276,686,B2,330.0,776.0,,,,B
1,2,143,00:00:04.771433333333333,B2,330,776,A3,312.0,904.0,,,,A
1,2,158,00:00:05.271933333333333,A3,312,904,A2,154.0,790.0,,,,B
1,2,174,00:00:05.8058000000000005,A2,154,790,A2,172.0,666.0,,,,A
1,2,201,00:00:06.7067,A2,172,666,A3,310.0,906.0,,,,B
1,2,215,00:00:07.173833333333333,A3,310,906,A3,312.0,906.0,出界,A,,A
1,3,231,00:00:07.7077,A3,312,906,A3,314.0,908.0,,,,A
1,3,253,00:00:08.441766666666666,A3,314,908,A3,130.0,870.0,,,,B
1,3,263,00:00:08.775433333333334,A3,130,870,A3,314.0,904.0,,,,A
1,3,273,00:00:09.1091,A3,314,904,A3,312.0,904.0,,,,B
1,3,285,00:00:09.5095,A3,312,904,D2,424.0,642.0,,,,A
1,3,295,00:00:09.843166666666667,D2,424,642,B2,322.0,802.0,,,,B
1,3,306,00:00:10.2102,B2,322,802,A3,310.0,904.0,,,,A
1,3,326,00:00:10.877533333333332,A3,310,904,A3,310.0,904.0,,,,B
1,3,344,00:00:11.478133333333334,A3,310,904,A1,162.0,620.0,,,,A
1,3,360,00:00:12.012,A1,162,620,A3,312.0,904.0,,,,B
1,3,384,00:00:12.812800000000001,A3,312,904,A3,312.0,904.0,出界,A,,A
1,4,400,00:00:13.346666666666666,A3,312,904,A3,312.0,904.0,,,,A
1,4,410,00:00:13.680333333333333,A3,312,904,A3,312.0,904.0,,,,B
1,4,420,00:00:14.014,A3,312,904,A1,302.0,454.0,,,,A
1,4,430,00:00:14.347666666666665,A1,302,454,A3,312.0,904.0,,,,B
1,4,444,00:00:14.814800000000002,A3,312,904,A3,312.0,904.0,,,,A
1,4,473,00:00:15.782433333333334,A3,312,904,A3,312.0,902.0,,,,B
1,4,483,00:00:16.1161,A3,312,902,A3,312.0,902.0,,,,A
1,4,504,00:00:16.8168,A3,312,902,A2,300.0,726.0,,,,B
1,4,514,00:00:17.150466666666667,A2,300,726,A3,314.0,902.0,,,,A
1,4,531,00:00:17.7177,A3,314,902,A2,210.0,854.0,,,,B
1,4,545,00:00:18.184833333333334,A2,210,854,A2,276.0,850.0,,,,A
1,4,558,00:00:18.618599999999997,A2,276,850,A2,256.0,802.0,,,,B
1,4,574,00:00:19.152466666666665,A2,256,802,D2,512.0,788.0,,,,A
1,4,588,00:00:19.6196,D2,512,788,A2,256.0,802.0,,,,B
1,4,599,00:00:19.986633333333334,A2,256,802,A3,174.0,894.0,,,,A
1,4,611,00:00:20.38703333333333,A3,174,894,A2,256.0,802.0,出界,A,,B
1,5,623,00:00:20.787433333333333,A2,256,802,A2,256.0,802.0,,,,A
1,5,636,00:00:21.2212,A2,256,802,A3,310.0,904.0,,,,B
1,5,647,00:00:21.588233333333335,A3,310,904,A2,140.0,650.0,,,,A
1,5,675,00:00:22.5225,A2,140,650,A2,256.0,804.0,,,,B
1,5,711,00:00:23.7237,A2,256,804,A2,198.0,784.0,,,,A
1,5,730,00:00:24.357666666666667,A2,198,784,B1,322.0,578.0,,,,B
1,5,751,00:00:25.058366666666668,B1,322,578,A1,280.0,526.0,,,,A
1,5,765,00:00:25.5255,A1,280,526,A1,222.0,508.0,,,,B
1,5,777,00:00:25.925900000000002,A1,222,508,A1,308.0,494.0,,,,A
1,5,789,00:00:26.3263,A1,308,494,A1,290.0,530.0,,,,B
1,5,800,00:00:26.69333333333333,A1,290,530,A1,248.0,572.0,,,,A
1,5,811,00:00:27.060366666666667,A1,248,572,A2,256.0,802.0,出界,A,,B
1,6,833,00:00:27.794433333333334,A2,256,802,A2,256.0,800.0,,,,A
1,6,873,00:00:29.1291,A2,256,800,A2,256.0,802.0,,,,B
1,6,886,00:00:29.562866666666668,A2,256,802,A2,254.0,804.0,,,,A
1,6,896,00:00:29.896533333333334,A2,254,804,A3,162.0,886.0,,,,B
1,6,908,00:00:30.296933333333335,A3,162,886,A2,256.0,802.0,,,,A
1,6,924,00:00:30.8308,A2,256,802,A2,256.0,800.0,,,,B
1,6,939,00:00:31.3313,A2,256,800,A3,312.0,902.0,,,,A
1,6,958,00:00:31.965266666666665,A3,312,902,A2,260.0,680.0,,,,B
1,6,972,00:00:32.4324,A2,260,680,A1,220.0,522.0,,,,A
1,6,988,00:00:32.96626666666667,A1,220,522,A2,152.0,730.0,出界,A,,B
1,7,1002,00:00:33.4334,A2,152,730,A2,254.0,804.0,,,,A
1,7,1012,00:00:33.767066666666665,A2,254,804,A3,312.0,902.0,,,,B
1,7,1044,00:00:34.8348,A3,312,902,A3,314.0,902.0,,,,A
1,7,1054,00:00:35.16846666666667,A3,314,902,A2,256.0,802.0,,,,B
1,7,1064,00:00:35.50213333333333,A2,256,802,A1,236.0,548.0,,,,A
1,7,1077,00:00:35.935900000000004,A1,236,548,A2,290.0,714.0,,,,B
1,7,1089,00:00:36.3363,A2,290,714,A2,310.0,786.0,,,,A
1,7,1099,00:00:36.66996666666667,A2,310,786,A2,298.0,836.0,,,,B
1,7,1109,00:00:37.00363333333333,A2,298,836,A3,260.0,868.0,,,,A
1,7,1119,00:00:37.337300000000006,A3,260,868,A3,302.0,892.0,,,,B
1,7,1129,00:00:37.670966666666665,A3,302,892,D2,514.0,834.0,,,,A
1,7,1142,00:00:38.104733333333336,D2,514,834,A2,282.0,670.0,,,,B
1,7,1159,00:00:38.67196666666667,A2,282,670,A2,256.0,802.0,,,,A
1,7,1181,00:00:39.40603333333333,A2,256,802,A2,300.0,800.0,出界,A,,B
1,8,1225,00:00:40.87416666666667,A2,300,800,A3,172.0,888.0,,,,A
1,8,1252,00:00:41.77506666666667,A3,172,888,A3,292.0,898.0,,,,B
1,8,1267,00:00:42.27556666666666,A3,292,898,A2,260.0,802.0,,,,A
1,8,1278,00:00:42.6426,A2,260,802,A2,254.0,798.0,,,,B
1,8,1289,00:00:43.00963333333333,A2,254,798,A3,306.0,894.0,,,,A
1,8,1300,00:00:43.376666666666665,A3,306,894,A3,162.0,884.0,,,,B
1,8,1315,00:00:43.87716666666667,A3,162,884,A2,240.0,782.0,,,,A
1,8,1325,00:00:44.21083333333333,A2,240,782,A3,312.0,904.0,,,,B
1,8,1337,00:00:44.61123333333334,A3,312,904,A3,312.0,904.0,,,,A
1,8,1350,00:00:45.045,A3,312,904,A3,310.0,904.0,,,,B
1,8,1369,00:00:45.67896666666667,A3,310,904,A3,314.0,904.0,出界,A,,A
1,9,1393,00:00:46.47976666666667,A3,314,904,A3,312.0,904.0,,,,A
1,9,1421,00:00:47.414033333333336,A3,312,904,A3,312.0,904.0,,,,B
1,9,1431,00:00:47.7477,A3,312,904,A3,314.0,904.0,,,,A
1,9,1447,00:00:48.28156666666666,A3,314,904,A2,314.0,800.0,,,,B
1,9,1458,00:00:48.6486,A2,314,800,A2,288.0,698.0,,,,A
1,9,1471,00:00:49.082366666666665,A2,288,698,A1,306.0,560.0,,,,B
1,9,1485,00:00:49.5495,A1,306,560,A3,312.0,904.0,,,,A
1,9,1500,00:00:50.05,A3,312,904,A3,312.0,904.0,,,,B
1,9,1514,00:00:50.517133333333334,A3,312,904,B2,362.0,660.0,,,,A
1,9,1565,00:00:52.218833333333336,B2,362,660,A2,256.0,796.0,,,,B
1,9,1576,00:00:52.58586666666667,A2,256,796,A2,308.0,792.0,,,,A
1,9,1596,00:00:53.25320000000001,A2,308,792,A2,258.0,700.0,,,,B
1,9,1606,00:00:53.586866666666666,A2,258,700,A1,246.0,594.0,,,,A
1,9,1616,00:00:53.92053333333333,A1,246,594,A1,268.0,522.0,出界,A,,B
1,10,1636,00:00:54.58786666666667,A1,268,522,A3,134.0,896.0,,,,A
1,10,1646,00:00:54.921533333333336,A3,134,896,A1,290.0,476.0,,,,B
1,10,1679,00:00:56.02263333333333,A1,290,476,A2,256.0,802.0,,,,A
1,10,1710,00:00:57.057,A2,256,802,A2,254.0,800.0,,,,B
1,10,1742,00:00:58.12473333333334,A2,254,800,A1,288.0,586.0,,,,A
1,10,1752,00:00:58.458400000000005,A1,288,586,A2,256.0,800.0,,,,B
1,10,1773,00:00:59.159099999999995,A2,256,800,A2,266.0,728.0,,,,A
1,10,1793,00:00:59.826433333333334,A2,266,728,A2,256.0,800.0,,,,B
1,10,1803,00:01:00.1600999999999999,A2,256,800,A2,256.0,800.0,出界,A,,A
1,11,1822,00:01:00.7940666666666658,A2,256,800,A1,300.0,562.0,,,,A
1,11,1832,00:01:01.1277333333333388,A1,300,562,A1,192.0,530.0,,,,B
1,11,1842,00:01:01.4614000000000047,A1,192,530,A1,222.0,512.0,,,,A
1,11,1853,00:01:01.8284333333333365,A1,222,512,A2,254.0,798.0,,,,B
1,11,1868,00:01:02.3289333333333317,A2,254,798,A1,298.0,500.0,,,,A
1,11,1884,00:01:02.8628,A1,298,500,A1,310.0,464.0,,,,B
1,11,1897,00:01:03.2965666666666635,A1,310,464,A1,288.0,530.0,,,,A
1,11,1914,00:01:03.863800000000005,A1,288,530,A2,146.0,758.0,,,,B
1,11,1946,00:01:04.931533333333334,A2,146,758,A1,296.0,588.0,,,,A
1,11,1964,00:01:05.532133333333334,A1,296,588,A1,310.0,564.0,出界,A,,B
1,12,2029,00:01:07.700966666666673,A1,310,564,A2,258.0,800.0,,,,A
1,12,2043,00:01:08.16810000000001,A2,258,800,A2,258.0,800.0,,,,B
1,12,2054,00:01:08.535133333333334,A2,258,800,A2,256.0,800.0,,,,A
1,12,2065,00:01:08.902166666666673,A2,256,800,A1,310.0,558.0,,,,B
1,12,2077,00:01:09.302566666666664,A1,310,558,A2,256.0,800.0,,,,A
1,12,2087,00:01:09.636233333333337,A2,256,800,A1,308.0,496.0,,,,B
1,12,2109,00:01:10.3703,A1,308,496,A1,294.0,490.0,出界,A,,A
1,13,2126,00:01:10.937533333333334,A1,294,490,A2,256.0,800.0,,,,A
1,13,2155,00:01:11.905166666666673,A2,256,800,A2,256.0,800.0,,,,B
1,13,2165,00:01:12.238833333333332,A2,256,800,A2,288.0,834.0,,,,A
1,13,2184,00:01:12.872799999999998,A2,288,834,A2,258.0,798.0,,,,B
1,13,2194,00:01:13.206466666666671,A2,258,798,A2,256.0,800.0,,,,A
1,13,2209,00:01:13.706966666666673,A2,256,800,A2,254.0,800.0,,,,B
1,13,2219,00:01:14.040633333333332,A2,254,800,A2,252.0,798.0,,,,A
1,13,2256,00:01:15.275199999999998,A2,252,798,A2,254.0,798.0,,,,B
1,13,2268,00:01:15.675600000000003,A2,254,798,D1,452.0,546.0,出界,A,,A
1,14,2308,00:01:17.010266666666666,D1,452,546,A1,134.0,522.0,,,,A
1,14,2389,00:01:19.712966666666674,A1,134,522,A1,308.0,490.0,,,,B
1,14,2408,00:01:20.34693333333334,A1,308,490,A1,288.0,480.0,,,,A
1,14,2428,00:01:21.014266666666657,A1,288,480,A1,240.0,474.0,,,,B
1,14,2438,00:01:21.34793333333333,A1,240,474,A1,286.0,470.0,,,,A
1,14,2448,00:01:21.681600000000003,A1,286,470,A1,290.0,490.0,出界,A,,B
1,15,2472,00:01:22.482400000000013,A1,290,490,A1,282.0,482.0,,,,A
1,15,2484,00:01:22.882800000000003,A1,282,482,A1,292.0,492.0,,,,B
1,15,2499,00:01:23.383300000000006,A1,292,492,A1,224.0,518.0,,,,A
1,15,2511,00:01:23.783699999999996,A1,224,518,A1,270.0,532.0,,,,B
1,15,2523,00:01:24.1841,A1,270,532,A2,302.0,824.0,,,,A
1,15,2564,00:01:25.55213333333333,A2,302,824,A2,226.0,828.0,,,,B
1,15,2582,00:01:26.15273333333333,A2,226,828,A2,226.0,848.0,,,,A
1,15,2598,00:01:26.686600000000013,A2,226,848,A1,286.0,594.0,出界,A,,B
1,16,2626,00:01:27.62086666666667,A1,286,594,A2,286.0,648.0,,,,A
1,16,2643,00:01:28.188100000000006,A2,286,648,A2,278.0,824.0,,,,B
1,16,2670,00:01:29.089,A2,278,824,A2,132.0,770.0,,,,A
1,16,2694,00:01:29.889800000000008,A2,132,770,A1,128.0,578.0,,,,B
1,16,2711,00:01:30.457033333333342,A1,128,578,A1,224.0,502.0,,,,A
1,16,2722,00:01:30.824066666666667,A1,224,502,A1,288.0,456.0,,,,B
1,16,2737,00:01:31.32456666666667,A1,288,456,A1,312.0,470.0,,,,A
1,16,2754,00:01:31.891800000000003,A1,312,470,A1,272.0,452.0,,,,B
1,16,2767,00:01:32.32556666666666,A1,272,452,A1,224.0,440.0,,,,A
1,16,2778,00:01:32.6926,A1,224,440,C1,316.0,424.0,,,,B
1,16,2792,00:01:33.159733333333335,C1,316,424,A2,300.0,812.0,出界,A,,A
1,17,2823,00:01:34.194100000000006,A2,300,812,A2,300.0,818.0,,,,A
1,17,2837,00:01:34.66123333333334,A2,300,818,A2,308.0,830.0,,,,B
1,17,2856,00:01:35.295199999999994,A2,308,830,A2,136.0,750.0,,,,A
1,17,2916,00:01:37.297200000000004,A2,136,750,B1,320.0,556.0,,,,B
1,17,2936,00:01:37.964533333333335,B1,320,556,A1,272.0,520.0,,,,A
1,17,2951,00:01:38.46503333333334,A1,272,520,A1,298.0,510.0,,,,B
1,17,2963,00:01:38.86543333333333,A1,298,510,A1,294.0,494.0,,,,A
1,17,2979,00:01:39.3993,A1,294,494,A3,172.0,890.0,,,,B
1,17,2993,00:01:39.86643333333333,A3,172,890,A1,232.0,512.0,,,,A
1,17,3018,00:01:40.70060000000001,A1,232,512,A1,310.0,486.0,,,,B
1,17,3029,00:01:41.06763333333333,A1,310,486,A1,284.0,494.0,,,,A
1,17,3048,00:01:41.7016,A1,284,494,A1,218.0,526.0,出界,A,,B
1,18,3067,00:01:42.335566666666665,A1,218,526,A1,278.0,510.0,,,,A
1,18,3078,00:01:42.702600000000004,A1,278,510,A1,222.0,518.0,,,,B
1,18,3132,00:01:44.504400000000004,A1,222,518,A1,182.0,464.0,,,,A
1,18,3145,00:01:44.938166666666675,A1,182,464,A2,256.0,800.0,,,,B
1,18,3160,00:01:45.43866666666668,A2,256,800,B3,318.0,904.0,,,,A
1,18,3176,00:01:45.972533333333345,B3,318,904,A2,256.0,798.0,,,,B
1,18,3190,00:01:46.43966666666667,A2,256,798,A2,256.0,798.0,,,,A
1,18,3206,00:01:46.973533333333336,A2,256,798,A2,256.0,798.0,出界,A,,B
1,19,3231,00:01:47.8077,A2,256,798,A2,256.0,798.0,,,,A
1,19,3244,00:01:48.24146666666667,A2,256,798,A1,240.0,586.0,,,,B
1,19,3254,00:01:48.575133333333326,A1,240,586,A2,254.0,800.0,,,,A
1,19,3269,00:01:49.07563333333333,A2,254,800,D2,442.0,656.0,,,,B
1,19,3281,00:01:49.47603333333333,D2,442,656,A1,154.0,588.0,,,,A
1,19,3296,00:01:49.976533333333336,A1,154,588,A1,256.0,416.0,,,,B
1,19,3323,00:01:50.87743333333333,A1,256,416,A1,294.0,476.0,,,,A
1,19,3333,00:01:51.2111,A1,294,476,A1,278.0,532.0,,,,B
1,19,3343,00:01:51.54476666666666,A1,278,532,A2,282.0,688.0,,,,A
1,19,3355,00:01:51.945166666666665,A2,282,688,A2,292.0,798.0,出界,A,,B
1,20,3376,00:01:52.64586666666666,A2,292,798,A2,254.0,800.0,,,,A
1,20,3409,00:01:53.74696666666668,A2,254,800,A2,148.0,668.0,,,,B
1,20,3424,00:01:54.24746666666667,A2,148,668,A2,256.0,800.0,,,,A
1,20,3446,00:01:54.981533333333346,A2,256,800,A2,256.0,798.0,,,,B
1,20,3476,00:01:55.982533333333336,A2,256,798,A3,172.0,886.0,,,,A
1,20,3487,00:01:56.34956666666666,A3,172,886,A2,262.0,798.0,,,,B
1,20,3503,00:01:56.88343333333333,A2,262,798,A2,188.0,778.0,,,,A
1,20,3513,00:01:57.2171,A2,188,778,B1,392.0,532.0,,,,B
1,20,3524,00:01:57.58413333333333,B1,392,532,D2,456.0,750.0,落地,B,,A
1,21,3609,00:02:00.42029999999999745,D2,456,750,A1,302.0,622.0,,,,B
1,21,3623,00:02:00.887433333333334,A1,302,622,A2,156.0,838.0,,,,A
1,21,3652,00:02:01.8550666666666586,A2,156,838,A1,298.0,588.0,,,,B
1,21,3670,00:02:02.455666666666673,A1,298,588,A1,300.0,484.0,,,,A
1,21,3692,00:02:03.1897333333333364,A1,300,484,A1,308.0,488.0,出界,A,,B
1,22,3710,00:02:03.7903333333333222,A1,308,488,A1,298.0,504.0,,,,A
1,22,3733,00:02:04.557766666666666,A1,298,504,A2,156.0,636.0,,,,B
1,22,3761,00:02:05.492033333333339,A2,156,636,A2,138.0,738.0,,,,A
1,22,3777,00:02:06.025900000000007,A2,138,738,A2,238.0,784.0,,,,B
1,22,3789,00:02:06.426299999999998,A2,238,784,A2,284.0,802.0,,,,A
1,22,3803,00:02:06.893433333333334,A2,284,802,A2,308.0,830.0,,,,B
1,22,3828,00:02:07.72760000000001,A2,308,830,A2,200.0,852.0,,,,A
1,22,3847,00:02:08.361566666666675,A2,200,852,A2,234.0,858.0,出界,A,,B
2,1,3899,00:02:10.09663333333333,A2,234,858,A2,306.0,842.0,,,,A
2,1,3914,00:02:10.597133333333318,A2,306,842,A2,252.0,798.0,,,,B
2,1,3978,00:02:12.73260000000002,A2,252,798,A3,300.0,904.0,,,,A
2,1,3996,00:02:13.333200000000005,A3,300,904,A2,256.0,798.0,出界,B,,B
2,2,4019,00:02:14.10063333333332,A2,256,798,A1,190.0,550.0,,,,B
2,2,4040,00:02:14.801333333333332,A1,190,550,A3,164.0,868.0,,,,A
2,2,4058,00:02:15.401933333333346,A3,164,868,A3,160.0,902.0,,,,B
2,2,4069,00:02:15.768966666666671,A3,160,902,D2,430.0,684.0,,,,A
2,2,4100,00:02:16.80333333333334,D2,430,684,D2,448.0,654.0,,,,B
2,2,4119,00:02:17.437299999999993,D2,448,654,D1,446.0,624.0,,,,A
2,2,4135,00:02:17.971166666666647,D1,446,624,B2,374.0,660.0,,,,B
2,2,4145,00:02:18.304833333333335,B2,374,660,B2,328.0,712.0,,,,A
2,2,4155,00:02:18.638499999999993,B2,328,712,A2,310.0,754.0,,,,B
2,2,4166,00:02:19.005533333333318,A2,310,754,A2,276.0,684.0,,,,A
2,2,4176,00:02:19.339200000000005,A2,276,684,A1,244.0,584.0,,,,B
2,2,4186,00:02:19.672866666666664,A1,244,584,A1,300.0,508.0,,,,A
2,2,4196,00:02:20.006533333333323,A1,300,508,A2,310.0,740.0,,,,B
2,2,4210,00:02:20.473666666666645,A2,310,740,A2,294.0,800.0,,,,A
2,2,4222,00:02:20.874066666666693,A2,294,800,A2,248.0,806.0,,,,B
2,2,4238,00:02:21.407933333333347,A2,248,806,A2,252.0,728.0,,,,A
2,2,4250,00:02:21.808333333333337,A2,252,728,A1,304.0,524.0,,,,B
2,2,4264,00:02:22.275466666666688,A1,304,524,A2,258.0,798.0,,,,A
2,2,4276,00:02:22.67586666666668,A2,258,798,A1,174.0,508.0,,,,B
2,2,4300,00:02:23.47666666666666,A1,174,508,A1,176.0,504.0,,,,A
2,2,4310,00:02:23.810333333333347,A1,176,504,A2,256.0,798.0,,,,B
2,2,4320,00:02:24.144000000000005,A2,256,798,A3,132.0,870.0,,,,A
2,2,4333,00:02:24.577766666666662,A3,132,870,D1,430.0,628.0,,,,B
2,2,4343,00:02:24.91143333333335,D1,430,628,A2,262.0,706.0,出界,B,,A
2,3,4382,00:02:26.212733333333347,A2,262,706,D1,440.0,620.0,,,,B
2,3,4398,00:02:26.7466,D1,440,620,D2,442.0,662.0,,,,A
2,3,4410,00:02:27.14699999999999,D2,442,662,D2,468.0,652.0,,,,B
2,3,4421,00:02:27.514033333333316,D2,468,652,A2,166.0,808.0,,,,A
2,3,4444,00:02:28.281466666666688,A2,166,808,A1,278.0,616.0,,,,B
2,3,4454,00:02:28.61513333333332,A1,278,616,A2,256.0,800.0,,,,A
2,3,4474,00:02:29.282466666666664,A2,256,800,A2,256.0,798.0,,,,B
2,3,4498,00:02:30.083266666666674,A2,256,798,A2,256.0,800.0,,,,A
2,3,4509,00:02:30.4503,A2,256,800,A2,256.0,798.0,出界,B,,B
2,4,4521,00:02:30.850700000000018,A2,256,798,A2,268.0,732.0,,,,B
2,4,4534,00:02:31.284466666666674,A2,268,732,A3,314.0,888.0,,,,A
2,4,4552,00:02:31.885066666666688,A3,314,888,A2,256.0,800.0,,,,B
2,4,4574,00:02:32.61913333333334,A2,256,800,A2,314.0,692.0,,,,A
2,4,4588,00:02:33.08626666666666,A2,314,692,A2,148.0,858.0,,,,B
2,4,4615,00:02:33.98716666666667,A2,148,858,A2,256.0,798.0,,,,A
2,4,4647,00:02:35.0549,A2,256,798,A1,262.0,558.0,,,,B
2,4,4675,00:02:35.98916666666665,A1,262,558,D2,424.0,672.0,出界,B,,A
2,5,4697,00:02:36.723233333333326,D2,424,672,D2,446.0,654.0,,,,B
2,5,4721,00:02:37.524033333333335,D2,446,654,A1,162.0,614.0,,,,A
2,5,4735,00:02:37.99116666666666,A1,162,614,A1,246.0,476.0,,,,B
2,5,4766,00:02:39.02553333333333,A1,246,476,A1,294.0,494.0,,,,A
2,5,4777,00:02:39.39256666666668,A1,294,494,A1,294.0,530.0,,,,B
2,5,4789,00:02:39.79296666666667,A1,294,530,A1,298.0,622.0,,,,A
2,5,4802,00:02:40.22673333333333,A1,298,622,B2,328.0,730.0,,,,B
2,5,4814,00:02:40.62713333333332,B2,328,730,A2,308.0,812.0,,,,A
2,5,4834,00:02:41.294466666666665,A2,308,812,A2,308.0,820.0,,,,B
2,5,4846,00:02:41.694866666666655,A2,308,820,A2,262.0,702.0,,,,A
2,5,4856,00:02:42.028533333333314,A2,262,702,B1,322.0,562.0,,,,B
2,5,4872,00:02:42.5624,B1,322,562,A1,280.0,594.0,,,,A
2,5,4925,00:02:44.330833333333345,A1,280,594,A2,256.0,798.0,,,,B
2,5,4943,00:02:44.93143333333336,A2,256,798,A1,208.0,540.0,,,,A
2,5,4974,00:02:45.96580000000003,A1,208,540,A2,236.0,694.0,出界,B,,B
2,6,4986,00:02:46.36620000000002,A2,236,694,A2,312.0,784.0,,,,B
2,6,4996,00:02:46.69986666666668,A2,312,784,A2,312.0,852.0,,,,A
2,6,5017,00:02:47.40056666666669,A2,312,852,A2,254.0,800.0,,,,B
2,6,5045,00:02:48.334833333333336,A2,254,800,A3,182.0,894.0,,,,A
2,6,5074,00:02:49.302466666666675,A3,182,894,D1,458.0,574.0,,,,B
2,6,5123,00:02:50.93743333333336,D1,458,574,A2,178.0,688.0,,,,A
2,6,5137,00:02:51.40456666666668,A2,178,688,A2,160.0,772.0,,,,B
2,6,5163,00:02:52.272099999999995,A2,160,772,A1,278.0,446.0,,,,A
2,6,5195,00:02:53.33983333333333,A1,278,446,A2,254.0,800.0,出界,B,,B
2,7,5231,00:02:54.54103333333333,A2,254,800,A2,254.0,798.0,,,,B
2,7,5242,00:02:54.908066666666684,A2,254,798,A3,176.0,890.0,,,,A
2,7,5257,00:02:55.40856666666667,A3,176,890,A2,256.0,798.0,,,,B
2,7,5310,00:02:57.17699999999999,A2,256,798,A2,296.0,706.0,,,,A
2,7,5321,00:02:57.54403333333332,A2,296,706,B2,332.0,760.0,,,,B
2,7,5331,00:02:57.877700000000004,B2,332,760,A2,256.0,798.0,,,,A
2,7,5350,00:02:58.511666666666656,A2,256,798,A1,182.0,570.0,,,,B
2,7,5362,00:02:58.912066666666675,A1,182,570,A1,302.0,512.0,,,,A
2,7,5381,00:02:59.54603333333333,A1,302,512,A1,300.0,572.0,,,,B
2,7,5397,00:03:00.07989999999998076,A1,300,572,A2,302.0,638.0,,,,A
2,7,5409,00:03:00.48030000000002815,A2,302,638,A2,314.0,720.0,,,,B
2,7,5419,00:03:00.8139666666666869,A2,314,720,A2,306.0,820.0,,,,A
2,7,5439,00:03:01.4813000000000045,A2,306,820,A2,316.0,844.0,,,,B
2,7,5449,00:03:01.8149666666666633,A2,316,844,A3,290.0,868.0,,,,A
2,7,5459,00:03:02.148633333333322,A3,290,868,A2,308.0,792.0,,,,B
2,7,5471,00:03:02.5490333333333126,A2,308,792,A3,300.0,900.0,,,,A
2,7,5494,00:03:03.3164666666666847,A3,300,900,A1,316.0,586.0,出界,B,,B
2,8,5528,00:03:04.450933333333353,A1,316,586,A1,278.0,542.0,,,,B
2,8,5548,00:03:05.1182666666666705,A1,278,542,A2,146.0,644.0,,,,A
2,8,5589,00:03:06.486300000000028,A2,146,644,A1,216.0,554.0,,,,B
2,8,5603,00:03:06.953433333333351,A1,216,554,A2,132.0,708.0,,,,A
2,8,5662,00:03:08.922066666666694,A2,132,708,A1,134.0,608.0,,,,B
2,8,5672,00:03:09.255733333333325,A1,134,608,A1,234.0,526.0,,,,A
2,8,5686,00:03:09.722866666666675,A1,234,526,A2,256.0,798.0,出界,B,,B
2,9,5707,00:03:10.423566666666687,A2,256,798,A1,302.0,558.0,,,,B
2,9,5724,00:03:10.990800000000007,A1,302,558,A1,308.0,584.0,,,,A
2,9,5752,00:03:11.92506666666668,A1,308,584,A3,172.0,882.0,,,,B
2,9,5766,00:03:12.392200000000003,A3,172,882,A3,164.0,886.0,,,,A
2,9,5778,00:03:12.792599999999993,A3,164,886,A3,168.0,888.0,,,,B
2,9,5792,00:03:13.259733333333344,A3,168,888,A1,306.0,618.0,,,,A
2,9,5804,00:03:13.660133333333334,A1,306,618,A2,308.0,634.0,,,,B
2,9,5826,00:03:14.394200000000012,A2,308,634,A1,152.0,510.0,,,,A
2,9,5870,00:03:15.86233333333334,A1,152,510,A1,294.0,482.0,,,,B
2,9,5880,00:03:16.195999999999998,A1,294,482,A1,140.0,542.0,出界,B,,A
2,10,5922,00:03:17.597399999999993,A1,140,542,A4,300.0,468.0,,,,B
2,10,5960,00:03:18.865333333333353,A4,300,468,A1,302.0,478.0,,,,A
2,10,5970,00:03:19.199000000000012,A1,302,478,A1,304.0,478.0,,,,B
2,10,5981,00:03:19.566033333333337,A1,304,478,A1,298.0,454.0,,,,A
2,10,5995,00:03:20.03316666666666,A1,298,454,A2,144.0,776.0,,,,B
2,10,6045,00:03:21.70150000000001,A2,144,776,A1,138.0,534.0,,,,A
2,10,6068,00:03:22.468933333333354,A1,138,534,A1,292.0,480.0,,,,B
2,10,6079,00:03:22.83596666666668,A1,292,480,A2,296.0,840.0,出界,B,,A
2,11,6148,00:03:25.138266666666652,A2,296,840,A2,248.0,842.0,,,,B
2,11,6166,00:03:25.738866666666667,A2,248,842,A3,312.0,870.0,,,,A
2,11,6178,00:03:26.139266666666657,A3,312,870,A3,174.0,884.0,,,,B
2,11,6244,00:03:28.341466666666662,A3,174,884,A3,166.0,884.0,出界,B,,A
2,12,6263,00:03:28.975433333333342,A3,166,884,A3,168.0,884.0,,,,B
2,12,6292,00:03:29.94306666666668,A3,168,884,A3,166.0,884.0,,,,A
2,12,6311,00:03:30.577033333333333,A3,166,884,D3,566.0,928.0,,,,B
2,12,6368,00:03:32.478933333333345,D3,566,928,A3,182.0,898.0,出界,B,,A
2,13,6459,00:03:35.515300000000025,A3,182,898,A2,254.0,798.0,,,,B
2,13,6508,00:03:37.15026666666665,A2,254,798,A2,256.0,798.0,出界,B,,A
2,14,6586,00:03:39.75286666666668,A2,256,798,A1,262.0,562.0,,,,B
2,14,6691,00:03:43.25636666666668,A1,262,562,A2,184.0,778.0,,,,A
2,14,6706,00:03:43.75686666666667,A2,184,778,A2,256.0,798.0,,,,B
2,14,6719,00:03:44.190633333333324,A2,256,798,A1,298.0,606.0,,,,A
2,14,6753,00:03:45.32509999999999,A1,298,606,A2,278.0,718.0,出界,B,,B
2,15,6779,00:03:46.19263333333333,A2,278,718,A1,168.0,560.0,,,,B
2,15,6815,00:03:47.39383333333333,A1,168,560,A1,166.0,524.0,,,,A
2,15,6835,00:03:48.06116666666665,A1,166,524,A1,166.0,588.0,,,,B
2,15,6863,00:03:48.99543333333335,A1,166,588,B1,364.0,562.0,,,,A
2,15,6874,00:03:49.36246666666668,B1,364,562,A2,284.0,664.0,,,,B
2,15,6887,00:03:49.79623333333333,A2,284,664,B2,322.0,786.0,,,,A
2,15,6905,00:03:50.39683333333335,B2,322,786,A2,296.0,828.0,,,,B
2,15,6917,00:03:50.79723333333334,A2,296,828,A2,314.0,852.0,,,,A
2,15,6929,00:03:51.19763333333333,A2,314,852,A2,240.0,704.0,出界,B,,B
2,16,6946,00:03:51.76486666666668,A2,240,704,A1,186.0,602.0,,,,B
2,16,6958,00:03:52.16526666666667,A1,186,602,A1,218.0,568.0,,,,A
2,16,6968,00:03:52.498933333333355,A1,218,568,A1,296.0,512.0,,,,B
2,16,6978,00:03:52.83260000000001,A1,296,512,D1,456.0,528.0,,,,A
2,16,7004,00:03:53.700133333333326,D1,456,528,A2,256.0,800.0,,,,B
2,16,7014,00:03:54.033800000000014,A2,256,800,A3,166.0,886.0,,,,A
2,16,7045,00:03:55.068166666666656,A3,166,886,D2,420.0,670.0,,,,B
2,16,7058,00:03:55.50193333333334,D2,420,670,A3,164.0,888.0,,,,A
2,16,7086,00:03:56.436200000000014,A3,164,888,A3,170.0,886.0,,,,B
2,16,7096,00:03:56.76986666666667,A3,170,886,A2,298.0,696.0,出界,B,,A
2,17,7131,00:03:57.93770000000001,A2,298,696,A1,258.0,588.0,,,,B
2,17,7173,00:03:59.3391,A1,258,588,A1,280.0,488.0,,,,A
2,17,7194,00:04:00.039800000000013824,A1,280,488,A1,298.0,482.0,,,,B
2,17,7239,00:04:01.5413000000000068,A1,298,482,D1,402.0,522.0,,,,A
2,17,7261,00:04:02.275366666666656,D1,402,522,A1,286.0,488.0,出界,B,,B
2,18,7277,00:04:02.8092333333333386,A1,286,488,A1,150.0,506.0,,,,B
2,18,7306,00:04:03.7768666666666775,A1,150,506,A1,292.0,514.0,,,,A
2,18,7316,00:04:04.110533333333336,A1,292,514,A3,316.0,904.0,,,,B
2,18,7397,00:04:06.813233333333329,A3,316,904,A2,310.0,690.0,出界,B,,A
2,19,7470,00:04:09.248999999999995,A2,310,690,A3,178.0,874.0,,,,B
2,19,7482,00:04:09.649399999999986,A3,178,874,A3,176.0,874.0,,,,A
2,19,7496,00:04:10.116533333333336,A3,176,874,A2,238.0,632.0,,,,B
2,19,7519,00:04:10.88396666666668,A2,238,632,B1,324.0,572.0,,,,A
2,19,7529,00:04:11.217633333333339,B1,324,572,A2,252.0,798.0,,,,B
2,19,7540,00:04:11.584666666666664,A2,252,798,A1,310.0,582.0,,,,A
2,19,7551,00:04:11.951700000000017,A1,310,582,A2,252.0,798.0,,,,B
2,19,7564,00:04:12.385466666666673,A2,252,798,A2,170.0,734.0,,,,A
2,19,7575,00:04:12.752499999999998,A2,170,734,A2,234.0,852.0,,,,B
2,19,7595,00:04:13.419833333333344,A2,234,852,A2,256.0,798.0,,,,A
2,19,7605,00:04:13.753500000000003,A2,256,798,A2,282.0,832.0,出界,B,,B
2,20,7623,00:04:14.354100000000017,A2,282,832,A2,230.0,856.0,,,,B
2,20,7633,00:04:14.687766666666676,A2,230,856,B3,336.0,904.0,,,,A
2,20,7652,00:04:15.321733333333327,B3,336,904,A2,302.0,846.0,,,,B
2,20,7676,00:04:16.12253333333331,A2,302,846,A2,310.0,788.0,,,,A
2,20,7697,00:04:16.82323333333335,A2,310,788,A2,254.0,800.0,,,,B
2,20,7709,00:04:17.22363333333334,A2,254,800,D2,450.0,722.0,,,,A
2,20,7719,00:04:17.557299999999998,D2,450,722,A3,158.0,892.0,,,,B
2,20,7732,00:04:17.991066666666654,A3,158,892,A3,158.0,886.0,,,,A
2,20,7747,00:04:18.4915666666667,A3,158,886,A2,256.0,798.0,,,,B
2,20,7757,00:04:18.825233333333358,A2,256,798,A2,254.0,800.0,,,,A
2,20,7770,00:04:19.259000000000015,A2,254,800,A2,296.0,710.0,,,,B
2,20,7788,00:04:19.8596,A2,296,710,A3,172.0,888.0,,,,A
2,20,7804,00:04:20.393466666666654,A3,172,888,A2,226.0,720.0,,,,B
2,20,7814,00:04:20.727133333333313,A2,226,720,A2,160.0,634.0,,,,A
2,20,7826,00:04:21.127533333333304,A2,160,634,A3,162.0,888.0,出界,B,,B
2,21,7839,00:04:21.561300000000017,A3,162,888,A2,294.0,758.0,,,,B
2,21,7852,00:04:21.995066666666673,A2,294,758,A2,256.0,810.0,,,,A
2,21,7869,00:04:22.562299999999993,A2,256,810,A2,306.0,848.0,,,,B
2,21,7891,00:04:23.2963666666667,A2,306,848,A2,218.0,764.0,,,,A
2,21,7907,00:04:23.830233333333354,A2,218,764,A1,142.0,618.0,,,,B
2,21,7946,00:04:25.131533333333323,A1,142,618,A3,162.0,888.0,,,,A
2,21,7967,00:04:25.832233333333363,A3,162,888,A1,286.0,494.0,,,,B
2,21,7986,00:04:26.466200000000015,A1,286,494,A1,258.0,474.0,,,,A
2,21,7997,00:04:26.83323333333334,A1,258,474,A1,234.0,474.0,,,,B
2,21,8020,00:04:27.60066666666671,A1,234,474,A3,166.0,888.0,,,,A
2,21,8030,00:04:27.934333333333313,A3,166,888,A3,162.0,884.0,,,,B
2,21,8040,00:04:28.267999999999972,A3,162,884,A2,254.0,798.0,出界,B,,A
3,1,8050,00:04:28.601666666666688,A2,254,798,A2,256.0,798.0,,,,B
3,1,8067,00:04:29.168900000000008,A2,256,798,A2,256.0,798.0,,,,A
3,1,8084,00:04:29.736133333333385,A2,256,798,A2,256.0,798.0,,,,B
3,1,8098,00:04:30.20326666666665,A2,256,798,A2,256.0,800.0,,,,A
3,1,8110,00:04:30.603666666666697,A2,256,800,A2,256.0,800.0,,,,B
3,1,8120,00:04:30.9373333333333,A2,256,800,D1,428.0,560.0,,,,A
3,1,8132,00:04:31.337733333333347,D1,428,560,A2,254.0,800.0,,,,B
3,1,8154,00:04:32.071799999999996,A2,254,800,A2,254.0,798.0,,,,A
3,1,8174,00:04:32.73913333333337,A2,254,798,A2,282.0,812.0,,,,B
3,1,8204,00:04:33.74013333333335,A2,282,812,A2,276.0,674.0,出界,A,,A
3,2,8225,00:04:34.44083333333333,A2,276,674,A1,258.0,596.0,,,,A
3,2,8235,00:04:34.77449999999999,A1,258,596,A1,314.0,562.0,,,,B
3,2,8245,00:04:35.108166666666705,A1,314,562,D1,470.0,606.0,,,,A
3,2,8257,00:04:35.50856666666664,D1,470,606,A1,312.0,474.0,,,,B
3,2,8267,00:04:35.842233333333354,A1,312,474,A1,218.0,552.0,,,,A
3,2,8282,00:04:36.34273333333334,A1,218,552,A2,210.0,826.0,,,,B
3,2,8328,00:04:37.87759999999997,A2,210,826,A2,306.0,860.0,,,,A
3,2,8339,00:04:38.244633333333354,A2,306,860,A2,268.0,692.0,,,,B
3,2,8355,00:04:38.77850000000001,A2,268,692,A1,252.0,534.0,,,,A
3,2,8378,00:04:39.54593333333332,A1,252,534,D2,456.0,688.0,出界,A,,B
3,3,8403,00:04:40.38009999999997,D2,456,688,A2,254.0,798.0,,,,A
3,3,8413,00:04:40.713766666666686,A2,254,798,A2,254.0,800.0,,,,B
3,3,8425,00:04:41.11416666666668,A2,254,800,A2,254.0,800.0,,,,A
3,3,8441,00:04:41.64803333333333,A2,254,800,A1,274.0,544.0,,,,B
3,3,8453,00:04:42.04843333333332,A1,274,544,A2,254.0,798.0,,,,A
3,3,8487,00:04:43.18290000000002,A2,254,798,A2,254.0,798.0,,,,B
3,3,8500,00:04:43.616666666666674,A2,254,798,A2,254.0,798.0,,,,A
3,3,8519,00:04:44.25063333333338,A2,254,798,A2,150.0,762.0,,,,B
3,3,8532,00:04:44.68440000000004,A2,150,762,A1,218.0,550.0,,,,A
3,3,8559,00:04:45.58529999999996,A1,218,550,A2,254.0,800.0,出界,A,,B
3,4,8635,00:04:48.12116666666668,A2,254,800,D1,448.0,620.0,,,,A
3,4,8652,00:04:48.6884,D1,448,620,D1,438.0,624.0,,,,B
3,4,8681,00:04:49.65603333333331,D1,438,624,A3,312.0,902.0,,,,A
3,4,8697,00:04:50.18990000000002,A3,312,902,D1,444.0,622.0,,,,B
3,4,8726,00:04:51.15753333333333,D1,444,622,D2,438.0,658.0,,,,A
3,4,8738,00:04:51.557933333333324,D2,438,658,D2,458.0,684.0,,,,B
3,4,8779,00:04:52.92596666666668,D2,458,684,A2,294.0,672.0,,,,A
3,4,8801,00:04:53.66003333333333,A2,294,672,A1,292.0,546.0,,,,B
3,4,8818,00:04:54.22726666666665,A1,292,546,A1,290.0,506.0,,,,A
3,4,8831,00:04:54.66103333333331,A1,290,506,A2,256.0,798.0,,,,B
3,4,8841,00:04:54.99470000000002,A2,256,798,A2,258.0,798.0,,,,A
3,4,8851,00:04:55.32836666666668,A2,258,798,A1,308.0,492.0,,,,B
3,4,8861,00:04:55.66203333333334,A1,308,492,A3,316.0,902.0,,,,A
3,4,8873,00:04:56.06243333333333,A3,316,902,A2,270.0,654.0,,,,B
3,4,8884,00:04:56.429466666666656,A2,270,654,A2,316.0,758.0,,,,A
3,4,8895,00:04:56.79649999999998,A2,316,758,A2,254.0,802.0,落地,B,,B
3,5,8907,00:04:57.19690000000003,A2,254,802,A2,312.0,776.0,,,,B
3,5,8936,00:04:58.16453333333334,A2,312,776,A2,254.0,798.0,,,,A
3,5,8963,00:04:59.065433333333374,A2,254,798,A2,254.0,798.0,,,,B
3,5,8976,00:04:59.49920000000003,A2,254,798,A2,286.0,774.0,,,,A
3,5,8987,00:04:59.866233333333355,A2,286,774,A2,310.0,812.0,,,,B
3,5,9005,00:05:00.46683333333334076,A2,310,812,A2,224.0,848.0,,,,A
3,5,9015,00:05:00.8004999999999995,A2,224,848,A3,298.0,898.0,,,,B
3,5,9039,00:05:01.6012999999999806,A3,298,898,A2,254.0,798.0,,,,A
3,5,9053,00:05:02.0684333333333598,A2,254,798,A2,254.0,798.0,出界,A,,B
3,6,9066,00:05:02.502200000000016,A2,254,798,A2,254.0,798.0,,,,A
3,6,9079,00:05:02.9359666666666726,A2,254,798,A1,298.0,480.0,,,,B
3,6,9089,00:05:03.2696333333333882,A1,298,480,A2,254.0,798.0,,,,A
3,6,9108,00:05:03.903599999999983,A2,254,798,D1,442.0,626.0,,,,B
3,6,9138,00:05:04.904599999999959,D1,442,626,D2,444.0,664.0,,,,A
3,6,9148,00:05:05.238266666666675,D2,444,664,A2,304.0,794.0,,,,B
3,6,9159,00:05:05.6053,A2,304,794,A3,304.0,898.0,,,,A
3,6,9170,00:05:05.972333333333324,A3,304,898,A2,252.0,800.0,,,,B
3,6,9186,00:05:06.506200000000035,A2,252,800,A2,204.0,814.0,,,,A
3,6,9205,00:05:07.140166666666687,A2,204,814,A2,204.0,814.0,,,,B
3,6,9217,00:05:07.5405666666666775,A2,204,814,A2,204.0,814.0,出界,A,,A
3,7,9229,00:05:07.940966666666668,A2,204,814,A2,204.0,810.0,,,,A
3,7,9248,00:05:08.574933333333377,A2,204,810,A2,204.0,814.0,,,,B
3,7,9283,00:05:09.742766666666682,A2,204,814,A1,254.0,562.0,,,,A
3,7,9294,00:05:10.109800000000007,A1,254,562,A2,204.0,814.0,,,,B
3,7,9309,00:05:10.610299999999995,A2,204,814,D2,428.0,676.0,,,,A
3,7,9320,00:05:10.97733333333332,D2,428,676,D2,450.0,698.0,,,,B
3,7,9335,00:05:11.477833333333308,D2,450,698,D2,446.0,640.0,,,,A
3,7,9358,00:05:12.24526666666668,D2,446,640,B2,360.0,658.0,,,,B
3,7,9368,00:05:12.578933333333339,B2,360,658,A2,274.0,702.0,,,,A
3,7,9378,00:05:12.912599999999998,A2,274,702,A2,266.0,724.0,,,,B
3,7,9390,00:05:13.312999999999988,A2,266,724,A2,316.0,814.0,,,,A
3,7,9409,00:05:13.946966666666697,A2,316,814,A2,204.0,814.0,出界,A,,B
3,8,9444,00:05:15.114800000000002,A2,204,814,A2,196.0,666.0,,,,A
3,8,9454,00:05:15.448466666666661,A2,196,666,A1,254.0,564.0,,,,B
3,8,9468,00:05:15.915599999999984,A1,254,564,A2,202.0,816.0,,,,A
3,8,9482,00:05:16.382733333333363,A2,202,816,A2,202.0,818.0,,,,B
3,8,9492,00:05:16.71640000000002,A2,202,818,A2,202.0,818.0,,,,A
3,8,9502,00:05:17.050066666666623,A2,202,818,A1,264.0,542.0,,,,B
3,8,9516,00:05:17.517200000000003,A1,264,542,A2,202.0,816.0,,,,A
3,8,9538,00:05:18.251266666666652,A2,202,816,A1,160.0,566.0,,,,B
3,8,9577,00:05:19.552566666666678,A1,160,566,A2,202.0,816.0,,,,A
3,8,9588,00:05:19.919600000000003,A2,202,816,A2,202.0,816.0,,,,B
3,8,9601,00:05:20.353366666666716,A2,202,816,A2,202.0,814.0,,,,A
3,8,9611,00:05:20.687033333333318,A2,202,814,A2,204.0,814.0,,,,B
3,8,9627,00:05:21.22090000000003,A2,204,814,A2,204.0,814.0,,,,A
3,8,9640,00:05:21.654666666666685,A2,204,814,A2,202.0,818.0,,,,B
3,8,9664,00:05:22.455466666666666,A2,202,818,D1,428.0,546.0,未回擊成功,B,,A
3,9,9680,00:05:22.98933333333332,D1,428,546,A1,306.0,626.0,,,,B
3,9,9694,00:05:23.4564666666667,A1,306,626,A2,204.0,814.0,,,,A
3,9,9707,00:05:23.890233333333356,A2,204,814,A1,296.0,516.0,,,,B
3,9,9722,00:05:24.390733333333344,A1,296,516,A1,296.0,494.0,,,,A
3,9,9736,00:05:24.857866666666723,A1,296,494,A1,302.0,470.0,,,,B
3,9,9748,00:05:25.258266666666657,A1,302,470,A1,290.0,502.0,,,,A
3,9,9758,00:05:25.591933333333373,A1,290,502,D1,432.0,624.0,,,,B
3,9,9794,00:05:26.793133333333344,D1,432,624,A2,202.0,818.0,,,,A
3,9,9811,00:05:27.36036666666672,A2,202,818,A1,308.0,544.0,,,,B
3,9,9823,00:05:27.760766666666655,A1,308,544,A2,202.0,820.0,,,,A
3,9,9838,00:05:28.261266666666643,A2,202,820,A2,310.0,748.0,,,,B
3,9,9848,00:05:28.59493333333336,A2,310,748,A2,202.0,820.0,出界,A,,A
3,10,9858,00:05:28.928600000000017,A2,202,820,B3,324.0,896.0,,,,A
3,10,9880,00:05:29.662666666666667,B3,324,896,A2,204.0,818.0,,,,B
3,10,9897,00:05:30.229900000000043,A2,204,818,A2,276.0,800.0,,,,A
3,10,9913,00:05:30.76376666666664,A2,276,800,A3,258.0,872.0,,,,B
3,10,9931,00:05:31.364366666666683,A3,258,872,A2,202.0,818.0,,,,A
3,10,9947,00:05:31.898233333333337,A2,202,818,A2,202.0,818.0,,,,B
3,10,9964,00:05:32.46546666666666,A2,202,818,A2,148.0,764.0,,,,A
3,10,9987,00:05:33.23290000000003,A2,148,764,A2,238.0,818.0,,,,B
3,10,9997,00:05:33.56656666666663,A2,238,818,A2,204.0,818.0,出界,A,,A
3,11,10023,00:05:34.43410000000006,A2,204,818,A2,204.0,818.0,,,,A
3,11,10035,00:05:34.83449999999999,A2,204,818,A1,198.0,540.0,,,,B
3,11,10045,00:05:35.16816666666671,A1,198,540,A2,204.0,818.0,,,,A
3,11,10072,00:05:36.06906666666663,A2,204,818,A1,296.0,518.0,,,,B
3,11,10083,00:05:36.43610000000001,A1,296,518,A2,204.0,818.0,,,,A
3,11,10093,00:05:36.76976666666667,A2,204,818,A1,296.0,456.0,,,,B
3,11,10109,00:05:37.30363333333338,A1,296,456,A2,232.0,786.0,,,,A
3,11,10153,00:05:38.77176666666668,A2,232,786,A2,286.0,782.0,,,,B
3,11,10177,00:05:39.57256666666666,A2,286,782,A2,204.0,818.0,,,,A
3,11,10190,00:05:40.006333333333316,A2,204,818,A3,278.0,898.0,,,,B
3,11,10203,00:05:40.44010000000003,A3,278,898,A2,204.0,814.0,出界,A,,A
3,12,10267,00:05:42.575566666666646,A2,204,814,A2,204.0,814.0,,,,A
3,12,10299,00:05:43.64330000000001,A2,204,814,A1,216.0,512.0,,,,B
3,12,10317,00:05:44.2439,A1,216,512,A2,210.0,818.0,,,,A
3,12,10327,00:05:44.577566666666655,A2,210,818,A1,218.0,520.0,,,,B
3,12,10338,00:05:44.94460000000004,A1,218,520,A1,220.0,522.0,,,,A
3,12,10353,00:05:45.445100000000025,A1,220,522,B3,320.0,920.0,,,,B
3,12,10364,00:05:45.81213333333335,B3,320,920,A1,250.0,628.0,,,,A
3,12,10379,00:05:46.31263333333334,A1,250,628,D2,458.0,638.0,,,,B
3,12,10389,00:05:46.6463,D2,458,638,A2,260.0,810.0,,,,A
3,12,10401,00:05:47.04669999999999,A2,260,810,A2,156.0,710.0,,,,B
3,12,10417,00:05:47.58056666666664,A2,156,710,A2,250.0,808.0,,,,A
3,12,10428,00:05:47.94760000000002,A2,250,808,A2,250.0,806.0,,,,B
3,12,10438,00:05:48.28126666666668,A2,250,806,A1,276.0,496.0,,,,A
3,12,10448,00:05:48.61493333333334,A1,276,496,A1,306.0,492.0,,,,B
3,12,10458,00:05:48.948600000000056,A1,306,492,A1,294.0,496.0,,,,A
3,12,10473,00:05:49.449100000000044,A1,294,496,A1,250.0,518.0,,,,B
3,12,10487,00:05:49.91623333333331,A1,250,518,D1,434.0,522.0,,,,A
3,12,10515,00:05:50.85050000000001,D1,434,522,A2,264.0,810.0,,,,B
3,12,10525,00:05:51.18416666666667,A2,264,810,A1,258.0,582.0,,,,A
3,12,10537,00:05:51.58456666666666,A1,258,582,D2,434.0,682.0,,,,B
3,12,10550,00:05:52.01833333333332,D2,434,682,A1,246.0,558.0,,,,A
3,12,10593,00:05:53.45310000000006,A1,246,558,D2,424.0,672.0,,,,B
3,12,10615,00:05:54.18716666666671,D2,424,672,A1,154.0,568.0,,,,A
3,12,10654,00:05:55.48846666666668,A1,154,568,A1,242.0,582.0,,,,B
3,12,10667,00:05:55.92223333333334,A1,242,582,A1,298.0,476.0,,,,A
3,12,10681,00:05:56.38936666666672,A1,298,476,A1,310.0,566.0,,,,B
3,12,10698,00:05:56.95660000000004,A1,310,566,A1,282.0,448.0,,,,A
3,12,10725,00:05:57.857500000000016,A1,282,448,A1,302.0,518.0,,,,B
3,12,10746,00:05:58.5582,A1,302,518,A2,294.0,650.0,,,,A
3,12,10760,00:05:59.02533333333332,A2,294,650,B2,326.0,728.0,,,,B
3,12,10770,00:05:59.35899999999998,B2,326,728,A2,292.0,774.0,,,,A
3,12,10783,00:05:59.79276666666664,A2,292,774,A2,160.0,678.0,,,,B
3,12,10825,00:06:01.1941666666666606,A2,160,678,A1,312.0,474.0,,,,A
3,12,10865,00:06:02.5288333333332957,A1,312,474,A1,302.0,474.0,,,,B
3,12,10876,00:06:02.8958666666666772,A1,302,474,A1,292.0,560.0,,,,A
3,12,10887,00:06:03.262900000000002,A1,292,560,A1,142.0,626.0,,,,B
3,12,10905,00:06:03.8634999999999877,A1,142,626,A2,162.0,808.0,,,,A
3,12,10931,00:06:04.731033333333301,A2,162,808,A2,288.0,790.0,,,,B
3,12,10947,00:06:05.2649000000000115,A2,288,790,A2,278.0,798.0,,,,A
3,12,10990,00:06:06.699666666666701,A2,278,798,A2,294.0,798.0,,,,B
3,12,11019,00:06:07.6673000000000116,A2,294,798,D2,428.0,636.0,,,,A
3,12,11079,00:06:09.669299999999964,D2,428,636,A2,252.0,710.0,,,,B
3,12,11091,00:06:10.069700000000012,A2,252,710,A1,166.0,612.0,,,,A
3,12,11103,00:06:10.470100000000059,A1,166,612,D2,560.0,660.0,,,,B
3,12,11113,00:06:10.803766666666661,D2,560,660,D2,462.0,686.0,,,,A
3,12,11153,00:06:12.138433333333353,D2,462,686,A2,274.0,640.0,,,,B
3,12,11178,00:06:12.972600000000057,A2,274,640,A1,312.0,526.0,,,,A
3,12,11197,00:06:13.606566666666652,A1,312,526,C1,330.0,434.0,,,,B
3,12,11228,00:06:14.64093333333335,C1,330,434,A1,276.0,538.0,,,,A
3,12,11242,00:06:15.108066666666673,A1,276,538,A2,310.0,782.0,,,,B
3,12,11262,00:06:15.775400000000047,A2,310,782,A2,304.0,844.0,,,,A
3,12,11284,00:06:16.509466666666697,A2,304,844,A2,294.0,784.0,,,,B
3,12,11302,00:06:17.110066666666626,A2,294,784,A2,168.0,832.0,,,,A
3,12,11324,00:06:17.84413333333339,A2,168,832,A2,234.0,834.0,,,,B
3,12,11366,00:06:19.2455333333333,A2,234,834,A2,288.0,640.0,,,,A
3,12,11439,00:06:21.681299999999965,A2,288,640,A2,280.0,748.0,,,,B
3,12,11471,00:06:22.74903333333333,A2,280,748,D2,424.0,684.0,,,,A
3,12,11509,00:06:24.01696666666669,D2,424,684,D2,422.0,674.0,,,,B
3,12,11523,00:06:24.484100000000012,D2,422,674,D2,424.0,690.0,,,,A
3,12,11539,00:06:25.017966666666666,D2,424,690,D2,422.0,670.0,,,,B
3,12,11569,00:06:26.0189666666667,D2,422,670,D2,438.0,670.0,,,,A
3,12,11580,00:06:26.386000000000024,D2,438,670,A2,202.0,820.0,,,,B
3,12,11590,00:06:26.719666666666683,A2,202,820,A1,146.0,580.0,,,,A
3,12,11601,00:06:27.086700000000008,A1,146,580,A1,296.0,600.0,,,,B
3,12,11612,00:06:27.453733333333332,A1,296,600,A2,286.0,630.0,,,,A
3,12,11622,00:06:27.787400000000048,A2,286,630,A1,302.0,536.0,,,,B
3,12,11641,00:06:28.4213666666667,A1,302,536,A1,302.0,586.0,,,,A
3,12,11661,00:06:29.088700000000017,A1,302,586,D1,416.0,620.0,,,,B
3,12,11671,00:06:29.422366666666676,D1,416,620,D2,404.0,640.0,,,,A
3,12,11694,00:06:30.18979999999999,D2,404,640,A2,242.0,710.0,,,,B
3,12,11716,00:06:30.923866666666697,A2,242,710,D2,458.0,712.0,,,,A
3,12,11761,00:06:32.42536666666672,D2,458,712,A3,312.0,916.0,出界,A,,B
3,13,11817,00:06:34.29390000000001,A3,312,916,A2,214.0,672.0,,,,A
3,13,11842,00:06:35.128066666666655,A2,214,672,A3,312.0,918.0,,,,B
3,13,11859,00:06:35.695299999999975,A3,312,918,A1,294.0,462.0,,,,A
3,13,11894,00:06:36.86313333333334,A1,294,462,C1,350.0,428.0,,,,B
3,13,11916,00:06:37.59719999999999,C1,350,428,A1,294.0,592.0,,,,A
3,13,11926,00:06:37.9308666666667,A1,294,592,A1,308.0,476.0,,,,B
3,13,11940,00:06:38.398000000000025,A1,308,476,A2,204.0,820.0,出界,A,,A
3,14,11983,00:06:39.83276666666666,A2,204,820,A2,296.0,778.0,,,,A
3,14,11993,00:06:40.16643333333337,A2,296,778,A1,170.0,610.0,,,,B
3,14,12019,00:06:41.033966666666686,A1,170,610,B1,372.0,592.0,,,,A
3,14,12031,00:06:41.434366666666676,B1,372,592,A2,204.0,820.0,,,,B
3,14,12053,00:06:42.168433333333326,A2,204,820,A2,306.0,770.0,,,,A
3,14,12063,00:06:42.50210000000004,A2,306,770,A2,278.0,734.0,,,,B
3,14,12073,00:06:42.83576666666664,A2,278,734,A2,296.0,720.0,,,,A
3,14,12093,00:06:43.50310000000002,A2,296,720,A1,190.0,460.0,出界,B,,B
3,15,12109,00:06:44.03696666666667,A1,190,460,A1,216.0,470.0,,,,B
3,15,12139,00:06:45.03796666666665,A1,216,470,A1,210.0,526.0,,,,A
3,15,12156,00:06:45.605200000000025,A1,210,526,A1,298.0,556.0,,,,B
3,15,12167,00:06:45.97223333333335,A1,298,556,A1,180.0,448.0,,,,A
3,15,12181,00:06:46.43936666666667,A1,180,448,A2,254.0,644.0,,,,B
3,15,12194,00:06:46.873133333333385,A2,254,644,A3,312.0,916.0,,,,A
3,15,12236,00:06:48.27453333333335,A3,312,916,A2,246.0,644.0,,,,B
3,15,12255,00:06:48.908500000000004,A2,246,644,A2,310.0,670.0,出界,B,,A
3,16,12279,00:06:49.709299999999985,A2,310,670,A1,290.0,622.0,,,,B
3,16,12297,00:06:50.30990000000003,A1,290,622,A1,282.0,524.0,,,,A
3,16,12319,00:06:51.04396666666668,A1,282,524,A1,186.0,548.0,,,,B
3,16,12335,00:06:51.57783333333333,A1,186,548,A1,246.0,558.0,,,,A
3,16,12379,00:06:53.045966666666686,A1,246,558,A2,170.0,666.0,,,,B
3,16,12411,00:06:54.113699999999994,A2,170,666,A1,280.0,608.0,出界,B,,A
3,17,12449,00:06:55.381633333333355,A1,280,608,A2,310.0,830.0,,,,B
3,17,12493,00:06:56.84976666666665,A2,310,830,A1,290.0,606.0,,,,A
3,17,12506,00:06:57.28353333333331,A1,290,606,A1,300.0,556.0,,,,B
3,17,12527,00:06:57.98423333333335,A1,300,556,A1,292.0,484.0,,,,A
3,17,12542,00:06:58.48473333333334,A1,292,484,A2,152.0,832.0,出界,B,,B
3,18,12580,00:06:59.7526666666667,A2,152,832,A1,302.0,542.0,,,,B
3,18,12620,00:07:01.0873333333333335,A1,302,542,A1,292.0,568.0,,,,A
3,18,12631,00:07:01.454366666666715,A1,292,568,A1,296.0,572.0,,,,B
3,18,12643,00:07:01.8547666666666487,A1,296,572,A1,182.0,610.0,,,,A
3,18,12660,00:07:02.4220000000000255,A1,182,610,A2,198.0,800.0,,,,B
3,18,12693,00:07:03.5231000000000563,A2,198,800,A2,298.0,678.0,,,,A
3,18,12721,00:07:04.457366666666701,A2,298,678,A1,304.0,584.0,,,,B
3,18,12734,00:07:04.891133333333357,A1,304,584,A1,282.0,544.0,出界,B,,A
3,19,12744,00:07:05.224800000000016,A1,282,544,A1,132.0,528.0,,,,B
3,19,12757,00:07:05.6585666666666725,A1,132,528,A1,164.0,522.0,,,,A
3,19,12769,00:07:06.058966666666663,A1,164,522,A1,162.0,524.0,,,,B
3,19,12789,00:07:06.726299999999981,A1,162,524,A1,170.0,540.0,,,,A
3,19,12799,00:07:07.059966666666696,A1,170,540,A1,194.0,542.0,,,,B
3,19,12812,00:07:07.493733333333353,A1,194,542,B1,318.0,532.0,,,,A
3,19,12827,00:07:07.994233333333341,B1,318,532,B2,318.0,732.0,,,,B
3,19,12850,00:07:08.761666666666713,B2,318,732,A2,274.0,744.0,,,,A
3,19,12861,00:07:09.128700000000038,A2,274,744,A1,178.0,598.0,,,,B
3,19,12885,00:07:09.929500000000019,A1,178,598,A1,286.0,524.0,出界,B,,A
3,20,12924,00:07:11.230799999999988,A1,286,524,A2,186.0,784.0,,,,B
3,20,12981,00:07:13.1327,A2,186,784,A3,302.0,918.0,,,,A
3,20,13033,00:07:14.867766666666682,A3,302,918,A2,278.0,640.0,,,,B
3,20,13054,00:07:15.568466666666666,A2,278,640,A1,302.0,582.0,出界,B,,A
3,21,13079,00:07:16.40263333333337,A1,302,582,A2,148.0,662.0,,,,B
3,21,13090,00:07:16.769666666666694,A2,148,662,A2,286.0,636.0,,,,A
3,21,13110,00:07:17.437000000000012,A2,286,636,A3,262.0,922.0,,,,B
3,21,13143,00:07:18.538100000000043,A3,262,922,A2,304.0,788.0,,,,A
3,21,13155,00:07:18.938499999999976,A2,304,788,B2,374.0,654.0,,,,B
3,21,13165,00:07:19.272166666666692,B2,374,654,B1,318.0,624.0,,,,A
3,21,13179,00:07:19.739300000000014,B1,318,624,A1,306.0,604.0,,,,B
3,21,13204,00:07:20.57346666666666,A1,306,604,A1,298.0,622.0,,,,A
3,21,13215,00:07:20.940499999999986,A1,298,622,A2,312.0,638.0,,,,B
3,21,13225,00:07:21.2741666666667,A2,312,638,A2,276.0,728.0,出界,B,,A
3,22,13252,00:07:22.175066666666623,A2,276,728,A2,294.0,786.0,,,,B
3,22,13304,00:07:23.910133333333363,A2,294,786,A2,296.0,812.0,,,,A
3,22,13315,00:07:24.277166666666687,A2,296,812,B2,320.0,672.0,,,,B
3,22,13349,00:07:25.411633333333384,B2,320,672,A2,310.0,706.0,,,,A
3,22,13364,00:07:25.912133333333372,A2,310,706,A2,308.0,696.0,,,,B
3,22,13374,00:07:26.245799999999974,A2,308,696,B2,374.0,680.0,,,,A
3,22,13387,00:07:26.67956666666663,B2,374,680,A2,202.0,820.0,出界,B,,B
3,23,13400,00:07:27.113333333333287,A2,202,820,D1,418.0,612.0,,,,B
3,23,13410,00:07:27.447000000000003,D1,418,612,A1,174.0,614.0,,,,A
3,23,13447,00:07:28.68156666666664,A1,174,614,A1,292.0,506.0,,,,B
3,23,13478,00:07:29.71593333333334,A1,292,506,B2,364.0,632.0,,,,A
3,23,13488,00:07:30.049600000000055,B2,364,632,A1,308.0,526.0,,,,B
3,23,13498,00:07:30.383266666666657,A1,308,526,A1,298.0,516.0,,,,A
3,23,13509,00:07:30.75029999999998,A1,298,516,A1,316.0,612.0,,,,B
3,23,13519,00:07:31.083966666666697,A1,316,612,A1,296.0,546.0,,,,A
3,23,13534,00:07:31.584466666666685,A1,296,546,A1,256.0,486.0,,,,B
3,23,13562,00:07:32.51873333333333,A1,256,486,A1,300.0,486.0,出界,B,,A
3,24,13574,00:07:32.91913333333338,A1,300,486,A1,296.0,556.0,,,,B
3,24,13587,00:07:33.352900000000034,A1,296,556,A2,272.0,642.0,,,,A
3,24,13631,00:07:34.82103333333333,A2,272,642,A2,274.0,646.0,,,,B
3,24,13647,00:07:35.35490000000004,A2,274,646,A2,274.0,638.0,,,,A
3,24,13663,00:07:35.88876666666664,A2,274,638,A1,290.0,574.0,,,,B
3,24,13685,00:07:36.62283333333329,A1,290,574,A2,284.0,640.0,,,,A
3,24,13719,00:07:37.75729999999999,A2,284,640,B2,372.0,656.0,出界,B,,B
3,25,13736,00:07:38.32453333333331,B2,372,656,A3,172.0,896.0,,,,B
3,25,13761,00:07:39.15870000000001,A3,172,896,A2,290.0,778.0,,,,A
3,25,13772,00:07:39.525733333333335,A2,290,778,A2,290.0,774.0,,,,B
3,25,13782,00:07:39.85940000000005,A2,290,774,B2,362.0,770.0,,,,A
3,25,13792,00:07:40.19306666666665,B2,362,770,B2,324.0,734.0,,,,B
3,25,13802,00:07:40.52673333333331,B2,324,734,A2,298.0,692.0,,,,A
3,25,13822,00:07:41.19406666666663,A2,298,692,A1,284.0,568.0,,,,B
3,25,13841,00:07:41.82803333333334,A1,284,568,A1,248.0,524.0,,,,A
3,25,13852,00:07:42.19506666666666,A1,248,524,A2,172.0,776.0,,,,B
3,25,13865,00:07:42.62883333333332,A2,172,776,A2,170.0,738.0,,,,A
3,25,13884,00:07:43.26279999999997,A2,170,738,A1,298.0,628.0,出界,B,,B
3,26,13920,00:07:44.464,A1,298,628,A1,168.0,612.0,,,,B
3,26,13935,00:07:44.96449999999999,A1,168,612,A2,208.0,728.0,,,,A
3,26,13947,00:07:45.364900000000034,A2,208,728,A2,310.0,792.0,,,,B
3,26,13957,00:07:45.698566666666636,A2,310,792,A2,300.0,802.0,,,,A
3,26,13967,00:07:46.03223333333335,A2,300,802,A2,292.0,814.0,,,,B
3,26,13984,00:07:46.59946666666667,A2,292,814,A2,298.0,822.0,,,,A
3,26,14004,00:07:47.26679999999999,A2,298,822,A1,174.0,462.0,,,,B
3,26,14014,00:07:47.60046666666665,A1,174,462,A2,294.0,632.0,,,,A
3,26,14038,00:07:48.401266666666686,A2,294,632,B1,318.0,520.0,,,,B
3,26,14073,00:07:49.56910000000005,B1,318,520,B1,328.0,492.0,出界,B,,A
3,27,14086,00:07:50.002866666666705,B1,328,492,A1,298.0,478.0,,,,B
3,27,14096,00:07:50.33653333333331,A1,298,478,A1,232.0,620.0,,,,A
3,27,14118,00:07:51.07060000000001,A1,232,620,A2,300.0,698.0,,,,B
3,27,14128,00:07:51.40426666666667,A2,300,698,A1,198.0,594.0,,,,A
3,27,14147,00:07:52.038233333333324,A1,198,594,A2,212.0,680.0,,,,B
3,27,14174,00:07:52.93913333333336,A2,212,680,A2,302.0,822.0,,,,A
3,27,14185,00:07:53.306166666666684,A2,302,822,A3,314.0,900.0,,,,B
3,27,14216,00:07:54.340533333333326,A3,314,900,A2,312.0,810.0,,,,A
3,27,14226,00:07:54.674199999999985,A2,312,810,A2,310.0,842.0,,,,B
3,27,14236,00:07:55.0078666666667,A2,310,842,A2,166.0,636.0,出界,B,,A
3,28,14252,00:07:55.541733333333354,A2,166,636,A1,166.0,620.0,,,,B
3,28,14262,00:07:55.87540000000001,A1,166,620,A2,278.0,642.0,,,,A
3,28,14316,00:07:57.67720000000003,A2,278,642,A1,238.0,554.0,,,,B
3,28,14381,00:07:59.84603333333331,A1,238,554,A2,292.0,706.0,,,,A
3,28,14392,00:08:00.21306666666663432,A2,292,706,A2,298.0,802.0,,,,B
3,28,14410,00:08:00.813666666666677,A2,298,802,A2,302.0,818.0,出界,B,,A
3,29,14429,00:08:01.4476333333333855,A2,302,818,A1,306.0,524.0,,,,B
3,29,14467,00:08:02.715566666666632,A1,306,524,A1,300.0,602.0,,,,A
3,29,14480,00:08:03.1493333333332885,A1,300,602,A1,296.0,506.0,,,,B
3,29,14492,00:08:03.549733333333336,A1,296,506,B1,328.0,504.0,,,,A
3,29,14502,00:08:03.8834000000000515,B1,328,504,A1,294.0,590.0,,,,B
3,29,14516,00:08:04.350533333333317,A1,294,590,A2,302.0,700.0,,,,A
3,29,14558,00:08:05.751933333333341,A2,302,700,A1,294.0,574.0,出界,B,,B
3,30,14642,00:08:08.554733333333331,A1,294,574,A1,292.0,574.0,,,,B
3,30,14656,00:08:09.02186666666671,A1,292,574,A1,204.0,596.0,,,,A
3,30,14672,00:08:09.555733333333364,A1,204,596,A1,176.0,460.0,,,,B
3,30,14685,00:08:09.989500000000021,A1,176,460,A1,172.0,572.0,,,,A
3,30,14698,00:08:10.423266666666677,A1,172,572,B2,376.0,642.0,,,,B
3,30,14716,00:08:11.02386666666672,B2,376,642,A1,298.0,510.0,出界,B,,A
3,31,14748,00:08:12.091600000000028,A1,298,510,A1,188.0,552.0,,,,B
3,31,14762,00:08:12.55873333333335,A1,188,552,A1,258.0,588.0,,,,A
3,31,14774,00:08:12.959133333333341,A1,258,588,A1,298.0,574.0,,,,B
3,31,14792,00:08:13.559733333333327,A1,298,574,A1,292.0,494.0,,,,A
3,31,14805,00:08:13.993499999999983,A1,292,494,A1,186.0,514.0,,,,B
3,31,14849,00:08:15.461633333333339,A1,186,514,A1,306.0,496.0,,,,A
3,31,14862,00:08:15.895399999999995,A1,306,496,A1,284.0,628.0,,,,B
3,31,14872,00:08:16.229066666666654,A1,284,628,A1,226.0,526.0,,,,A
3,31,14884,00:08:16.6294666666667,A1,226,526,A1,316.0,544.0,,,,B
3,31,14894,00:08:16.96313333333336,A1,316,544,A1,290.0,530.0,出界,B,,A
3,32,14907,00:08:17.396900000000016,A1,290,530,A1,300.0,586.0,,,,B
3,32,14923,00:08:17.93076666666667,A1,300,586,A2,292.0,636.0,,,,A
3,32,14944,00:08:18.631466666666654,A2,292,636,A1,284.0,574.0,,,,B
3,32,14968,00:08:19.432266666666635,A1,284,574,A1,280.0,558.0,,,,A
3,32,14988,00:08:20.09960000000001,A1,280,558,A2,264.0,678.0,,,,B
3,32,14998,00:08:20.43326666666667,A2,264,678,A2,274.0,642.0,,,,A
3,32,15063,00:08:22.602100000000007,A2,274,642,A1,170.0,606.0,出界,B,,B
4,1,15074,00:08:22.96913333333339,A1,170,606,A1,250.0,522.0,,,,B
4,1,15122,00:08:24.57073333333335,A1,250,522,A1,278.0,580.0,,,,A
4,1,15148,00:08:25.438266666666664,A1,278,580,A1,304.0,572.0,,,,B
4,1,15175,00:08:26.3391666666667,A1,304,572,A1,294.0,560.0,,,,A
4,1,15198,00:08:27.106600000000014,A1,294,560,A1,296.0,602.0,,,,B
4,1,15217,00:08:27.740566666666666,A1,296,602,A1,286.0,570.0,,,,A
4,1,15235,00:08:28.34116666666671,A1,286,570,A1,182.0,574.0,,,,B
4,1,15260,00:08:29.1753333333333,A1,182,574,A2,274.0,674.0,出界,B,,A
4,2,15275,00:08:29.675833333333287,A2,274,674,B1,328.0,588.0,,,,B
4,2,15285,00:08:30.009500000000003,B1,328,588,B2,372.0,630.0,,,,A
4,2,15306,00:08:30.710199999999986,B2,372,630,A2,144.0,724.0,,,,B
4,2,15332,00:08:31.577733333333356,A2,144,724,A2,292.0,762.0,,,,A
4,2,15342,00:08:31.911400000000015,A2,292,762,A2,278.0,696.0,,,,B
4,2,15358,00:08:32.44526666666661,A2,278,696,A1,228.0,596.0,,,,A
4,2,15370,00:08:32.845666666666716,A1,228,596,A1,290.0,528.0,,,,B
4,2,15396,00:08:33.71320000000003,A1,290,528,A1,166.0,564.0,,,,A
4,2,15428,00:08:34.78093333333334,A1,166,564,A1,302.0,606.0,出界,B,,B
4,3,15533,00:08:38.28443333333337,A1,302,606,A2,258.0,698.0,,,,B
4,3,15555,00:08:39.01850000000002,A2,258,698,A2,148.0,828.0,,,,A
4,3,15587,00:08:40.086233333333325,A2,148,828,A1,296.0,574.0,出界,B,,B
4,4,15604,00:08:40.653466666666645,A1,296,574,A1,292.0,496.0,,,,B
4,4,15619,00:08:41.15396666666663,A1,292,496,A1,234.0,502.0,,,,A
4,4,15629,00:08:41.487633333333406,A1,234,502,A1,300.0,516.0,,,,B
4,4,15643,00:08:41.954766666666615,A1,300,516,A2,266.0,646.0,,,,A
4,4,15667,00:08:42.755566666666596,A2,266,646,B1,374.0,594.0,,,,B
4,4,15710,00:08:44.19033333333334,B1,374,594,B1,376.0,596.0,,,,A
4,4,15739,00:08:45.15796666666665,B1,376,596,B1,382.0,624.0,,,,B
4,4,15750,00:08:45.52499999999998,B1,382,624,A1,296.0,552.0,,,,A
4,4,15765,00:08:46.025499999999965,A1,296,552,A1,292.0,568.0,,,,B
4,4,15775,00:08:46.359166666666624,A1,292,568,C1,316.0,408.0,,,,A
4,4,15793,00:08:46.959766666666724,C1,316,408,A2,306.0,634.0,,,,B
4,4,15804,00:08:47.32680000000005,A2,306,634,A1,296.0,484.0,,,,A
4,4,15818,00:08:47.79393333333337,A1,296,484,B1,320.0,482.0,,,,B
4,4,15840,00:08:48.52800000000002,B1,320,482,A1,236.0,474.0,,,,A
4,4,15851,00:08:48.895033333333345,A1,236,474,B1,342.0,606.0,,,,B
4,4,15893,00:08:50.29643333333331,B1,342,606,B2,360.0,778.0,,,,A
4,4,15904,00:08:50.663466666666636,B2,360,778,A2,234.0,792.0,,,,B
4,4,15922,00:08:51.26406666666662,A2,234,792,A2,310.0,860.0,,,,A
4,4,15939,00:08:51.831300000000056,A2,310,860,A2,294.0,762.0,,,,B
4,4,15950,00:08:52.19833333333338,A2,294,762,A2,304.0,860.0,,,,A
4,4,15963,00:08:52.63209999999992,A2,304,860,A2,294.0,800.0,,,,B
4,4,15981,00:08:53.23269999999991,A2,294,800,B3,324.0,874.0,,,,A
4,4,15992,00:08:53.59973333333335,B3,324,874,A2,308.0,776.0,,,,B
4,4,16003,00:08:53.96676666666667,A2,308,776,A2,272.0,658.0,,,,A
4,4,16016,00:08:54.40053333333333,A2,272,658,A1,302.0,582.0,,,,B
4,4,16026,00:08:54.73419999999999,A1,302,582,B1,324.0,512.0,,,,A
4,4,16048,00:08:55.46826666666675,B1,324,512,A1,144.0,504.0,,,,B
4,4,16061,00:08:55.90203333333329,A1,144,504,A1,310.0,594.0,,,,A
4,4,16078,00:08:56.46926666666673,A1,310,594,A1,294.0,496.0,,,,B
4,4,16114,00:08:57.6704666666667,A1,294,496,A1,298.0,450.0,,,,A
4,4,16134,00:08:58.337800000000016,A1,298,450,A3,316.0,916.0,,,,B
4,4,16144,00:08:58.671466666666674,A3,316,916,A1,314.0,472.0,,,,A
4,4,16164,00:08:59.33879999999999,A1,314,472,A3,316.0,916.0,出界,B,,B
4,5,16186,00:09:00.07286666666664132,A3,316,916,A2,294.0,686.0,,,,B
4,5,16196,00:09:00.4065333333333001,A2,294,686,A2,292.0,722.0,,,,A
4,5,16206,00:09:00.7401999999999589,A2,292,722,A1,276.0,574.0,,,,B
4,5,16229,00:09:01.507633333333274,A1,276,574,B2,364.0,636.0,,,,A
4,5,16246,00:09:02.0748666666667077,B2,364,636,B2,318.0,768.0,,,,B
4,5,16286,00:09:03.409533333333343,B2,318,768,A2,282.0,762.0,,,,A
4,5,16300,00:09:03.876666666666665,A2,282,762,A1,316.0,610.0,,,,B
4,5,16323,00:09:04.64409999999998,A1,316,610,A2,304.0,824.0,,,,A
4,5,16362,00:09:05.945400000000063,A2,304,824,A1,250.0,578.0,,,,B
4,5,16378,00:09:06.479266666666717,A1,250,578,A1,298.0,506.0,,,,A
4,5,16392,00:09:06.94640000000004,A1,298,506,A1,296.0,482.0,,,,B
4,5,16402,00:09:07.280066666666698,A1,296,482,B2,376.0,634.0,,,,A
4,5,16427,00:09:08.114233333333345,B2,376,634,B2,374.0,686.0,,,,B
4,5,16484,00:09:10.0161333333333,B2,374,686,A2,270.0,644.0,落地,A,,A
4,6,16532,00:09:11.617733333333376,A2,270,644,A2,234.0,714.0,,,,A
4,6,16545,00:09:12.051500000000033,A2,234,714,A1,278.0,548.0,,,,B
4,6,16599,00:09:13.85329999999999,A1,278,548,A1,294.0,540.0,,,,A
4,6,16615,00:09:14.387166666666644,A1,294,540,A2,288.0,710.0,,,,B
4,6,16633,00:09:14.987766666666744,A2,288,710,A2,310.0,732.0,,,,A
4,6,16651,00:09:15.58836666666673,A2,310,732,A2,312.0,696.0,,,,B
4,6,16669,00:09:16.188966666666715,A2,312,696,A1,272.0,580.0,,,,A
4,6,16692,00:09:16.95640000000003,A1,272,580,A1,142.0,566.0,出界,B,,B
4,7,16738,00:09:18.491266666666775,A1,142,566,A1,276.0,626.0,,,,B
4,7,16748,00:09:18.82493333333332,A1,276,626,A2,262.0,642.0,,,,A
4,7,16758,00:09:19.15859999999998,A2,262,642,A1,222.0,522.0,,,,B
4,7,16770,00:09:19.55899999999997,A1,222,522,A1,286.0,574.0,,,,A
4,7,16782,00:09:19.959400000000073,A1,286,574,A2,290.0,672.0,,,,B
4,7,16795,00:09:20.393166666666616,A2,290,672,A2,290.0,752.0,,,,A
4,7,16809,00:09:20.860300000000052,A2,290,752,A2,280.0,718.0,,,,B
4,7,16823,00:09:21.327433333333374,A2,280,718,A1,270.0,598.0,,,,A
4,7,16845,00:09:22.061500000000024,A1,270,598,A1,266.0,524.0,,,,B
4,7,16855,00:09:22.395166666666682,A1,266,524,A3,316.0,916.0,出界,B,,A
4,8,16916,00:09:24.4305333333333,A3,316,916,A2,274.0,656.0,,,,B
4,8,16945,00:09:25.39816666666661,A2,274,656,A2,146.0,736.0,,,,A
4,8,16969,00:09:26.198966666666706,A2,146,736,A2,266.0,718.0,,,,B
4,8,16989,00:09:26.866300000000024,A2,266,718,A2,284.0,670.0,,,,A
4,8,17006,00:09:27.433533333333344,A2,284,670,B2,360.0,694.0,,,,B
4,8,17021,00:09:27.934033333333332,B2,360,694,A2,290.0,824.0,,,,A
4,8,17051,00:09:28.93503333333331,A2,290,824,B2,374.0,702.0,,,,B
4,8,17065,00:09:29.40216666666663,B2,374,702,A2,298.0,826.0,,,,A
4,8,17079,00:09:29.869300000000067,A2,298,826,A2,268.0,644.0,,,,B
4,8,17109,00:09:30.870300000000043,A2,268,644,A1,302.0,578.0,,,,A
4,8,17170,00:09:32.90566666666666,A1,302,578,B2,330.0,770.0,,,,B
4,8,17180,00:09:33.23933333333332,B2,330,770,A2,304.0,680.0,落地,A,,A
4,9,17198,00:09:33.839933333333306,A2,304,680,A1,312.0,542.0,,,,A
4,9,17212,00:09:34.30706666666663,A1,312,542,A1,302.0,484.0,,,,B
4,9,17230,00:09:34.907666666666614,A1,302,484,A2,204.0,820.0,,,,A
4,9,17241,00:09:35.27469999999994,A2,204,820,A1,306.0,494.0,,,,B
4,9,17261,00:09:35.94203333333337,A1,306,494,A1,218.0,476.0,,,,A
4,9,17307,00:09:37.4769,A1,218,476,A1,306.0,490.0,,,,B
4,9,17319,00:09:37.87729999999999,A1,306,490,A1,280.0,512.0,,,,A
4,9,17339,00:09:38.54463333333331,A1,280,512,B1,364.0,536.0,,,,B
4,9,17350,00:09:38.91166666666663,B1,364,536,B2,368.0,676.0,,,,A
4,9,17360,00:09:39.245333333333406,B2,368,676,A2,202.0,820.0,,,,B
4,9,17370,00:09:39.57899999999995,A2,202,820,B2,338.0,756.0,,,,A
4,9,17381,00:09:39.946033333333276,B2,338,756,A1,294.0,626.0,,,,B
4,9,17391,00:09:40.279699999999934,A1,294,626,A2,202.0,820.0,,,,A
4,9,17402,00:09:40.64673333333337,A2,202,820,A2,230.0,636.0,,,,B
4,9,17416,00:09:41.113866666666695,A2,230,636,A2,190.0,760.0,,,,A
4,9,17426,00:09:41.447533333333354,A2,190,760,A3,298.0,882.0,,,,B
4,9,17440,00:09:41.914666666666676,A3,298,882,A1,296.0,532.0,,,,A
4,9,17470,00:09:42.91566666666665,A1,296,532,A1,286.0,508.0,,,,B
4,9,17487,00:09:43.48289999999997,A1,286,508,A2,204.0,820.0,,,,A
4,9,17501,00:09:43.950033333333295,A2,204,820,A2,262.0,670.0,出界,B,,B
4,10,17531,00:09:44.95103333333327,A2,262,670,A2,254.0,652.0,,,,B
4,10,17578,00:09:46.51926666666668,A2,254,652,A2,284.0,736.0,,,,A
4,10,17596,00:09:47.11986666666667,A2,284,736,A1,304.0,518.0,,,,B
4,10,17607,00:09:47.48689999999999,A1,304,518,B1,320.0,524.0,,,,A
4,10,17617,00:09:47.82056666666665,B1,320,524,B1,330.0,522.0,,,,B
4,10,17628,00:09:48.187599999999975,B1,330,522,A1,302.0,502.0,,,,A
4,10,17642,00:09:48.65473333333341,A1,302,502,A1,302.0,578.0,,,,B
4,10,17655,00:09:49.088499999999954,A1,302,578,A2,298.0,650.0,,,,A
4,10,17667,00:09:49.48890000000006,A2,298,650,A2,310.0,742.0,,,,B
4,10,17678,00:09:49.85593333333338,A2,310,742,B2,356.0,750.0,,,,A
4,10,17693,00:09:50.35643333333337,B2,356,750,A2,306.0,724.0,,,,B
4,10,17718,00:09:51.19060000000002,A2,306,724,A2,204.0,820.0,,,,A
4,10,17729,00:09:51.55763333333334,A2,204,820,A2,296.0,684.0,,,,B
4,10,17739,00:09:51.8913,A2,296,684,A2,278.0,634.0,,,,A
4,10,17762,00:09:52.65873333333343,A2,278,634,A3,316.0,916.0,,,,B
4,10,17800,00:09:53.92666666666662,A3,316,916,A1,266.0,614.0,,,,A
4,10,17845,00:09:55.428166666666584,A1,266,614,A2,140.0,650.0,,,,B
4,10,17859,00:09:55.89530000000002,A2,140,650,A3,316.0,916.0,,,,A
4,10,17873,00:09:56.36243333333334,A3,316,916,B2,372.0,680.0,,,,B
4,10,17899,00:09:57.229966666666655,B2,372,680,A3,234.0,868.0,,,,A
4,10,17910,00:09:57.59699999999998,A3,234,868,A2,202.0,820.0,,,,B
4,10,17922,00:09:57.99739999999997,A2,202,820,A2,312.0,806.0,,,,A
4,10,17935,00:09:58.43116666666663,A2,312,806,A1,302.0,582.0,,,,B
4,10,17956,00:09:59.131866666666724,A1,302,582,A1,294.0,530.0,,,,A
4,10,17973,00:09:59.69909999999993,A1,294,530,A3,316.0,914.0,,,,B
4,10,17984,00:10:00.066133333333255,A3,316,914,A2,202.0,820.0,出界,B,,A
4,11,18000,00:10:00.6000000000000227,A2,202,820,A1,306.0,528.0,,,,B
4,11,18016,00:10:01.1338666666666768,A1,306,528,A1,300.0,498.0,,,,A
4,11,18036,00:10:01.8011999999999944,A1,300,498,A1,214.0,594.0,,,,B
4,11,18053,00:10:02.3684333333333143,A1,214,594,A2,154.0,816.0,,,,A
4,11,18084,00:10:03.40280000000007,A2,154,816,A2,302.0,836.0,,,,B
4,11,18125,00:10:04.770833333333371,A2,302,836,A2,264.0,858.0,,,,A
4,11,18136,00:10:05.137866666666696,A2,264,858,A3,302.0,896.0,,,,B
4,11,18148,00:10:05.538266666666686,A3,302,896,A3,312.0,918.0,,,,A
4,11,18164,00:10:06.0721333333333405,A3,312,918,A3,308.0,916.0,,,,B
4,11,18175,00:10:06.439166666666665,A3,308,916,A3,294.0,916.0,,,,A
4,11,18191,00:10:06.973033333333319,A3,294,916,A3,304.0,918.0,,,,B
4,11,18227,00:10:08.174233333333405,A3,304,918,,,,出界,B,,A
