rally,ball_round,time,frame_num,player,server,type,aroundhead,backhand,hit_area,hit_x,hit_y,hit_height,lose_reason,win_reason,roundscore_A,roundscore_B,getpoint_player,landing_area,landing_x,landing_y,landing_height,hitting_area_number,landing_area_number,now_right_x,now_right_y,now_left_x,now_left_y,next_right_x,next_right_y,next_left_x,next_left_y,right_delta_x,right_delta_y,left_delta_x,left_delta_y,right_x_speed,right_y_speed,right_speed,left_x_speed,left_y_speed,left_speed,avg_ball_speed
1,1.0,00:05:44.080,8602,A,1.0,發長球,,,B2,245,662,2.0,,,0,0,,B4,69.0,12.0,1.0,2,4,193,91,308,899,97,-196,141,-141,40.0,30.0,30.0,0.0,24.0,71.75,75.65753432408434,41.75,260.0,263.3307093751126,2.5211329023102116
1,2.0,00:05:46.360,8659,B,,長球,,,B4,69,12,1.0,,,0,0,,A4,88.0,914.0,1.0,4,3,97,-196,141,-141,234,70,112,1031,70.0,60.0,10.0,20.0,34.25,66.5,74.8018215018859,7.249999999999999,293.0,293.08968337353673,3.1462564811887344
1,3.0,00:05:47.640,8691,A,,長球,1.0,,A4,88,914,1.0,,,0,0,,A4,266.0,30.0,1.0,3,4,234,70,112,1031,377,-80,435,-118,30.0,0.0,30.0,10.0,35.75,37.5,51.81035128234511,80.75,287.25,298.3841902648329,3.5002989510511933
1,4.0,00:05:48.920,8723,B,,長球,1.0,,A4,266,30,1.0,,,0,0,,B4,340.0,895.0,1.0,4,3,377,-80,435,-118,326,49,371,1134,90.0,90.0,60.0,20.0,12.75,32.25,34.67888406509068,16.0,313.0,313.40867888429636,1.4398400543065664
1,5.0,00:05:50.120,8753,A,,切球,,,B4,340,895,1.0,,,0,0,,B1,93.0,345.0,2.0,3,1,326,49,371,1134,164,369,274,216,80.0,0.0,30.0,20.0,40.5,80.0,89.66744113668014,24.25,229.5,230.77762564858836,12.030444713309645
1,6.0,00:05:51.160,8779,B,,挑球,,,B1,93,345,2.0,,,0,0,,A4,116.0,905.0,1.0,1,2,164,369,274,216,241,97,128,1042,70.0,80.0,40.0,60.0,19.25,68.0,70.6722187284367,36.5,206.5,209.70097758475043,2.2331215820013024
1,7.0,00:05:52.400,8810,A,,長球,1.0,,A4,116,905,1.0,,,0,0,,A4,316.0,37.0,1.0,2,4,241,97,128,1042,406,-7,472,-180,50.0,60.0,40.0,80.0,41.25,26.0,48.76025533157102,86.0,305.5,317.37399074278284,22.644778647626477
1,8.0,00:05:53.440,8836,B,,切球,1.0,,A4,316,37,1.0,,,0,0,,B1,351.0,582.0,2.0,4,3,406,-7,472,-180,401,14,423,944,50.0,10.0,10.0,40.0,1.25,5.25,5.3967582862307255,12.25,281.0,281.26688838183566,36.795908588984304
1,9.0,00:05:54.400,8860,A,,挑球,,,B1,351,582,2.0,,,0,0,,B3,91.0,63.0,1.0,3,4,401,14,423,944,198,-50,199,-65,70.0,60.0,60.0,10.0,50.74999999999999,16.0,53.2124280596178,56.00000000000001,252.25,258.3912972605695,94.52333045338595
1,10.0,00:05:55.400,8885,B,,殺球,,,B3,91,63,1.0,,,0,0,,B3,333.0,773.0,2.0,4,4,198,-50,199,-65,116,-103,235,952,80.0,70.0,60.0,70.0,20.5,13.25,24.409270779767265,9.0,254.25,254.40924216702507,3.574432912325925
1,11.0,00:05:56.120,8903,A,,未擊球,,,B3,333,773,,落地,對方未擊球,0,1,B,,,,,4,2,116,-103,235,952,320,229,330,229,40.0,20.0,50.0,70.0,51.0,83.0,97.41663102366043,23.75,180.75,182.30366151012984,1.399685712981615
2,1.0,00:06:09.280,9232,B,1.0,發長球,,,B2,190,254,2.0,,,0,1,,A4,179.0,923.0,1.0,2,2,320,229,330,229,261,125,203,1158,10.0,60.0,30.0,90.0,14.749999999999998,26.0,29.89251578572804,31.75,232.24999999999997,234.41016402878097,8.277976805959291
2,2.0,00:06:11.360,9284,A,,殺球,,,A4,179,923,1.0,,,0,1,,B2,86.0,216.0,2.0,2,2,261,125,203,1158,174,118,301,14,30.0,30.0,80.0,60.0,21.75,1.7500000000000002,21.820288724029297,24.5,286.0,287.0474699418199,2.186640786456267
2,3.0,00:06:11.880,9297,B,,擋小球,,,B2,86,216,2.0,,,0,1,,B1,305.0,598.0,2.0,2,3,174,118,301,14,260,70,333,932,60.0,20.0,20.0,80.0,21.5,12.0,24.62214450449026,8.0,229.5,229.6393912202347,87.16742510823639
2,4.0,00:06:12.880,9322,A,,挑球,,,B1,305,598,2.0,,,0,1,,A3,340.0,72.0,2.0,3,4,260,70,333,932,427,-14,344,42,70.0,60.0,10.0,0.0,41.75,21.0,46.73395446567731,2.75,222.5,222.516993733063,9.121755300000457
2,5.0,00:06:13.960,9349,B,,過渡切球,,1.0,A3,340,72,2.0,,,0,1,,B1,336.0,495.0,2.0,4,3,427,-14,344,42,365,49,425,848,80.0,30.0,10.0,60.0,15.5,15.75,22.09779400754745,20.25,201.5,202.5149685825717,2.752751460551157
2,6.0,00:06:14.680,9367,A,,放小球,,,B1,336,495,2.0,,,0,1,,B1,105.0,363.0,2.0,3,1,365,49,425,848,173,357,252,210,80.0,80.0,70.0,20.0,48.0,77.0,90.7358804442873,43.25,159.5,165.25983329290878,3.0049683377273384
2,7.0,00:06:15.560,9389,B,,挑球,,,B1,105,363,2.0,,,0,1,,A4,74.0,905.0,1.0,1,2,173,357,252,210,205,164,91,1069,20.0,70.0,90.0,90.0,8.0,48.25,48.908715992141936,40.25,214.75,218.4894162196421,2.055691554828944
2,8.0,00:06:16.880,9422,A,,長球,1.0,,A4,74,905,1.0,,,0,1,,B4,78.0,24.0,1.0,2,4,205,164,91,1069,120,-50,183,7,50.0,60.0,20.0,80.0,21.25,53.5,57.56572330823265,23.0,265.5,266.4943714227376,84.80288910172814
2,9.0,00:06:17.880,9447,B,,長球,,,B4,78,24,1.0,,,0,1,,A4,74.0,905.0,1.0,4,2,120,-50,183,7,232,111,93,1042,20.0,10.0,0.0,50.0,28.000000000000004,40.25,49.03124004142665,22.5,258.75,259.7264185638419,1.0661912732023953
2,10.0,00:06:19.040,9476,A,,長球,1.0,,A4,74,905,1.0,,,0,1,,B4,88.0,25.0,1.0,2,,232,111,93,1042,,,,,50.0,20.0,0.0,20.0,13.75,7.000000000000001,15.42927412420947,5.0,179.5,179.5696243800716,0.0
2,11.0,00:06:20.600,9515,B,,長球,,,B4,88,25,1.0,,,0,1,,A5,48.0,-58.0,2.0,,,,,,,,,,,30.0,30.0,70.0,40.0,24.25,15.75,28.915826116505823,5.75,241.0,241.06858463930965,0.0
2,12.0,00:06:21.880,9547,A,,未擊球,,,A5,48,-58,,出界,對方出界,1,1,A,,,,,,,,,,,,,,,20.0,40.0,60.0,10.0,4.5,3.5000000000000004,5.70087712549569,14.000000000000002,222.25,222.6905083293852,0.0
3,1.0,00:06:34.640,9866,A,1.0,發長球,,,B2,226,694,2.0,,,1,1,,A4,335.0,3.0,2.0,,,,,,,,,,,70.0,60.0,50.0,50.0,26.75,31.5,41.32568813704135,48.75,263.75,268.21749570078384,0.0
3,2.0,00:06:37.280,9932,B,,過渡切球,,1.0,A4,335,3,2.0,,,1,1,,B1,328.0,499.0,2.0,,3,,,,,359,35,384,781,30.0,70.0,60.0,70.0,50.74999999999999,106.74999999999999,118.19951353537796,9.0,180.75,180.9739276802048,0.0
3,3.0,00:06:38.240,9956,A,,挑球,,,B1,328,499,2.0,,,1,1,,A4,333.0,51.0,1.0,3,3,359,35,384,781,414,7,364,63,0.0,40.0,20.0,30.0,35.0,69.0,77.3692445355388,2.0,218.25,218.25916361060308,3.2899386233066292
3,4.0,00:06:39.440,9986,B,,長球,,1.0,A4,333,51,1.0,,,1,1,,B4,248.0,905.0,1.0,3,3,414,7,364,63,317,70,341,1027,20.0,80.0,60.0,20.0,38.0,19.5,42.71123973850443,8.5,254.5,254.64190542799508,4.3049225633737
3,5.0,00:06:40.640,10016,A,,殺球,,,B4,248,905,1.0,,,1,1,,A3,372.0,134.0,2.0,3,2,317,70,341,1027,299,84,397,138,90.0,40.0,40.0,0.0,27.750000000000004,58.99999999999999,65.20017254578396,11.0,252.5,252.7394903848625,2.2457044978469964
3,6.0,00:06:41.240,10031,B,,未擊球,,,A3,372,134,,落地,對方未擊球,2,1,A,,,,,2,,299,84,397,138,,,,,40.0,50.0,90.0,40.0,11.5,31.25,33.298836316003595,10.25,244.0,244.2151971110725,0.0
4,1.0,00:06:55.000,10375,A,1.0,發長球,,,B2,254,694,2.0,,,2,1,,B4,104.0,7.0,1.0,,4,,,,,142,-126,182,-103,70.0,0.0,80.0,30.0,8.25,10.0,12.963892162464175,28.000000000000004,210.75,212.6018873387534,0.0
4,2.0,00:06:57.280,10432,B,,切球,,,B4,104,7,1.0,,,2,1,,B1,343.0,587.0,2.0,4,3,142,-126,182,-103,249,0,377,952,30.0,60.0,80.0,20.0,23.25,48.5,53.78487240851278,42.0,279.5,282.6380193816819,8.483260132716598
4,3.0,00:06:58.160,10454,A,,放小球,,,B1,343,587,2.0,,,2,1,,A1,327.0,404.0,2.0,3,1,249,0,377,952,452,427,413,229,90.0,30.0,60.0,10.0,15.25,9.25,17.83605898173697,53.5,312.75,317.2929442959613,6.797205308065956
4,4.0,00:06:59.200,10480,B,,挑球,,1.0,A1,327,404,2.0,,,2,1,,B4,338.0,892.0,1.0,1,2,452,427,413,229,312,151,405,1102,20.0,0.0,0.0,50.0,56.99999999999999,132.5,144.2402509703862,7.5,163.75,163.92166574312256,1.4912654675893589
4,5.0,00:07:00.600,10515,A,,切球,,,B4,338,892,1.0,,,2,1,,A2,359.0,302.0,2.0,2,2,312,151,405,1102,464,229,371,84,10.0,90.0,40.0,10.0,37.75,42.75,57.03178938101101,43.5,195.25,200.03702782235092,6.315849551371182
4,6.0,00:07:01.440,10536,B,,挑球,,1.0,A2,359,302,2.0,,,2,1,,B3,345.0,876.0,1.0,2,4,464,229,371,84,353,-7,415,1094,20.0,30.0,40.0,90.0,0.5,36.75,36.75340120315398,6.5,247.75,247.83525273858842,8.632160652517085
4,7.0,00:07:02.520,10563,A,,殺球,,,B3,345,876,1.0,,,2,1,,B3,210.0,180.0,2.0,4,2,353,-7,415,1094,307,118,374,118,80.0,50.0,0.0,90.0,14.499999999999998,18.75,23.70258424729253,10.0,157.25,157.5676442040053,1.9341242919883677
4,8.0,00:07:02.960,10574,B,,擋小球,,1.0,B3,210,180,2.0,,,2,1,,A1,157.0,544.0,2.0,2,2,307,118,374,118,274,158,262,961,90.0,30.0,20.0,80.0,15.25,50.74999999999999,52.991744640085216,3.0,120.5,120.53733861339397,0.8965296604679431
4,9.0,00:07:04.040,10601,A,,挑球,,1.0,A1,157,544,2.0,,,2,1,,A4,281.0,37.0,1.0,2,4,274,158,262,961,367,-36,430,-157,70.0,30.0,20.0,20.0,21.75,86.75,89.43503228601195,0.5,190.5,190.50065616684893,30.901294471267704
4,10.0,00:07:05.000,10625,B,,長球,1.0,,A4,281,37,1.0,,,2,1,,A4,132.0,896.0,1.0,4,4,367,-36,430,-157,306,-73,216,1094,30.0,60.0,60.0,20.0,1.7500000000000002,44.0,44.034787384521344,11.5,237.0,237.2788444004227,7.197666384605711
4,11.0,00:07:06.160,10654,A,,長球,1.0,,A4,132,896,1.0,,,2,1,,B4,71.0,15.0,1.0,4,,306,-73,216,1094,,,,,0.0,40.0,70.0,60.0,15.0,28.999999999999996,32.64965543462902,21.75,179.0,180.31656191265404,0.0
4,12.0,00:07:07.600,10690,B,,切球,,,B4,71,15,1.0,,,2,1,,B1,64.0,467.0,2.0,,,,,,,,,,,0.0,80.0,70.0,10.0,2.5,24.5,24.627220712049503,19.25,237.25,238.0296725200453,0.0
4,13.0,00:07:07.960,10699,B,,掛網球,,,B1,64,467,1.0,未回擊成功,對方失誤,3,1,A,,,,,,,,,,,,,,,60.0,70.0,70.0,10.0,3.5000000000000004,26.75,26.978000296537918,5.75,202.74999999999997,202.83151875386625,0.0
5,1.0,00:07:26.080,11152,A,1.0,發長球,,,B2,243,686,2.0,,,3,1,,A4,280.0,38.0,1.0,,,,,,,,,,,40.0,30.0,60.0,0.0,16.0,73.25,74.97707983110571,4.0,142.5,142.5561292964985,0.0
5,2.0,00:07:28.320,11208,B,,切球,1.0,,A4,280,38,1.0,,,3,1,,A1,95.0,518.0,2.0,,4,,,,,363,-149,249,928,70.0,60.0,80.0,60.0,0.75,6.5,6.5431261641512,33.0,208.99999999999997,211.5892246783848,0.0
5,3.0,00:07:29.040,11226,A,,放小球,,1.0,A1,95,518,2.0,,,3,1,,B1,68.0,412.0,2.0,4,1,363,-149,249,928,135,381,219,273,80.0,30.0,10.0,90.0,13.0,34.25,36.63417120667533,5.25,222.75,222.8118600972578,4.683118619040094
5,4.0,00:07:30.080,11252,B,,挑球,,,B1,68,412,2.0,,,3,1,,B4,292.0,886.0,1.0,1,2,135,381,219,273,286,210,393,1054,70.0,0.0,60.0,30.0,14.249999999999998,0.0,14.249999999999998,8.5,208.25,208.42339719906687,2.1049429398498622
5,5.0,00:07:31.360,11284,A,,殺球,,,B4,292,886,1.0,,,3,1,,A3,341.0,63.0,2.0,2,3,286,210,393,1054,288,63,367,63,10.0,70.0,40.0,80.0,22.25,1.7500000000000002,22.318714120665643,8.5,193.0,193.18708548968795,1.4072352721244274
5,6.0,00:07:31.960,11299,B,,未擊球,,1.0,A3,341,63,2.0,落地,殺球得分,4,1,A,,,,,3,,288,63,367,63,,,,,10.0,30.0,80.0,30.0,12.25,15.75,19.953069939234915,20.5,218.25,219.2106578157184,0.0
6,1.0,00:07:56.840,11921,A,1.0,發小球,,,B2,259,688,2.0,,,4,1,,B1,128.0,354.0,2.0,,1,,,,,138,310,180,210,10.0,0.0,90.0,50.0,77.75,62.5,99.75626546738806,59.75,181.25,190.8445047676249,0.0
6,2.0,00:07:57.640,11941,B,,放小球,,1.0,B1,128,354,2.0,,,4,1,,A1,102.0,506.0,2.0,1,2,138,310,180,210,196,235,220,839,30.0,70.0,20.0,20.0,11.749999999999998,50.74999999999999,52.0924658659964,10.5,37.0,38.46101922726437,3.6952822775954624
6,3.0,00:07:58.480,11962,A,,放小球,,1.0,A1,102,506,2.0,,,4,1,,B1,85.0,438.0,2.0,2,1,196,235,220,839,135,438,232,357,70.0,20.0,60.0,60.0,6.75,33.0,33.68326735932843,26.5,256.5,257.86527490144925,2.575183536747213
6,4.0,00:07:59.360,11984,B,,挑球,,,B1,85,438,2.0,,,4,1,,A4,97.0,903.0,1.0,1,2,135,438,232,357,222,91,234,1119,60.0,10.0,20.0,60.0,48.5,85.25,98.08064284047082,56.99999999999999,196.0,204.12006270820123,0.8645212073459239
6,5.0,00:08:00.840,12021,A,,切球,,1.0,A4,97,903,1.0,,,4,1,,B1,113.0,372.0,2.0,2,2,222,91,234,1119,215,267,280,171,40.0,80.0,20.0,60.0,23.499999999999996,68.0,71.9461604256961,14.499999999999998,208.99999999999997,209.50238662125068,4.0683393469020315
6,6.0,00:08:01.640,12041,B,,放小球,,,B1,113,372,2.0,,,4,1,,B1,275.0,529.0,2.0,2,2,215,267,280,171,275,151,367,887,0.0,40.0,0.0,90.0,17.5,23.499999999999996,29.30017064796722,37.5,247.75,250.5719706990389,8.58010275377318
6,7.0,00:08:02.560,12064,A,,挑球,,,B1,275,529,2.0,,,4,1,,A3,340.0,73.0,1.0,2,,275,151,367,887,,,,,0.0,30.0,80.0,60.0,10.0,26.75,28.558054905752943,38.0,201.5,205.05182271806314,0.0
6,8.0,00:08:03.760,12094,B,,殺球,1.0,,A3,340,73,1.0,,,4,1,,B2,353.0,740.0,2.0,,4,,,,,400,-21,331,1012,20.0,70.0,60.0,40.0,2.0,16.75,16.868980407837338,14.000000000000002,186.5,187.02473098496893,0.0
6,9.0,00:08:04.440,12111,A,,防守回挑,,,B2,353,740,2.0,,,4,1,,A3,334.0,167.0,1.0,4,2,400,-21,331,1012,390,77,408,63,50.0,0.0,80.0,50.0,1.25,15.0,15.051993223490367,24.5,181.25,182.89836658647337,2.438952602228745
6,10.0,00:08:05.080,12127,B,,擋小球,,1.0,A3,334,167,1.0,,,4,1,,B1,342.0,534.0,2.0,2,2,390,77,408,63,376,184,385,874,10.0,70.0,40.0,80.0,7.75,65.75,66.20517351385766,19.0,263.0,263.68541863364385,0.8800719075734663
6,11.0,00:08:05.880,12147,A,,放小球,,,B1,342,534,2.0,,,4,1,,A1,333.0,423.0,2.0,2,1,376,184,385,874,440,477,401,304,40.0,40.0,10.0,30.0,6.0,53.5,53.835397277256156,2.25,283.25,283.2589363109309,28.112808468738944
6,12.0,00:08:06.880,12172,B,,挑球,,1.0,A1,333,423,2.0,,,4,1,,B3,341.0,874.0,1.0,1,,440,477,401,304,,,,,30.0,90.0,90.0,30.0,21.75,84.75,87.4964284985393,7.249999999999999,179.25,179.3965579379939,0.0
6,13.0,00:08:08.240,12206,A,,過渡切球,,,B3,341,874,1.0,,,4,1,,B3,212.0,179.0,2.0,,2,,,,,278,125,375,125,0.0,40.0,20.0,50.0,35.0,58.99999999999999,68.60029154456998,30.5,228.75,230.77437574392872,0.0
6,14.0,00:08:08.960,12224,B,,擋小球,,1.0,B3,212,179,2.0,,,4,1,,A1,100.0,561.0,2.0,2,2,278,125,375,125,275,151,243,961,40.0,70.0,90.0,60.0,31.5,43.25,53.50525675108941,32.75,288.5,290.3529102661105,11.71725572105743
6,15.0,00:08:09.880,12247,A,,挑球,,1.0,A1,100,561,2.0,,,4,1,,B4,116.0,51.0,2.0,2,3,275,151,243,961,223,14,264,70,60.0,50.0,40.0,0.0,16.5,26.25,31.005039912891586,26.5,240.0,241.45858858197607,0.8774848823580388
6,16.0,00:08:11.000,12275,B,,過渡切球,,,B4,116,51,2.0,,,4,1,,A1,83.0,567.0,2.0,3,3,223,14,264,70,280,14,230,903,90.0,40.0,10.0,40.0,49.75,14.000000000000002,51.68232289671199,92.75,261.5,277.46137118525166,0.0
6,17.0,00:08:11.800,12295,A,,挑球,,1.0,A1,83,567,2.0,,,4,1,,B3,78.0,92.0,1.0,3,3,280,14,230,903,191,21,264,131,20.0,50.0,10.0,30.0,8.0,8.75,11.855905701379376,9.75,218.25,218.4676749544426,2.1913559309994644
6,18.0,00:08:12.440,12311,B,,平球,,,B3,78,92,1.0,,,4,1,,A2,118.0,677.0,1.0,3,2,191,21,264,131,142,84,182,1004,10.0,80.0,80.0,0.0,55.25,97.0,111.63136879927613,39.5,182.5,186.7257347019955,1.8424362352580173
6,19.0,00:08:12.880,12322,A,,擋小球,,1.0,A2,118,677,1.0,,,4,1,,C2,407.0,326.0,2.0,2,1,142,84,182,1004,453,334,421,279,90.0,0.0,0.0,70.0,37.75,52.5,64.66306905800249,47.5,194.24999999999997,199.97327946503253,5.338065030664664
6,20.0,00:08:13.960,12349,B,,未擊球,,,C2,407,326,2.0,出界,對方失誤,4,2,B,,,,,1,2,453,334,421,279,406,131,463,131,30.0,60.0,80.0,0.0,11.749999999999998,6.5,13.428049001995785,46.99999999999999,220.0,224.96444163467254,0.15340779190537862
7,1.0,00:08:29.440,12736,B,1.0,發長球,,,B2,174,239,2.0,,,4,2,,B4,336.0,913.0,1.0,2,,406,131,463,131,,,,,20.0,60.0,60.0,70.0,13.0,33.5,35.9339672176619,16.0,199.25,199.89137675247525,0.0
7,2.0,00:08:31.480,12787,A,,殺球,,,B4,336,913,1.0,,,4,2,,A3,363.0,190.0,2.0,,4,,,,,415,-7,499,-65,70.0,90.0,30.0,50.0,8.25,22.75,24.199690080660123,4.25,318.75,318.778332074186,0.0
7,3.0,00:08:31.960,12799,B,,擋小球,,1.0,A3,363,190,2.0,,,4,2,,B1,350.0,558.0,2.0,4,2,415,-7,499,-65,442,125,605,961,40.0,40.0,70.0,40.0,21.5,21.0,30.054117854297434,5.75,338.5,338.5488332574785,29.916123486248086
7,4.0,00:08:32.920,12823,A,,挑球,,,B1,350,558,2.0,,,4,2,,A4,335.0,45.0,1.0,2,,442,125,605,961,,,,,40.0,90.0,50.0,80.0,1.5,57.25,57.26964728370517,8.75,198.0,198.19324534403285,0.0
7,5.0,00:08:34.280,12857,B,,殺球,1.0,,A4,335,45,1.0,,,4,2,,D3,400.0,801.0,2.0,,,,,,,,,,,70.0,90.0,20.0,0.0,14.249999999999998,7.75,16.221128197508335,2.0,157.5,157.51269790083592,0.0
7,6.0,00:08:34.880,12872,A,,未擊球,,,D3,400,801,2.0,出界,對方失誤,5,2,A,,,,,,,,,,,,,,,90.0,0.0,70.0,10.0,27.750000000000004,72.5,77.62932757663175,40.75,159.75,164.8654754640886,0.0
8,1.0,00:08:50.680,13267,A,1.0,發長球,,,B2,233,684,2.0,,,5,2,,A4,270.0,6.0,1.0,,,,,,,,,,,70.0,50.0,10.0,80.0,29.249999999999996,43.75,52.62722679374242,60.25,244.49999999999997,251.81404349241524,0.0
8,2.0,00:08:52.920,13323,B,,長球,1.0,,A4,270,6,1.0,,,5,2,,B4,362.0,890.0,1.0,,3,,,,,327,28,439,1057,90.0,0.0,80.0,40.0,2.75,5.0,5.7063561052566625,8.0,36.5,37.36642878306676,0.0
8,3.0,00:08:54.040,13351,A,,切球,,,B4,362,890,1.0,,,5,2,,B1,92.0,353.0,2.0,3,1,327,28,439,1057,133,369,211,273,60.0,30.0,10.0,40.0,39.0,31.75,50.28978524511712,92.75,299.0,313.0552067926678,4.936698051767091
8,4.0,00:08:55.120,13378,B,,挑球,,,B1,92,353,2.0,,,5,2,,A4,88.0,916.0,1.0,1,2,133,369,211,273,227,97,153,1109,20.0,60.0,10.0,80.0,4.5,74.0,74.13669806512831,7.75,77.0,77.38903346082053,1.9487854078868885
8,5.0,00:08:56.400,13410,A,,殺球,1.0,,A4,88,916,1.0,,,5,2,,B3,44.0,135.0,2.0,2,2,227,97,153,1109,157,191,303,118,40.0,30.0,90.0,60.0,1.0,16.75,16.779824194549835,44.75,251.5,255.45021530623143,2.3091291822977595
8,6.0,00:08:57.000,13425,B,,擋小球,,,B3,44,135,2.0,,,5,2,,A1,91.0,578.0,2.0,2,2,157,191,303,118,197,84,151,924,70.0,90.0,10.0,20.0,33.25,24.75,41.45027141045038,52.24999999999999,279.5,284.3418936773123,14.158319109272822
8,7.0,00:08:58.040,13451,A,,放小球,,1.0,A1,91,578,2.0,,,5,2,,B1,80.0,354.0,2.0,2,2,197,84,151,924,189,151,207,178,10.0,10.0,40.0,30.0,17.75,4.75,18.37457482501296,11.5,183.25,183.61049125798885,7.563272203203657
8,8.0,00:08:59.120,13478,B,,未擊球,,,B1,80,354,2.0,落地,對方未擊球,6,2,A,,,,,2,2,189,151,207,178,184,91,305,903,0.0,10.0,80.0,70.0,50.0,60.25,78.2947156582103,27.0,138.25,140.86185608602494,1.2208573061514894
9,1.0,00:09:14.520,13863,A,1.0,發長球,,,B2,255,669,2.0,,,6,2,,B4,167.0,26.0,1.0,2,4,184,91,305,903,215,-172,229,-149,90.0,20.0,70.0,0.0,4.75,18.0,18.616189191131465,8.25,290.0,290.11732540474037,3.0395470310304713
9,2.0,00:09:16.760,13919,B,,切球,,,B4,167,26,1.0,,,6,2,,A2,60.0,627.0,2.0,4,3,215,-172,229,-149,239,42,220,984,70.0,20.0,40.0,70.0,20.75,7.000000000000001,21.89891549826155,3.5000000000000004,248.25,248.27467148301693,6.127482716780557
9,3.0,00:09:17.600,13940,A,,放小球,,1.0,A2,60,627,2.0,,,6,2,,B1,81.0,372.0,2.0,3,1,239,42,220,984,152,381,249,267,70.0,20.0,70.0,70.0,21.75,25.5,33.515854457256495,16.75,189.25,189.98980235791603,38.24238486287172
9,4.0,00:09:18.600,13965,B,,挑球,,,B1,81,372,2.0,,,6,2,,B4,329.0,907.0,1.0,1,2,152,381,249,267,292,145,371,1182,30.0,40.0,90.0,40.0,71.75,56.00000000000001,91.01682536762091,52.74999999999999,154.0,162.78379065496662,1.3584770885075683
9,5.0,00:09:20.080,14002,A,,長球,,,B4,329,907,1.0,,,6,2,,B4,96.0,28.0,1.0,2,4,292,145,371,1182,166,-28,240,28,30.0,20.0,10.0,0.0,20.75,4.5,21.232345607586552,7.75,167.5,167.6791951912938,19.620254840342923
9,6.0,00:09:21.120,14028,B,,長球,,,B4,96,28,1.0,,,6,2,,A4,125.0,891.0,1.0,4,2,166,-28,240,28,232,77,134,988,90.0,90.0,40.0,10.0,5.25,29.749999999999996,30.20968387785612,3.5000000000000004,117.25000000000001,117.30222717408225,5.034912712327915
9,7.0,00:09:22.280,14057,A,,長球,1.0,,A4,125,891,1.0,,,6,2,,A4,349.0,47.0,1.0,2,3,232,77,134,988,431,21,505,-58,0.0,60.0,60.0,70.0,20.0,11.5,23.070543990118654,39.0,206.74999999999997,210.39620362544568,20.096606678740567
9,8.0,00:09:23.320,14083,B,,長球,1.0,,A4,349,47,1.0,,,6,2,,B3,330.0,882.0,1.0,3,,431,21,505,-58,,,,,30.0,30.0,50.0,70.0,11.749999999999998,13.25,17.70946074842484,31.25,283.25,284.9686386253758,0.0
9,9.0,00:09:24.880,14122,A,,長球,,,B3,330,882,1.0,,,6,2,,B4,98.0,47.0,2.0,,3,,,,,184,28,234,111,30.0,20.0,20.0,70.0,11.749999999999998,30.5,32.685050099395596,52.0,309.25,313.5913941740111,0.0
9,10.0,00:09:26.080,14152,B,,過渡切球,,,B4,98,47,2.0,,,6,2,,A2,78.0,633.0,2.0,3,4,184,28,234,111,216,-7,195,984,40.0,30.0,30.0,30.0,44.0,26.75,51.49332481011495,1.7500000000000002,271.75,271.7556347161913,1.1026700470616677
9,11.0,00:09:26.840,14171,A,,放小球,,1.0,A2,78,633,2.0,,,6,2,,A1,329.0,383.0,2.0,4,1,216,-7,195,984,437,381,353,254,40.0,90.0,60.0,60.0,21.0,25.25,32.841475301819194,6.5,206.5,206.60227491487112,11.591807451816996
9,12.0,00:09:27.800,14195,B,,挑球,,1.0,A1,329,383,2.0,,,6,2,,A3,148.0,854.0,1.0,1,2,437,381,353,254,286,171,163,1031,60.0,10.0,60.0,50.0,46.5,87.74999999999999,99.30917631316856,21.5,166.25,167.63446095597408,0.8611207381197103
9,13.0,00:09:29.120,14228,A,,殺球,1.0,,A3,148,854,1.0,,,6,2,,B3,143.0,181.0,2.0,2,2,286,171,163,1031,239,197,351,151,40.0,80.0,40.0,70.0,11.5,20.5,23.50531854708632,3.5000000000000004,11.749999999999998,12.260199835239229,2.163904168395634
9,14.0,00:09:29.520,14238,B,,擋小球,,,B3,143,181,2.0,,,6,2,,B1,323.0,595.0,2.0,2,3,239,197,351,151,291,63,287,948,50.0,70.0,90.0,90.0,16.25,5.75,17.2373141759382,12.25,274.75,275.0229535875142,7.367873204361999
9,15.0,00:09:30.600,14265,A,,挑球,,,B1,323,595,2.0,,,6,2,,B3,140.0,92.0,1.0,3,4,291,63,287,948,258,-28,270,-327,10.0,50.0,50.0,10.0,39.75,33.75,52.14522988730609,21.25,242.24999999999997,243.18023151563946,118.41081031730168
9,16.0,00:09:31.600,14290,B,,殺球,,,B3,140,92,1.0,,,6,2,,A2,134.0,698.0,2.0,4,3,258,-28,270,-327,172,56,247,1027,70.0,50.0,10.0,10.0,36.75,31.25,48.240283995847285,42.75,205.25000000000003,209.65477576244237,3.532115661948617
9,17.0,00:09:31.960,14299,A,,擋小球,,1.0,A2,134,698,2.0,,,6,2,,B1,104.0,385.0,2.0,3,2,172,56,247,1027,166,285,212,235,0.0,90.0,50.0,10.0,40.0,55.25,68.20969505869382,28.749999999999996,247.25,248.91589945200366,2.9670862993909095
9,18.0,00:09:32.760,14319,B,,放小球,,,B1,104,385,2.0,,,6,2,,A1,90.0,509.0,2.0,2,2,166,285,212,235,223,254,204,865,50.0,90.0,20.0,30.0,26.25,22.25,34.411117389587915,92.0,283.25,297.81632342771275,8.585726170659708
9,19.0,00:09:33.680,14342,A,,挑球,,1.0,A1,90,509,2.0,,,6,2,,B4,134.0,17.0,1.0,2,,223,254,204,865,,,,,80.0,90.0,70.0,0.0,33.0,49.75,59.69976968129777,34.25,232.5,235.00917535279342,0.0
9,20.0,00:09:35.320,14383,B,,長球,,,B4,134,17,1.0,,,6,2,,A4,75.0,907.0,1.0,,,,,,,,,,,50.0,60.0,80.0,50.0,31.25,18.5,36.31545814112773,14.499999999999998,206.25,206.75906872492922,0.0
9,21.0,00:09:36.760,14419,A,,長球,1.0,,A4,75,907,1.0,,,6,2,,B4,76.0,36.0,1.0,,,,,,,,,,,10.0,40.0,70.0,0.0,19.75,13.5,23.923053734839122,34.25,265.0,267.20415883739537,0.0
9,22.0,00:09:38.520,14463,B,,切球,,,B4,76,36,1.0,,,6,2,,B1,319.0,576.0,2.0,,3,,,,,264,56,388,887,20.0,60.0,70.0,70.0,20.5,8.5,22.192341021172144,23.25,209.24999999999997,210.53770446169494,0.0
9,23.0,00:09:39.520,14488,A,,放小球,,,B1,319,576,2.0,,,6,2,,B1,84.0,369.0,2.0,3,1,264,56,388,887,153,346,225,248,0.0,0.0,40.0,30.0,12.5,22.5,25.7390753524675,11.0,209.24999999999997,209.5389283641586,3.920585116321413
9,24.0,00:09:40.600,14515,B,,挑球,,,B1,84,369,2.0,,,6,2,,B1,161.0,466.0,1.0,1,2,153,346,225,248,270,171,466,1226,90.0,50.0,80.0,60.0,14.749999999999998,8.75,17.150072886142496,10.5,204.0,204.27004185636227,2.1382044529343953
9,25.0,00:09:42.200,14555,A,,殺球,,,B1,161,466,1.0,,,6,2,,B4,331.0,898.0,2.0,2,2,270,171,466,1226,259,151,434,1080,10.0,70.0,40.0,80.0,22.75,15.75,27.669929526473318,61.0,243.0,250.53941805632104,0.17031735084835015
9,26.0,00:09:41.960,14549,A,,掛網球,,,B4,331,898,2.0,未回擊成功,對方失誤,6,3,B,,,,,2,,259,151,434,1080,,,,,70.0,90.0,10.0,20.0,13.25,12.25,18.04508243261859,64.75,288.0,295.1890284207731,0.0
10,1.0,00:10:04.920,15123,B,1.0,發長球,,,B2,204,238,2.0,,,6,3,,A4,105.0,907.0,1.0,,2,,,,,244,84,93,1123,50.0,30.0,50.0,10.0,33.75,20.75,39.61849315660554,26.25,242.24999999999997,243.66806315149304,0.0
10,2.0,00:10:06.960,15174,A,,長球,1.0,,A4,105,907,1.0,,,6,3,,A4,279.0,44.0,1.0,2,4,244,84,93,1123,400,-43,464,-73,60.0,10.0,50.0,60.0,19.0,17.25,25.662472601056972,3.75,181.5,181.53873553597316,1.211562606973855
10,3.0,00:10:08.040,15201,B,,長球,1.0,,A4,279,44,1.0,,,6,3,,B3,345.0,868.0,1.0,4,,400,-43,464,-73,,,,,0.0,10.0,50.0,20.0,27.5,5.25,27.996651585502153,3.75,197.0,197.03568839172257,0.0
10,4.0,00:10:09.760,15244,A,,切球,,,B3,345,868,1.0,,,6,3,,B2,99.0,316.0,2.0,,3,,,,,165,14,165,14,10.0,80.0,10.0,60.0,10.25,12.0,15.78171410208663,17.75,214.0,214.73486559010394,0.0
10,5.0,00:10:10.560,15264,B,,放小球,,,B2,99,316,2.0,,,6,3,,B1,176.0,448.0,2.0,3,1,165,14,165,14,147,310,196,322,60.0,20.0,10.0,50.0,33.5,49.5,59.77039400907442,37.25,246.25,249.0514505077214,0.11794537341969422
10,6.0,00:10:11.400,15285,B,,未過網,,,B1,176,448,2.0,未回擊成功,對方失誤,7,3,A,,,,,1,,147,310,196,322,,,,,30.0,0.0,60.0,50.0,5.75,20.0,20.810153771656758,44.0,286.25,289.61191705453007,0.0
11,1.0,00:10:32.520,15813,A,1.0,發小球,,,B2,228,693,2.0,,,7,3,,A2,257.0,308.0,2.0,,,,,,,,,,,50.0,10.0,70.0,20.0,21.25,37.75,43.32003000922322,1.7500000000000002,204.5,204.50748763798353,0.0
11,2.0,00:10:33.240,15831,B,,挑球,,1.0,A2,257,308,2.0,,,7,3,,A3,134.0,869.0,1.0,,,,,,,,,,,80.0,70.0,50.0,80.0,8.0,8.25,11.491844934561204,8.75,214.5,214.67839318385074,0.0
11,3.0,00:10:34.240,15856,A,,長球,1.0,,A3,134,869,1.0,,,7,3,,A4,319.0,18.0,1.0,,,,,,,,,,,30.0,60.0,40.0,50.0,25.75,6.5,26.557720158176227,1.5,253.75,253.7544334588068,0.0
11,4.0,00:10:35.560,15889,B,,長球,1.0,,A4,319,18,1.0,,,7,3,,B3,323.0,874.0,1.0,,,,,,,,,,,20.0,40.0,50.0,0.0,14.499999999999998,1.5,14.57737973711325,13.75,197.5,197.9780606531946,0.0
11,5.0,00:10:37.040,15926,A,,殺球,,,B3,323,874,1.0,,,7,3,,A1,341.0,466.0,2.0,,,,,,,,,,,50.0,20.0,50.0,40.0,21.25,5.5,21.950227789250842,31.25,241.5,243.51347498649844,0.0
11,6.0,00:10:37.240,15931,A,,掛網球,,,A1,341,466,2.0,未回擊成功,對方失誤,7,4,B,,,,,,2,,,,,271,178,285,223,80.0,50.0,30.0,40.0,15.5,21.25,26.30232879423417,39.25,266.0,268.88020101896683,0.0
12,1.0,00:10:53.720,16343,B,,發長球,,,B2,181,245,2.0,,,7,4,,B4,326.0,917.0,1.0,2,2,271,178,285,223,275,111,464,1229,30.0,90.0,20.0,70.0,24.25,22.25,32.91086446752804,8.0,243.25,243.3815163483045,6.822628914584352
12,2.0,00:10:55.840,16396,A,,切球,,,B4,326,917,1.0,,,7,4,,B2,78.0,303.0,2.0,2,2,275,111,464,1229,142,210,255,111,10.0,90.0,80.0,40.0,7.75,15.25,17.106285394556004,4.5,203.5,203.54974821895507,5.378053793323205
12,3.0,00:10:56.640,16416,B,,放小球,,,B2,78,303,2.0,,,7,4,,A1,54.0,530.0,2.0,2,2,142,210,255,111,213,191,209,844,50.0,80.0,60.0,60.0,1.25,22.0,22.035482749420307,34.0,1.0,34.0147027033899,71.443754100691
12,4.0,00:10:57.640,16441,A,,放小球,,1.0,A1,54,530,2.0,,,7,4,,A1,313.0,430.0,2.0,2,1,213,191,209,844,413,432,317,291,10.0,80.0,0.0,90.0,50.24999999999999,52.0,72.3122569140253,7.5,257.75,257.85909427437304,10.842713887419718
12,5.0,00:10:58.600,16465,B,,挑球,,1.0,A1,313,430,2.0,,,7,4,,A4,142.0,906.0,1.0,1,,413,432,317,291,,,,,90.0,60.0,30.0,80.0,27.750000000000004,48.5,55.87765653640102,5.75,222.00000000000003,222.07445260542687,0.0
12,6.0,00:10:59.960,16499,A,,長球,1.0,,A4,142,906,1.0,,,7,4,,B4,64.0,29.0,1.0,,4,,,,,183,-65,217,-188,30.0,30.0,10.0,80.0,16.75,18.25,24.771455346830148,4.75,235.5,235.5478985259686,0.0
12,7.0,00:11:01.240,16531,B,,切球,,,B4,64,29,1.0,,,7,4,,A1,97.0,582.0,2.0,4,3,183,-65,217,-188,202,7,184,972,80.0,40.0,20.0,60.0,45.5,1.5,45.52471856036015,39.5,31.5,50.52227231627651,36.269668993373635
12,8.0,00:11:02.200,16555,A,,挑球,,1.0,A1,97,582,2.0,,,7,4,,B4,69.0,44.0,1.0,3,4,202,7,184,972,119,-21,198,-21,50.0,30.0,80.0,60.0,23.75,41.75,48.03254105291536,73.0,231.5,242.73699759204405,3.869854777637011
12,9.0,00:11:03.440,16586,B,,長球,,,B4,69,44,1.0,,,7,4,,B3,334.0,870.0,1.0,4,,119,-21,198,-21,,,,,20.0,90.0,20.0,80.0,22.0,17.25,27.956439329785905,57.99999999999999,273.0,279.0931744059679,0.0
12,10.0,00:11:04.800,16620,A,,殺球,,,B3,334,870,1.0,,,7,4,,A3,371.0,139.0,2.0,,3,,,,,344,49,385,138,20.0,40.0,80.0,0.0,28.000000000000004,19.0,33.83784863137726,0.5,265.0,265.0004716976934,0.0
12,11.0,00:11:05.360,16634,B,,擋小球,,1.0,A3,371,139,2.0,,,7,4,,B1,372.0,512.0,2.0,3,2,344,49,385,138,431,151,452,895,70.0,40.0,40.0,10.0,21.75,3.5000000000000004,22.029809350060205,18.5,254.74999999999997,255.42085369053166,9.361503891044473
12,12.0,00:11:06.280,16657,A,,放小球,,,B1,372,512,2.0,,,7,4,,B1,54.0,366.0,2.0,2,1,431,151,452,895,144,375,241,279,60.0,50.0,30.0,40.0,8.5,13.75,16.16516316032721,18.25,186.0,186.89318473395437,13.309979547525817
12,13.0,00:11:07.240,16681,B,,未擊球,,,B1,54,366,2.0,落地,對方未擊球,8,4,A,,,,,1,,144,375,241,279,,,,,30.0,40.0,60.0,30.0,11.749999999999998,3.5000000000000004,12.260199835239229,28.499999999999996,206.74999999999997,208.7050849883634,0.0
13,1.0,00:11:27.680,17192,A,1.0,發小球,,,B2,241,711,2.0,,,8,4,,B1,128.0,391.0,2.0,,2,,,,,146,291,190,191,10.0,20.0,50.0,60.0,2.25,12.0,12.20911544707478,48.75,259.0,263.54802693247393,0.0
13,2.0,00:11:28.160,17204,B,,放小球,,1.0,B1,128,391,2.0,,,8,4,,A1,97.0,523.0,2.0,2,2,146,291,190,191,229,273,221,861,60.0,50.0,10.0,50.0,46.0,26.25,52.962840747074736,12.25,271.25,271.5264720059538,13.081406652191498
13,3.0,00:11:29.200,17230,A,,放小球,,1.0,A1,97,523,2.0,,,8,4,,B2,83.0,308.0,1.0,2,1,229,273,221,861,208,392,235,392,40.0,60.0,60.0,60.0,48.5,51.5,70.74249076757194,54.0,51.5,74.62070758174302,0.4862083236130551
13,4.0,00:11:29.920,17248,B,,刷球,,,B2,83,308,1.0,,,8,4,,B5,322.0,-58.0,2.0,1,1,208,392,235,392,288,438,391,1219,0.0,80.0,90.0,20.0,2.5,30.5,30.60228749619871,34.75,258.0,260.3297188182709,1.3529122593319398
13,5.0,00:11:31.320,17283,A,,未擊球,,,B5,322,-58,2.0,出界,對方失誤,9,4,A,,,,,1,,288,438,391,1219,,,,,90.0,10.0,40.0,40.0,29.749999999999996,32.25,43.87624642104199,13.5,334.0,334.27271800133497,0.0
14,1.0,00:11:46.200,17655,A,1.0,發長球,,,B2,239,714,2.0,,,9,4,,A4,330.0,10.0,1.0,,,,,,,,,,,40.0,0.0,40.0,20.0,1.0,20.0,20.024984394500787,39.0,280.5,283.19825211325013,0.0
14,2.0,00:11:48.440,17711,B,,切球,1.0,,A4,330,10,1.0,,,9,4,,A1,99.0,598.0,2.0,,4,,,,,386,-133,278,976,20.0,40.0,90.0,80.0,3.0,36.0,36.124783736376884,27.25,173.0,175.13298518554407,0.0
14,3.0,00:11:49.200,17730,A,,挑球,,1.0,A1,99,598,2.0,,,9,4,,A4,264.0,40.0,1.0,4,4,386,-133,278,976,339,-80,403,-157,80.0,40.0,30.0,70.0,28.000000000000004,1.5,28.040149785619906,54.25,196.75,204.09219730308163,8.329330794204894
14,4.0,00:11:50.320,17758,B,,長球,1.0,,A4,264,40,1.0,,,9,4,,A3,81.0,882.0,1.0,4,3,339,-80,403,-157,292,42,195,1080,0.0,80.0,10.0,30.0,27.5,38.0,46.90682253148256,5.25,304.25,304.2952924381184,5.3645895333825875
14,5.0,00:11:51.520,17788,A,,長球,1.0,,A3,81,882,1.0,,,9,4,,B4,63.0,40.0,1.0,3,4,292,42,195,1080,116,-65,188,-7,90.0,90.0,70.0,80.0,17.75,5.25,18.51013236041277,3.25,284.5,284.51856266331725,4.735548489999209
14,6.0,00:11:52.720,17818,B,,長球,,,B4,63,40,1.0,,,9,4,,A4,95.0,905.0,1.0,4,,116,-65,188,-7,,,,,0.0,60.0,50.0,10.0,27.5,89.0,93.15175790075031,1.25,202.25,202.2538627566851,0.0
14,7.0,00:11:54.120,17853,A,,長球,1.0,,A4,95,905,1.0,,,9,4,,B4,47.0,26.0,1.0,,,,,,,,,,,90.0,30.0,0.0,90.0,14.749999999999998,44.25,46.643595487483594,35.0,169.75,173.32069264805054,0.0
14,8.0,00:11:55.440,17886,B,,長球,,,B4,47,26,1.0,,,9,4,,A4,102.0,897.0,1.0,,,,,,,,,,,70.0,40.0,40.0,80.0,33.25,28.999999999999996,44.11986514031973,36.5,240.49999999999997,243.2539824956623,0.0
14,9.0,00:11:56.920,17923,A,,殺球,1.0,,A4,102,897,1.0,,,9,4,,B3,102.0,179.0,2.0,,2,,,,,189,171,306,118,50.0,30.0,60.0,70.0,16.25,1.7500000000000002,16.343959128681153,39.0,241.75,244.87560617587042,0.0
14,10.0,00:11:57.360,17934,B,,擋小球,,,B3,102,179,2.0,,,9,4,,B1,317.0,565.0,2.0,2,3,189,171,306,118,273,70,332,944,30.0,60.0,70.0,80.0,50.74999999999999,16.0,53.2124280596178,34.25,245.5,247.87761597207606,5.594740767931525
14,11.0,00:11:58.480,17962,A,,放小球,,,B1,317,565,2.0,,,9,4,,A1,327.0,404.0,2.0,3,1,273,70,332,944,459,421,418,279,90.0,10.0,40.0,90.0,12.75,7.249999999999999,14.667140143872627,16.5,274.75,275.24500449599446,6.590781440770131
14,12.0,00:11:59.520,17988,B,,挑球,,1.0,A1,327,404,2.0,,,9,4,,B4,343.0,898.0,1.0,1,,459,421,418,279,,,,,30.0,50.0,90.0,0.0,3.25,81.25,81.31497402077922,42.75,225.0,229.02524424176477,0.0
14,13.0,00:12:01.320,18033,A,,切球,,,B4,343,898,1.0,,,9,4,,A2,371.0,284.0,2.0,,2,,,,,483,260,386,131,90.0,80.0,30.0,40.0,22.75,25.5,34.17327171928377,21.75,225.99999999999997,227.04418622814367,0.0
14,14.0,00:12:02.120,18053,B,,擋小球,,1.0,A2,371,284,2.0,,,9,4,,A1,359.0,465.0,2.0,2,2,483,260,386,131,437,178,400,178,20.0,20.0,10.0,90.0,42.0,67.0,79.07591289387686,2.75,250.25,250.26510943397602,0.0623995036914704
14,15.0,00:12:02.880,18072,B,,掛網球,,,A1,359,465,2.0,未回擊成功,對方失誤,10,4,A,,,,,2,,437,178,400,178,,,,,0.0,0.0,70.0,20.0,5.0,27.5,27.95084971874737,1.7500000000000002,258.0,258.00593500925515,0.0
15,1.0,00:12:30.120,18753,A,1.0,發長球,,,B2,248,719,2.0,,,10,4,,B4,141.0,2.0,1.0,,4,,,,,217,-126,260,-95,70.0,70.0,30.0,40.0,69.25,89.25,112.96514949310694,23.25,204.0,205.3206334005426,0.0
15,2.0,00:12:32.360,18809,B,,切球,,,B4,141,2,1.0,,,10,4,,B2,336.0,653.0,2.0,4,4,217,-126,260,-95,282,-149,309,1004,10.0,60.0,10.0,50.0,27.25,33.5,43.18347484860384,17.25,146.25,147.26379392097706,3.074625578664757
15,3.0,00:12:33.000,18825,A,,挑球,,,B2,336,653,2.0,,,10,4,,yy,66.0,54.0,1.0,4,4,282,-149,309,1004,123,-14,224,35,70.0,20.0,0.0,90.0,33.25,38.0,50.49319261048959,2.5,112.74999999999999,112.77771278049578,9.303072637243416
15,4.0,00:12:34.080,18852,B,,過渡切球,,,yy,66,54,1.0,,,10,4,,B1,348.0,546.0,2.0,4,2,123,-14,224,35,270,111,395,856,30.0,0.0,0.0,80.0,23.25,57.49999999999999,62.02267730435377,12.5,199.5,199.89122041750605,3.3162555722392937
15,5.0,00:12:35.280,18882,A,,挑球,,,B1,348,546,2.0,,,10,4,,A4,313.0,25.0,1.0,2,4,270,111,395,856,430,-110,510,-133,80.0,50.0,90.0,30.0,30.5,41.25,51.30119394322124,9.75,244.24999999999997,244.44452335857312,3.6634153797921907
15,6.0,00:12:36.480,18912,B,,長球,1.0,,A4,313,25,1.0,,,10,4,,A4,83.0,892.0,1.0,4,4,430,-110,510,-133,325,-21,142,1000,20.0,50.0,90.0,0.0,30.5,18.75,35.80240913681648,0.25,157.5,157.50019841257344,11.962415421479452
15,7.0,00:12:37.560,18939,A,,切球,1.0,,A4,83,892,1.0,,,10,4,,B2,141.0,240.0,2.0,4,2,325,-21,142,1000,193,178,279,70,30.0,90.0,60.0,10.0,16.75,52.24999999999999,54.86916255967462,11.5,109.74999999999999,110.35086089378731,3.847458419280011
15,8.0,00:12:38.360,18959,B,,擋小球,,,B2,141,240,2.0,,,10,4,,B1,276.0,569.0,2.0,2,2,193,178,279,70,318,104,337,895,0.0,0.0,60.0,70.0,37.5,102.49999999999999,109.14439976471537,13.5,178.25,178.76048920273183,25.132758614118657
15,9.0,00:12:39.320,18983,A,,挑球,,,B1,276,569,2.0,,,10,4,,B4,75.0,37.0,1.0,2,,318,104,337,895,,,,,90.0,60.0,90.0,80.0,34.75,48.5,59.66416428644584,52.24999999999999,222.00000000000003,228.06591700646547,0.0
15,10.0,00:12:40.640,19016,B,,切球,,,B4,75,37,1.0,,,10,4,,A1,61.0,604.0,2.0,,,,,,,,,,,0.0,90.0,70.0,10.0,12.5,20.25,23.797321277824526,5.75,239.75,239.8189421209259,0.0
15,11.0,00:12:41.560,19039,A,,未擊球,,,A1,61,604,2.0,落地,切球得分,10,5,B,,,,,,,,,,,,,,,80.0,10.0,0.0,40.0,49.5,15.25,51.795873387751655,12.5,6.5,14.089002803605371,0.0
16,1.0,00:12:59.240,19481,B,1.0,發長球,,,B2,199,263,2.0,,,10,5,,A4,109.0,916.0,1.0,,2,,,,,244,91,154,1151,40.0,80.0,80.0,20.0,4.0,2.0,4.47213595499958,34.5,227.0,229.60672899547174,0.0
16,2.0,00:13:01.240,19531,A,,殺球,1.0,,A4,109,916,1.0,,,10,5,,B2,69.0,209.0,2.0,2,2,244,91,154,1151,165,145,291,91,30.0,60.0,40.0,10.0,19.25,36.5,41.26514873352573,66.5,297.75,305.0857461436047,1.9378280405631712
16,3.0,00:13:01.760,19544,B,,擋小球,,,B2,69,209,2.0,,,10,5,,A1,95.0,516.0,2.0,2,2,165,145,291,91,247,111,198,928,80.0,10.0,20.0,80.0,22.0,42.25,47.63467749444726,40.5,159.5,164.5615386413241,16.061506778630704
16,4.0,00:13:02.800,19570,A,,挑球,,1.0,A1,95,516,2.0,,,10,5,,B4,92.0,46.0,2.0,2,3,247,111,198,928,197,21,242,91,30.0,40.0,40.0,10.0,23.25,28.499999999999996,36.78059950571768,1.0,2.25,2.462214450449026,5.746339199976228
16,5.0,00:13:03.920,19598,B,,過渡切球,,,B4,92,46,2.0,,,10,5,,A1,99.0,544.0,1.0,3,3,197,21,242,91,256,56,200,907,30.0,70.0,0.0,60.0,19.25,16.75,25.517151094900857,47.5,250.99999999999997,255.45498625002406,11.159785675653929
16,6.0,00:13:04.840,19621,A,,挑球,,1.0,A1,99,544,1.0,,,10,5,,A4,308.0,38.0,1.0,3,4,256,56,200,907,347,-7,444,-65,60.0,30.0,20.0,50.0,24.0,11.749999999999998,26.72194790803994,3.0,191.25,191.27352796453565,92.17863092929944
16,7.0,00:13:05.840,19646,B,,長球,1.0,,A4,308,38,1.0,,,10,5,,A4,74.0,890.0,1.0,4,3,347,-7,444,-65,294,42,185,1087,40.0,80.0,40.0,90.0,16.0,72.0,73.7563556583431,11.0,157.75,158.13305315461406,1.70010870391935
16,8.0,00:13:07.160,19679,A,,切球,1.0,,A4,74,890,1.0,,,10,5,,B3,54.0,147.0,2.0,3,2,294,42,185,1087,159,125,290,118,70.0,30.0,50.0,80.0,0.75,3.25,3.3354160160315836,36.25,189.5,192.93603214537197,1.4775129253053743
16,9.0,00:13:07.760,19694,B,,擋小球,,,B3,54,147,2.0,,,10,5,,B1,255.0,567.0,2.0,2,3,159,125,290,118,235,56,305,844,60.0,0.0,40.0,20.0,28.499999999999996,27.5,39.604292696625706,3.5000000000000004,189.5,189.5323191437281,21.994191152312112
16,10.0,00:13:08.720,19718,A,,挑球,,,B1,255,567,2.0,,,10,5,,A3,307.0,117.0,1.0,3,2,235,56,305,844,345,77,320,56,0.0,40.0,80.0,50.0,30.0,26.0,39.698866482558415,32.0,213.75,216.13204875723542,4.067689046968251
16,11.0,00:13:09.520,19738,B,,擋小球,,1.0,A3,307,117,1.0,,,10,5,,B1,348.0,553.0,2.0,2,2,345,77,320,56,386,125,391,912,60.0,10.0,90.0,50.0,79.0,34.75,86.30505489251485,54.75,251.25,257.14611605077766,7.350515808065995
16,12.0,00:13:10.400,19760,A,,挑球,,,B1,348,553,2.0,,,10,5,,B4,121.0,31.0,1.0,2,4,386,125,391,912,252,-73,242,-73,0.0,40.0,70.0,30.0,30.0,41.0,50.803543183522144,48.25,284.25,288.31601585760023,8.746032610261242
16,13.0,00:13:11.480,19787,B,,長球,,,B4,121,31,1.0,,,10,5,,B4,336.0,893.0,2.0,4,3,252,-73,242,-73,275,7,418,1072,70.0,50.0,70.0,90.0,16.75,11.25,20.177338773981074,10.75,177.25,177.57568808820648,3.7101172856776303
16,14.0,00:13:12.760,19819,A,,過渡切球,,,B4,336,893,2.0,,,10,5,,A2,338.0,299.0,2.0,3,2,275,7,418,1072,360,158,425,254,50.0,90.0,10.0,50.0,13.75,72.75,74.0379970015397,2.75,228.75,228.76652945743615,9.593503328943447
16,15.0,00:13:13.680,19842,B,,挑球,,1.0,A2,338,299,2.0,,,10,5,,B4,362.0,886.0,2.0,2,2,360,158,425,254,328,125,390,1112,20.0,70.0,30.0,60.0,30.5,34.25,45.86188504629961,38.25,239.0,242.04144789684267,3.3000218181096925
16,16.0,00:13:14.920,19873,A,,過渡切球,,,B4,362,886,2.0,,,10,5,,A2,364.0,275.0,2.0,2,2,328,125,390,1112,431,151,384,97,70.0,20.0,70.0,60.0,51.74999999999999,93.0,106.42867329812957,14.249999999999998,168.5,169.10148580068716,2.839272686403175
16,17.0,00:13:15.560,19889,B,,放小球,,1.0,A2,364,275,2.0,,,10,5,,B1,329.0,551.0,2.0,2,2,431,151,384,97,373,145,439,887,0.0,30.0,70.0,10.0,50.0,79.25,93.70465570077081,68.25,195.25,206.8347770564708,6.030813382883904
16,18.0,00:13:16.680,19917,A,,挑球,,,B1,329,551,2.0,,,10,5,,A4,330.0,46.0,1.0,2,,373,145,439,887,,,,,10.0,90.0,10.0,80.0,20.25,27.750000000000004,34.35294747179636,55.25,260.5,266.2945972039238,0.0
16,19.0,00:13:18.160,19954,B,,殺球,1.0,,A4,330,46,1.0,,,10,5,,A2,109.0,613.0,2.0,,4,,,,,431,-65,273,952,10.0,40.0,40.0,10.0,7.249999999999999,9.0,11.55692433132622,34.0,252.74999999999997,255.02659175074274,0.0
16,20.0,00:13:18.840,19971,A,,防守回挑,,1.0,A2,109,613,2.0,,,10,5,,A4,294.0,52.0,1.0,4,4,431,-65,273,952,346,-43,398,-14,50.0,70.0,40.0,0.0,21.25,51.74999999999999,55.94305140050907,33.5,229.99999999999997,232.42687021943053,8.589518887035746
16,21.0,00:13:19.720,19993,B,,長球,1.0,,A4,294,52,1.0,,,10,5,,A3,106.0,848.0,1.0,4,3,346,-43,398,-14,284,42,241,1050,0.0,70.0,0.0,10.0,30.0,1.7500000000000002,30.05099831952343,70.0,307.25,315.12309102952133,10.928872170246125
16,22.0,00:13:20.800,20020,A,,切球,1.0,,A3,106,848,1.0,,,10,5,,B3,91.0,163.0,2.0,3,2,284,42,241,1050,187,131,273,77,90.0,40.0,30.0,0.0,4.75,14.000000000000002,14.783859441972519,36.75,270.0,272.48956402034923,1.8859286905404273
16,23.0,00:13:21.320,20033,B,,挑球,,,B3,91,163,2.0,,,10,5,,B2,284.0,737.0,1.0,2,3,187,131,273,77,218,70,291,891,20.0,30.0,40.0,50.0,42.0,15.75,44.85601966291704,1.0,228.75,228.7521857819068,6.846474631226866
16,24.0,00:13:22.200,20055,A,,放小球,,,B2,284,737,1.0,,,10,5,,B1,135.0,465.0,2.0,3,2,218,70,291,891,223,158,427,887,10.0,0.0,30.0,60.0,9.75,0.0,9.75,16.75,236.50000000000003,237.09241341721582,0.20476068728682212
16,25.0,00:13:22.960,20074,A,,掛網球,,,B1,135,465,2.0,未回擊成功,對方失誤,10,6,B,,,,,2,,223,158,427,887,,,,,60.0,0.0,20.0,40.0,54.0,55.0,77.07788269017254,25.5,206.5,208.06849833648533,0.0
17,1.0,00:13:45.720,20643,B,1.0,發長球,,,B2,168,218,2.0,,,10,6,,B4,294.0,923.0,1.0,,2,,,,,267,77,412,1182,40.0,40.0,60.0,20.0,28.999999999999996,51.5,59.10372238700368,31.0,218.0,220.19309707617992,0.0
17,2.0,00:13:47.760,20694,A,,切球,,,B4,294,923,1.0,,,10,6,,A2,329.0,310.0,2.0,2,2,267,77,412,1182,468,285,382,151,60.0,90.0,20.0,10.0,46.0,50.24999999999999,68.12534403582855,17.0,279.75,280.26605663190827,5.603847884365805
17,3.0,00:13:48.600,20715,B,,挑球,,1.0,A2,329,310,2.0,,,10,6,,B3,329.0,832.0,1.0,2,2,468,285,382,151,357,91,405,1039,30.0,0.0,80.0,20.0,35.75,45.0,57.47227592500579,15.5,265.5,265.95206334976984,23.318566756032745
17,4.0,00:13:49.560,20739,A,,殺球,,,B3,329,832,1.0,,,10,6,,yy,124.0,191.0,2.0,2,2,357,91,405,1039,290,164,386,97,80.0,70.0,50.0,70.0,80.5,94.25,123.94883016793663,11.25,190.75,191.08146168584747,2.024010818766418
17,5.0,00:13:50.120,20753,B,,擋小球,,,yy,124,191,2.0,,,10,6,,B1,90.0,466.0,2.0,2,2,290,164,386,97,108,158,228,223,10.0,10.0,20.0,90.0,35.25,49.75,60.97232978983171,40.5,229.74999999999997,233.29233270727093,0.2039607805437114
17,6.0,00:13:50.720,20768,B,,掛網球,,,B1,90,466,2.0,未回擊成功,對方失誤,11,6,A,,,,,2,,108,158,228,223,,,,,90.0,50.0,40.0,50.0,47.25,51.24999999999999,69.70742428177934,1.5,218.75,218.75514279668943,0.0
18,1.0,00:15:02.440,22561,A,1.0,發長球,,,B2,235,672,2.0,,,11,6,,A4,271.0,9.0,1.0,,,,,,,,,,,80.0,0.0,0.0,90.0,8.0,10.0,12.806248474865697,12.5,229.74999999999997,230.0897922551107,0.0
18,2.0,00:15:04.640,22616,B,,長球,1.0,,A4,271,9,1.0,,,11,6,,A3,125.0,851.0,1.0,,,,,,,,,,,60.0,10.0,60.0,0.0,3.5000000000000004,54.75,54.86175808338628,1.0,290.0,290.0017241328058,0.0
18,3.0,00:15:05.640,22641,A,,切球,1.0,,A3,125,851,1.0,,,11,6,,B1,86.0,467.0,2.0,,,,,,,,,,,70.0,80.0,30.0,20.0,10.75,3.0,11.160757142774857,8.25,178.0,178.19108423262932,0.0
18,4.0,00:15:05.840,22646,A,,掛網球,,,B1,86,467,2.0,未回擊成功,對方失誤,11,7,B,,,,,,2,,,,,324,216,337,229,50.0,40.0,60.0,70.0,16.25,14.000000000000002,21.44906757880165,3.5000000000000004,148.25,148.2913095902791,0.0
19,1.0,00:15:19.000,22977,B,,發長球,,,B2,177,268,2.0,,,11,7,,A4,66.0,918.0,1.0,2,3,324,216,337,229,229,49,45,1155,80.0,0.0,20.0,80.0,38.0,65.0,75.29276193632427,39.5,174.5,178.91478418509746,3.5643146386051843
19,2.0,00:15:21.200,23030,A,,切球,1.0,,A4,66,918,1.0,,,11,7,,B3,57.0,181.0,2.0,3,2,229,49,45,1155,141,118,277,63,0.0,80.0,70.0,60.0,5.0,39.5,39.81519810323691,19.25,225.99999999999997,226.81834692105485,2.1522608026212806
19,3.0,00:15:21.680,23042,B,,挑球,,,B3,57,181,2.0,,,11,7,,B4,252.0,903.0,1.0,2,3,141,118,277,63,253,42,275,1123,90.0,0.0,30.0,20.0,30.25,32.5,44.399465086867885,31.75,227.99999999999997,230.20004887054213,3.960517137950548
19,4.0,00:15:22.920,23073,A,,殺球,1.0,,B4,252,903,1.0,,,11,7,,A2,324.0,215.0,2.0,3,3,253,42,275,1123,340,56,349,104,50.0,0.0,0.0,50.0,46.25,5.0,46.519485164820985,47.5,208.75,214.08599323636284,2.138476757628043
19,5.0,00:15:23.440,23086,B,,擋小球,,1.0,A2,324,215,2.0,,,11,7,,B1,304.0,587.0,2.0,3,2,340,56,349,104,306,111,422,848,10.0,60.0,90.0,70.0,30.25,36.0,47.021936370166635,14.749999999999998,194.24999999999997,194.80920152805925,13.802057817586478
19,6.0,00:15:24.480,23112,A,,挑球,,,B1,304,587,2.0,,,11,7,,B3,126.0,153.0,1.0,2,2,306,111,422,848,259,125,308,21,0.0,10.0,20.0,40.0,12.5,5.25,13.557746862956249,3.0,231.5,231.51943762889542,1.8971071883669612
19,7.0,00:15:25.040,23126,B,,長球,,,B3,126,153,1.0,,,11,7,,A3,126.0,881.0,1.0,2,2,259,125,308,21,250,77,113,1057,10.0,20.0,80.0,10.0,25.25,7.000000000000001,26.202337681970285,10.5,235.25,235.4842086000673,3.4667436498662876
19,8.0,00:15:26.320,23158,A,,長球,1.0,,A3,126,881,1.0,,,11,7,,D4,14.0,40.0,2.0,2,4,250,77,113,1057,66,-28,64,-28,30.0,50.0,60.0,60.0,9.25,8.75,12.732831578246842,24.0,233.5,234.73016423118696,5.495859833423882
19,9.0,00:15:28.480,23212,B,,未擊球,,,D4,14,40,2.0,出界,對方失誤,11,8,B,,,,,4,2,66,-28,64,-28,260,178,280,178,60.0,80.0,20.0,40.0,8.5,54.5,55.15886148208645,7.000000000000001,186.0,186.1316738225926,0.06875
20,1.0,00:15:40.680,23517,B,1.0,發長球,,,B2,167,251,2.0,,,11,8,,B4,297.0,923.0,1.0,2,3,260,178,280,178,270,56,419,1210,20.0,20.0,20.0,50.0,23.0,43.0,48.76474136094644,25.5,78.75,82.77567577495215,45.954896365893376
20,2.0,00:15:42.640,23566,A,,長球,,,B4,297,923,1.0,,,11,8,,A4,290.0,47.0,1.0,3,4,270,56,419,1210,389,-73,473,-126,80.0,0.0,90.0,40.0,27.0,67.5,72.6997248963158,22.25,68.5,72.02299979867543,7.110287882471869
20,3.0,00:15:43.800,23595,B,,殺球,1.0,,A4,290,47,1.0,,,11,8,,B3,342.0,762.0,2.0,4,3,389,-73,473,-126,393,7,317,996,80.0,0.0,0.0,30.0,14.499999999999998,15.0,20.862646045025066,5.0,244.24999999999997,244.3011717122945,2.064760813376506
20,4.0,00:15:44.280,23607,A,,擋小球,,,B3,342,762,2.0,,,11,8,,A2,324.0,308.0,2.0,3,2,393,7,317,996,405,151,426,304,70.0,0.0,40.0,60.0,13.25,0.0,13.25,34.0,204.0,206.81392603013947,7.950266328487213
20,5.0,00:15:45.200,23630,B,,挑球,,1.0,A2,324,308,2.0,,,11,8,,A4,64.0,897.0,1.0,2,2,405,151,426,304,293,145,209,1091,10.0,90.0,60.0,60.0,29.749999999999996,37.75,48.063759736416785,6.5,231.0,231.09143212157392,3.152106597182272
20,6.0,00:15:46.440,23661,A,,長球,,1.0,A4,64,897,1.0,,,11,8,,B4,92.0,39.0,1.0,2,4,293,145,209,1091,183,-7,230,-126,0.0,10.0,50.0,80.0,5.0,5.25,7.249999999999999,16.25,249.5,250.02862336140637,5.089106234651983
20,7.0,00:15:47.640,23691,B,,殺球,,,B4,92,39,1.0,,,11,8,,A2,117.0,716.0,2.0,4,4,183,-7,230,-126,112,-28,217,1012,20.0,40.0,80.0,90.0,24.5,21.5,32.59601202601324,10.5,265.25,265.4577414580332,2.033645100968754
20,8.0,00:15:48.080,23702,A,,擋小球,,1.0,A2,117,716,2.0,,,11,8,,B2,107.0,310.0,2.0,4,1,112,-28,217,1012,222,328,212,203,40.0,70.0,80.0,80.0,26.0,26.75,37.30365263616956,28.000000000000004,259.5,261.00622597938155,0.5284200878621084
20,9.0,00:15:48.960,23724,B,,放小球,,,B2,107,310,2.0,,,11,8,,B1,357.0,551.0,2.0,1,2,222,328,212,203,281,151,352,882,0.0,90.0,90.0,0.0,10.0,32.25,33.76481156470446,59.75,229.99999999999997,237.63430413136905,7.264183873425753
20,10.0,00:15:49.880,23747,A,,挑球,,,B1,357,551,2.0,,,11,8,,B4,63.0,40.0,1.0,2,3,281,151,352,882,148,35,206,-80,70.0,70.0,0.0,10.0,6.75,8.25,10.659502802663921,37.5,192.75,196.36397963985146,1.2087141084302637
20,11.0,00:15:51.160,23779,B,,切球,,,B4,63,40,1.0,,,11,8,,B1,312.0,567.0,2.0,3,3,148,35,206,-80,213,28,362,887,30.0,90.0,60.0,20.0,50.74999999999999,72.25,88.29283662902671,39.0,137.0,142.44297104455524,13.775762507137717
20,12.0,00:15:52.080,23802,A,,挑球,,,B1,312,567,2.0,,,11,8,,A4,317.0,33.0,1.0,3,4,213,28,362,887,416,-36,499,-95,0.0,70.0,10.0,40.0,30.0,28.249999999999996,41.20755391915419,12.75,276.5,276.7938086374043,5.413938182469265
20,13.0,00:15:53.240,23831,B,,長球,1.0,,A4,317,33,1.0,,,11,8,,B3,340.0,856.0,1.0,4,4,416,-36,499,-95,365,-65,433,1004,20.0,30.0,0.0,20.0,23.0,28.249999999999996,36.42886904640329,5.0,202.99999999999997,203.0615670184784,21.402102700435766
20,14.0,00:15:54.280,23857,A,,切球,,,B3,340,856,1.0,,,11,8,,A2,294.0,270.0,2.0,4,2,365,-65,433,1004,378,260,262,104,10.0,80.0,0.0,0.0,2.75,27.0,27.139684965010186,2.5,7.5,7.905694150420948,3.9754189157314674
20,15.0,00:15:55.120,23878,B,,挑球,,1.0,A2,294,270,2.0,,,11,8,,A3,106.0,859.0,1.0,2,2,378,260,262,104,287,158,175,1008,50.0,0.0,60.0,40.0,3.75,5.0,6.25,18.5,254.0,254.67282933206675,80.20099750003114
20,16.0,00:15:56.120,23903,A,,長球,1.0,,A3,106,859,1.0,,,11,8,,yy,68.0,54.0,1.0,2,4,287,158,175,1008,119,-110,186,7,10.0,30.0,70.0,60.0,17.75,13.25,22.150056433336687,1.7500000000000002,176.5,176.5086754241842,10.708931995759237
20,17.0,00:15:57.040,23926,B,,殺球,,,yy,68,54,1.0,,,11,8,,A2,124.0,716.0,2.0,4,3,119,-110,186,7,99,0,193,1039,10.0,90.0,60.0,50.0,17.25,54.75,57.403179354457365,26.0,143.75,146.08238257914607,1.9210242584071886
20,18.0,00:15:57.520,23938,A,,擋小球,,1.0,A2,124,716,2.0,,,11,8,,A1,288.0,330.0,2.0,3,1,99,0,193,1039,376,357,286,223,30.0,0.0,20.0,10.0,1.7500000000000002,25.0,25.06117515201552,8.0,117.75,118.02144932172287,49.450682502873505
20,19.0,00:15:58.520,23963,B,,放小球,,1.0,A1,288,330,2.0,,,11,8,,A1,85.0,509.0,2.0,1,2,376,357,286,223,267,223,217,808,60.0,50.0,10.0,0.0,34.0,73.75,81.20999014899583,10.25,225.0,225.23335121602219,15.092345374026163
20,20.0,00:15:59.480,23987,A,,放小球,,1.0,A1,85,509,2.0,,,11,8,,B1,70.0,449.0,2.0,2,1,267,223,217,808,134,375,207,357,70.0,50.0,40.0,30.0,23.25,56.25,60.865630695820435,6.5,213.24999999999997,213.34903913540364,2.1554066386131825
20,21.0,00:16:00.320,24008,B,,挑球,,,B1,70,449,2.0,,,11,8,,A3,142.0,882.0,1.0,1,2,134,375,207,357,227,145,157,1155,70.0,70.0,20.0,80.0,40.75,6.75,41.30526600810119,12.0,243.0,243.29611587528478,3.1645850858259603
20,22.0,00:16:02.120,24053,A,,切球,1.0,,A3,142,882,1.0,,,11,8,,yy,77.0,328.0,2.0,2,1,227,145,157,1155,105,310,196,178,80.0,30.0,30.0,20.0,17.0,1.7500000000000002,17.0898361607126,8.25,180.5,180.68844041609302,27.207699073771174
20,23.0,00:16:03.080,24077,B,,放小球,,,yy,77,328,2.0,,,11,8,,A1,85.0,504.0,2.0,1,2,105,310,196,178,227,235,195,808,70.0,10.0,60.0,10.0,36.75,17.25,40.597105808173076,11.0,182.25,182.58165981280814,4.36951515867533
20,24.0,00:16:04.200,24105,A,,放小球,,1.0,A1,85,504,2.0,,,11,8,,D1,32.0,428.0,2.0,2,1,227,235,195,808,160,444,241,369,80.0,80.0,90.0,90.0,20.5,7.000000000000001,21.66217902243447,14.749999999999998,189.75,190.32242379709228,1.3585688582330133
20,25.0,00:16:05.360,24134,B,,未擊球,,,D1,32,428,2.0,落地,小球精準,12,8,A,,,,,1,,160,444,241,369,,,,,90.0,80.0,10.0,70.0,12.75,12.0,17.50892629489313,32.25,163.25,166.40500292959945,0.0
21,1.0,00:16:31.360,24784,A,1.0,發長球,,,B2,228,674,2.0,,,12,8,,B4,177.0,19.0,1.0,,,,,,,,,,,80.0,40.0,20.0,0.0,43.0,36.0,56.08029957123981,67.0,277.5,285.47372908903543,0.0
21,2.0,00:16:33.600,24840,B,,切球,,,B4,177,19,1.0,,,12,8,,A2,75.0,623.0,2.0,,4,,,,,269,-58,245,948,20.0,10.0,60.0,10.0,34.5,14.749999999999998,37.520827549509086,1.5,287.25,287.25391642238753,0.0
21,3.0,00:16:34.320,24858,A,,放小球,,1.0,A2,75,623,2.0,,,12,8,,B1,68.0,391.0,2.0,4,1,269,-58,245,948,119,352,191,235,30.0,70.0,20.0,50.0,34.25,9.25,35.47710529341423,5.5,286.25,286.3028335521673,31.78443015062564
21,4.0,00:16:35.320,24883,B,,挑球,,,B1,68,391,2.0,,,12,8,,B4,308.0,896.0,1.0,1,2,119,352,191,235,258,158,400,1123,80.0,80.0,70.0,20.0,89.5,99.5,133.8301161921337,21.75,194.5,195.71232076698698,1.5500473907530203
21,5.0,00:16:36.760,24919,A,,殺球,,,B4,308,896,1.0,,,12,8,,A2,350.0,196.0,2.0,2,2,258,158,400,1123,308,77,377,164,50.0,70.0,80.0,0.0,28.749999999999996,53.24999999999999,60.51549388379805,27.0,130.0,132.7742444904131,1.7223824509061694
21,6.0,00:16:37.240,24931,B,,擋小球,,1.0,A2,350,196,2.0,,,12,8,,A1,227.0,466.0,2.0,2,2,308,77,377,164,506,138,427,138,10.0,80.0,50.0,30.0,24.75,82.0,85.65373605395155,6.25,126.75,126.903999148963,0.2924657973226105
21,,00:16:37.760,24944,B,,未過網,,,A1,227,466,2.0,未回擊成功,殺球得分,13,8,A,,,,,2,,506,138,427,138,,,,,60.0,30.0,90.0,90.0,38.5,16.75,41.98586071524556,37.75,187.25,191.01734214463355,0.0
22,1.0,00:16:54.920,25373,A,1.0,發長球,,,B2,223,702,2.0,,,13,8,,A4,262.0,15.0,1.0,,,,,,,,,,,90.0,80.0,40.0,30.0,15.25,55.50000000000001,57.557036928598045,31.5,269.25,271.0863561671815,0.0
22,2.0,00:16:57.200,25430,B,,切球,,,A4,262,15,1.0,,,13,8,,A1,88.0,599.0,2.0,,4,,,,,333,-36,230,936,50.0,0.0,70.0,50.0,33.75,40.0,52.33605353864581,54.25,313.75,318.40559825480454,0.0
22,3.0,00:16:58.000,25450,A,,挑球,,1.0,A1,88,599,2.0,,,13,8,,A4,271.0,44.0,1.0,4,4,333,-36,230,936,317,-28,368,28,0.0,90.0,50.0,90.0,30.0,62.25000000000001,69.10182703807476,41.25,225.25,228.9959060769428,1.0812276762929534
22,4.0,00:16:58.840,25471,B,,長球,1.0,,A4,271,44,1.0,,,13,8,,A5,83.0,-58.0,2.0,4,2,317,-28,368,28,240,118,102,1219,10.0,70.0,90.0,80.0,12.75,28.249999999999996,30.9939510227399,7.75,167.0,167.17973112790915,53.097692981898945
22,5.0,00:17:00.840,25521,A,,未擊球,,,A5,83,-58,2.0,出界,對方失誤,14,8,A,,,,,2,,240,118,102,1219,,,,,10.0,70.0,70.0,60.0,17.25,59.25,61.71000729217263,4.25,143.5,143.56292174513584,0.0
23,1.0,00:17:13.920,25848,A,1.0,發小球,,,B2,252,665,2.0,,,14,8,,B1,151.0,339.0,2.0,,1,,,,,160,340,180,197,50.0,0.0,60.0,70.0,23.75,35.0,42.29731078922158,36.5,219.24999999999997,222.26743463674566,0.0
23,2.0,00:17:14.760,25869,B,,放小球,,1.0,B1,151,339,2.0,,,14,8,,B1,283.0,488.0,2.0,1,2,160,340,180,197,248,171,342,835,80.0,10.0,80.0,20.0,10.5,4.75,11.52443057161611,5.5,257.0,257.0588454031489,4.3163824002042945
23,3.0,00:17:15.640,25891,A,,放小球,,,B1,283,488,2.0,,,14,8,,A1,326.0,464.0,2.0,2,2,248,171,342,835,341,285,346,826,60.0,30.0,10.0,70.0,4.0,3.25,5.153882032022076,44.75,196.75,201.77493650104313,0.320103417577562
23,4.0,00:17:16.200,25905,A,,掛網球,,,A1,326,464,2.0,未回擊成功,對方失誤,14,9,B,,,,,2,,341,285,346,826,,,,,0.0,60.0,10.0,20.0,5.0,36.0,36.345563690772494,27.750000000000004,274.5,275.89909840374617,0.0
24,1.0,00:17:30.960,26274,B,1.0,發長球,,,B2,194,245,2.0,,,14,9,,A4,83.0,915.0,1.0,,2,,,,,246,84,97,1155,60.0,80.0,10.0,70.0,28.499999999999996,10.5,30.372685096974884,14.749999999999998,311.75,312.09874238772574,0.0
24,2.0,00:17:33.000,26325,A,,切球,1.0,,A4,83,915,1.0,,,14,9,,B2,90.0,196.0,2.0,2,2,246,84,97,1155,169,151,287,151,20.0,30.0,20.0,10.0,10.5,78.25,78.95132994446642,3.0,194.75,194.77310517625375,1.6853378060223307
24,3.0,00:17:33.560,26339,B,,放小球,,,B2,90,196,2.0,,,14,9,,A1,186.0,544.0,2.0,2,2,169,151,287,151,265,104,299,916,0.0,20.0,40.0,80.0,17.5,52.0,54.86574523325095,1.5,206.99999999999997,207.00543471126548,72.28969497791508
24,4.0,00:17:34.560,26364,A,,放小球,,1.0,A1,186,544,2.0,,,14,9,,A1,293.0,397.0,2.0,2,1,265,104,299,916,329,392,343,285,0.0,80.0,60.0,50.0,20.0,12.0,23.323807579381203,21.5,236.24999999999997,237.22628964766952,4.908322794301657
24,5.0,00:17:35.480,26387,B,,挑球,,1.0,A1,293,397,2.0,,,14,9,,A3,189.0,857.0,1.0,1,,329,392,343,285,,,,,10.0,0.0,30.0,40.0,22.75,5.0,23.292971042784558,29.249999999999996,191.0,193.2267126978048,0.0
24,6.0,00:17:37.760,26444,A,,殺球,,,A3,189,857,1.0,,,14,9,,B3,104.0,177.0,2.0,,2,,,,,244,118,341,77,40.0,60.0,0.0,0.0,18.5,13.5,22.901964981197573,47.5,192.5,198.2738005889835,0.0
24,7.0,00:17:38.240,26456,B,,擋小球,,,B3,104,177,2.0,,,14,9,,A1,52.0,502.0,2.0,2,2,244,118,341,77,241,131,196,835,50.0,70.0,0.0,90.0,1.25,11.749999999999998,11.816302298096474,27.5,199.75,201.6341054980531,15.168243141511148
24,8.0,00:17:39.280,26482,A,,挑球,,1.0,A1,52,502,2.0,,,14,9,,B4,60.0,52.0,2.0,2,3,241,131,196,835,127,21,210,77,20.0,10.0,0.0,80.0,8.0,35.25,36.14640369386697,7.5,17.0,18.580904176062045,3.1222411858592434
24,9.0,00:17:40.480,26512,B,,過渡切球,,,B4,60,52,2.0,,,14,9,,B1,335.0,580.0,2.0,3,2,127,21,210,77,247,125,338,932,,,,,,,,,,,8.344917873831214
24,10.0,00:17:41.560,26539,A,,挑球,,,B1,335,580,2.0,,,14,9,,A5,367.0,-48.0,2.0,2,4,247,125,338,932,563,-14,557,-73,,,,,,,,,,,3.9609796142030613
24,11.0,00:17:43.320,26583,B,,未擊球,,,A5,367,-48,2.0,出界,對方失誤,14,10,B,,,,,4,,563,-14,557,-73,,,,,,,,,,,,,,,0.0
25,1.0,00:18:06.240,27156,B,1.0,發長球,,,B2,181,239,2.0,,,14,10,,B4,317.0,922.0,1.0,,2,,,,,278,84,447,1315,,,,,,,,,,,0.0
25,2.0,00:18:08.200,27205,A,,切球,,,B4,317,922,1.0,,,14,10,,B2,95.0,322.0,2.0,2,2,278,84,447,1315,158,248,254,178,,,,,,,,,,,6.504897300410583
25,3.0,00:18:09.040,27226,B,,放小球,,,B2,95,322,2.0,,,14,10,,A1,75.0,552.0,2.0,2,2,158,248,254,178,225,203,211,887,,,,,,,,,,,22.147786445702526
25,4.0,00:18:10.000,27250,A,,挑球,,1.0,A1,75,552,2.0,,,14,10,,B4,84.0,34.0,2.0,2,4,225,203,211,887,170,-88,222,-28,,,,,,,,,,,2.5021974342565376
25,5.0,00:18:11.240,27281,B,,過渡切球,,,B4,84,34,2.0,,,14,10,,B1,351.0,591.0,2.0,4,3,170,-88,222,-28,292,49,375,928,,,,,,,,,,,81.95864810988527
25,6.0,00:18:12.240,27306,A,,放小球,,,B1,351,591,2.0,,,14,10,,A1,379.0,400.0,2.0,3,1,292,49,375,928,499,421,432,254,,,,,,,,,,,33.72002372478406
25,7.0,00:18:13.240,27331,B,,挑球,,1.0,A1,379,400,2.0,,,14,10,,A3,119.0,881.0,1.0,1,2,499,421,432,254,299,104,159,1035,,,,,,,,,,,0.9585864402069355
25,8.0,00:18:14.720,27368,A,,長球,1.0,,A3,119,881,1.0,,,14,10,,A4,263.0,43.0,1.0,2,4,299,104,159,1035,380,-7,380,-7,,,,,,,,,,,1.4264658659955105
25,9.0,00:18:16.040,27401,B,,長球,1.0,,A4,263,43,1.0,,,14,10,,A3,128.0,841.0,1.0,4,4,380,-7,380,-7,351,-43,244,1004,,,,,,,,,,,32.695123659517044
25,10.0,00:18:17.000,27425,A,,切球,1.0,,A3,128,841,1.0,,,14,10,,C3,409.0,174.0,2.0,4,2,351,-43,244,1004,436,164,378,84,,,,,,,,,,,0.8121383492651405
25,11.0,00:18:17.880,27447,B,,未擊球,,,C3,409,174,2.0,出界,對方失誤,14,11,B,,,,,2,,436,164,378,84,,,,,,,,,,,,,,,0.0
26,1.0,00:18:33.240,27831,B,1.0,發長球,,,B2,201,225,2.0,,,14,11,,A4,134.0,914.0,1.0,,3,,,,,252,63,164,1141,,,,,,,,,,,0.0
26,2.0,00:18:34.280,27857,A,,長球,1.0,,A4,134,914,1.0,,,14,11,,A3,284.0,74.0,1.0,3,3,252,63,164,1141,372,70,444,-88,,,,,,,,,,,123.24301197228183
26,3.0,00:18:35.280,27882,B,,殺球,1.0,,A3,284,74,1.0,,,14,11,,B2,334.0,736.0,2.0,3,3,372,70,444,-88,391,14,297,992,,,,,,,,,,,2.1499353995462798
26,4.0,00:18:35.760,27894,A,,防守回挑,,,B2,334,736,2.0,,,14,11,,B3,111.0,148.0,1.0,3,2,391,14,297,992,223,77,301,77,,,,,,,,,,,3.7723499066928454
26,5.0,00:18:36.520,27913,B,,平球,,,B3,111,148,1.0,,,14,11,,A2,151.0,694.0,1.0,2,2,223,77,301,77,184,77,234,1023,,,,,,,,,,,0.0
26,6.0,00:18:36.960,27924,A,,擋小球,,1.0,A2,151,694,1.0,,,14,11,,A1,302.0,356.0,2.0,2,2,184,77,234,1023,400,297,336,197,,,,,,,,,,,3.2454186759602326
26,7.0,00:18:37.760,27944,B,,挑球,,1.0,A1,302,356,2.0,,,14,11,,A4,92.0,892.0,1.0,2,2,400,297,336,197,284,91,212,1069,,,,,,,,,,,0.900064927452674
26,8.0,00:18:39.000,27975,A,,長球,1.0,,A4,92,892,1.0,,,14,11,,B4,48.0,37.0,1.0,2,4,284,91,212,1069,100,-110,144,-50,,,,,,,,,,,3.1906894874728375
26,9.0,00:18:40.280,28007,B,,長球,,,B4,48,37,1.0,,,14,11,,A4,74.0,886.0,1.0,4,3,100,-110,144,-50,243,70,82,1012,,,,,,,,,,,5.210068107863976
26,10.0,00:18:41.440,28036,A,,長球,1.0,,A4,74,886,1.0,,,14,11,,B4,63.0,22.0,1.0,3,,243,70,82,1012,,,,,,,,,,,,,,,0.0
26,11.0,00:18:42.760,28069,B,,長球,,,B4,63,22,1.0,,,14,11,,B4,300.0,886.0,1.0,,,,,,,,,,,,,,,,,,,,,0.0
26,12.0,00:18:44.040,28101,A,,長球,,,B4,300,886,1.0,,,14,11,,A3,362.0,59.0,1.0,,,,,,,,,,,,,,,,,,,,,0.0
26,13.0,00:18:45.280,28132,B,,殺球,1.0,,A3,362,59,1.0,,,14,11,,A2,80.0,671.0,2.0,,4,,,,,479,-14,288,992,,,,,,,,,,,0.0
26,14.0,00:18:45.880,28147,A,,擋小球,,1.0,A2,80,671,2.0,,,14,11,,B1,80.0,384.0,2.0,4,1,479,-14,288,992,157,363,243,229,,,,,,,,,,,0.552447966856943
26,15.0,00:18:47.000,28175,B,,挑球,,,B1,80,384,2.0,,,14,11,,B4,365.0,892.0,2.0,1,2,157,363,243,229,298,164,405,1148,,,,,,,,,,,1.359068273389425
26,16.0,00:18:48.520,28213,A,,過渡切球,,,B4,365,892,2.0,,,14,11,,A2,370.0,326.0,2.0,2,1,298,164,405,1148,487,369,399,273,,,,,,,,,,,13.89084590656739
26,17.0,00:18:49.560,28239,B,,挑球,,1.0,A2,370,326,2.0,,,14,11,,B3,351.0,877.0,1.0,1,,487,369,399,273,,,,,,,,,,,,,,,0.0
26,18.0,00:18:50.920,28273,A,,長球,,,B3,351,877,1.0,,,14,11,,A3,369.0,56.0,1.0,,,,,,,,,,,,,,,,,,,,,0.0
26,19.0,00:18:51.960,28299,B,,長球,1.0,,A3,369,56,1.0,,,14,11,,A3,104.0,851.0,1.0,,,,,,,,,,,,,,,,,,,,,0.0
26,20.0,00:18:53.080,28327,A,,長球,1.0,,A3,104,851,1.0,,,14,11,,B4,77.0,28.0,1.0,,,,,,,,,,,,,,,,,,,,,0.0
26,21.0,00:18:54.680,28367,B,,切球,,,B4,77,28,1.0,,,14,11,,A2,37.0,653.0,2.0,,,,,,,,,,,,,,,,,,,,,0.0
26,22.0,00:18:55.520,28388,A,,未擊球,,,A2,37,653,2.0,落地,切球精準,14,12,B,,,,,,,,,,,,,,,,,,,,,,,,,0.0
27,1.0,00:19:17.840,28946,B,1.0,發長球,,,B2,183,212,2.0,,,14,12,,B4,362.0,923.0,1.0,,,,,,,,,,,,,,,,,,,,,0.0
27,2.0,00:19:19.840,28996,A,,長球,,,B4,362,923,1.0,,,14,12,,A3,362.0,155.0,1.0,,2,,,,,324,91,369,138,,,,,,,,,,,0.0
27,3.0,00:19:20.480,29012,B,,擋小球,,1.0,A3,362,155,1.0,,,14,12,,B1,309.0,493.0,2.0,2,2,324,91,369,138,292,131,319,1057,,,,,,,,,,,7.992584372947068
27,4.0,00:19:21.360,29034,A,,放小球,,,B1,309,493,2.0,,,14,12,,A1,255.0,445.0,2.0,2,4,292,131,319,1057,278,-88,315,-103,,,,,,,,,,,8.555028486024709
27,5.0,00:19:22.240,29056,B,,挑球,,1.0,A1,255,445,2.0,,,14,12,,B4,263.0,923.0,1.0,4,,278,-88,315,-103,,,,,,,,,,,,,,,0.0
27,6.0,00:19:24.400,29110,A,,殺球,,,B4,263,923,1.0,,,14,12,,A2,316.0,196.0,2.0,,1,,,,,462,328,379,191,,,,,,,,,,,0.0
27,7.0,00:19:24.960,29124,B,,防守回挑,,1.0,A2,316,196,2.0,,,14,12,,A3,136.0,830.0,1.0,1,1,462,328,379,191,419,316,412,903,,,,,,,,,,,6.364285681158959
27,8.0,00:19:25.840,29146,A,,長球,,1.0,A3,136,830,1.0,,,14,12,,B3,177.0,68.0,1.0,1,2,419,316,412,903,354,260,398,310,,,,,,,,,,,53.941635125383435
27,9.0,00:19:26.840,29171,B,,殺球,,,B3,177,68,1.0,,,14,12,,B3,294.0,775.0,2.0,2,3,354,260,398,310,202,0,240,1008,,,,,,,,,,,0.7964383526593737
27,10.0,00:19:27.280,29182,A,,擋小球,,,B3,294,775,2.0,,,14,12,,A1,327.0,331.0,2.0,3,2,202,0,240,1008,222,158,317,104,,,,,,,,,,,24.93914816330163
27,11.0,00:19:28.240,29206,B,,放小球,,1.0,A1,327,331,2.0,,,14,12,,B1,344.0,526.0,2.0,2,3,222,158,317,104,101,28,190,1016,,,,,,,,,,,78.20230175640611
27,12.0,00:19:29.240,29231,A,,挑球,,,B1,344,526,2.0,,,14,12,,B4,69.0,40.0,1.0,3,,101,28,190,1016,,,,,,,,,,,,,,,0.0
27,13.0,00:19:31.040,29276,B,,長球,,,B4,69,40,1.0,,,14,12,,A4,90.0,900.0,1.0,,2,,,,,102,178,126,1019,,,,,,,,,,,0.0
27,14.0,00:19:32.520,29313,A,,長球,1.0,,A4,90,900,1.0,,,14,12,,B3,48.0,73.0,2.0,2,2,102,178,126,1019,287,158,316,184,,,,,,,,,,,81.50153372789987
27,15.0,00:19:33.520,29338,B,,長球,,,B3,48,73,2.0,,,14,12,,A3,62.0,866.0,1.0,2,3,287,158,316,184,408,14,375,961,,,,,,,,,,,3.0287099399293353
27,16.0,00:19:34.720,29368,A,,殺球,1.0,,A3,62,866,1.0,,,14,12,,B3,90.0,177.0,2.0,3,3,408,14,375,961,358,35,387,35,,,,,,,,,,,1.7760734092638724
27,17.0,00:19:35.200,29380,B,,擋小球,,,B3,90,177,2.0,,,14,12,,A1,142.0,526.0,2.0,3,3,358,35,387,35,459,7,345,976,,,,,,,,,,,7.037725896823247
27,18.0,00:19:36.320,29408,A,,挑球,,1.0,A1,142,526,2.0,,,14,12,,A3,294.0,88.0,1.0,3,3,459,7,345,976,422,42,441,42,,,,,,,,,,,90.09339598438945
27,19.0,00:19:37.320,29433,B,,長球,1.0,,A3,294,88,1.0,,,14,12,,yy,351.0,883.0,1.0,3,2,422,42,441,42,388,260,413,786,,,,,,,,,,,10.520684388384627
27,20.0,00:19:38.360,29459,A,,長球,,,yy,351,883,1.0,,,14,12,,A3,352.0,69.0,1.0,2,1,388,260,413,786,480,432,515,471,,,,,,,,,,,0.6826153520254739
27,21.0,00:19:39.560,29489,B,,切球,1.0,,A3,352,69,1.0,,,14,12,,B1,340.0,525.0,2.0,1,2,480,432,515,471,588,702,604,745,,,,,,,,,,,0.11421463434675058
27,22.0,00:19:40.720,29518,A,,放小球,,,B1,340,525,2.0,,,14,12,,A1,352.0,429.0,2.0,2,,588,702,604,745,,,,,,,,,,,,,,,0.0
27,23.0,00:19:41.800,29545,B,,放小球,,1.0,A1,352,429,2.0,,,14,12,,A1,371.0,464.0,2.0,,,,,,,,,,,,,,,,,,,,,0.0
27,24.0,00:19:42.200,29555,B,,掛網球,,,A1,371,464,2.0,未回擊成功,小球質量高,15,12,A,,,,,,,,,,,,,,,,,,,,,,,,,0.0
28,1.0,00:20:17.600,30440,A,1.0,發小球,,,B2,227,674,2.0,,,15,12,,B1,204.0,333.0,2.0,,,,,,,,,,,,,,,,,,,,,0.0
28,2.0,00:20:18.640,30466,B,,挑球,,1.0,B1,204,333,2.0,,,15,12,,B4,356.0,896.0,1.0,,2,,,,,304,91,373,1141,,,,,,,,,,,0.0
28,3.0,00:20:19.800,30495,A,,過渡切球,,,B4,356,896,1.0,,,15,12,,A2,338.0,203.0,1.0,2,2,304,91,373,1141,362,151,393,164,,,,,,,,,,,2.13438840076538
28,4.0,00:20:20.360,30509,B,,放小球,,1.0,A2,338,203,1.0,,,15,12,,A1,116.0,581.0,2.0,2,2,362,151,393,164,309,151,257,980,,,,,,,,,,,0.0
28,5.0,00:20:21.280,30532,A,,挑球,,1.0,A1,116,581,2.0,,,15,12,,B3,78.0,59.0,1.0,2,3,309,151,257,980,190,0,283,56,,,,,,,,,,,15.571486762669775
28,6.0,00:20:22.320,30558,B,,殺球,,,B3,78,59,1.0,,,15,12,,A2,113.0,700.0,2.0,3,3,190,0,283,56,210,21,218,1054,,,,,,,,,,,2.4450894666657903
28,7.0,00:20:22.720,30568,A,,防守回挑,,1.0,A2,113,700,2.0,,,15,12,,B4,51.0,38.0,1.0,3,4,210,21,218,1054,112,-65,176,-7,,,,,,,,,,,4.650508957102513
28,8.0,00:20:23.920,30598,B,,長球,,,B4,51,38,1.0,,,15,12,,A4,74.0,890.0,1.0,4,3,112,-65,176,-7,216,42,64,1031,,,,,,,,,,,1.501668340336989
28,9.0,00:20:25.280,30632,A,,殺球,1.0,,A4,74,890,1.0,,,15,12,,B3,55.0,174.0,2.0,3,2,216,42,64,1031,176,171,303,111,,,,,,,,,,,1.5685542470808915
28,10.0,00:20:25.800,30645,B,,擋小球,,,B3,55,174,2.0,,,15,12,,A1,93.0,526.0,2.0,2,2,176,171,303,111,203,138,153,882,,,,,,,,,,,14.96359582453362
28,11.0,00:20:26.840,30671,A,,放小球,,1.0,A1,93,526,2.0,,,15,12,,A1,316.0,413.0,2.0,2,1,203,138,153,882,406,427,309,334,,,,,,,,,,,2.924777083412396
28,12.0,00:20:27.920,30698,B,,挑球,,1.0,A1,316,413,2.0,,,15,12,,A3,84.0,882.0,1.0,1,,406,427,309,334,,,,,,,,,,,,,,,0.0
28,13.0,00:20:29.720,30743,A,,殺球,1.0,,A3,84,882,1.0,,,15,12,,D3,19.0,96.0,2.0,,,,,,,,,,,,,,,,,,,,,0.0
28,14.0,00:20:30.440,30761,B,,未擊球,,,D3,19,96,2.0,出界,對方失誤,15,13,B,,,,,,,,,,,,,,,,,,,,,,,,,0.0
29,1.0,00:20:48.920,31223,B,1.0,發長球,,,B2,196,237,2.0,,,15,13,,A4,119.0,915.0,1.0,,3,,,,,248,70,142,1176,,,,,,,,,,,0.0
29,2.0,00:20:50.960,31274,A,,長球,1.0,,A4,119,915,1.0,,,15,13,,B4,53.0,48.0,2.0,3,4,248,70,142,1176,128,-43,193,70,,,,,,,,,,,1.3451275597264816
29,3.0,00:20:52.200,31305,B,,過渡切球,,,B4,53,48,2.0,,,15,13,,A1,95.0,523.0,2.0,4,3,128,-43,193,70,220,70,213,882,,,,,,,,,,,70.2698370568767
29,4.0,00:20:53.200,31330,A,,放小球,,1.0,A1,95,523,2.0,,,15,13,,B1,78.0,465.0,2.0,3,2,220,70,213,882,231,178,203,852,,,,,,,,,,,0.15001232690966457
29,5.0,00:20:53.720,31343,A,,掛網球,,,B1,78,465,2.0,未回擊成功,對方失誤,15,14,B,,,,,2,,231,178,203,852,,,,,,,,,,,,,,,0.0
30,1.0,00:21:12.680,31817,B,1.0,發長球,,,B2,186,244,2.0,,,15,14,,B4,315.0,925.0,1.0,,2,,,,,273,118,461,1213,,,,,,,,,,,0.0
30,2.0,00:21:14.720,31868,A,,殺球,,,B4,315,925,1.0,,,15,14,,A2,330.0,203.0,2.0,2,2,273,118,461,1213,288,138,387,197,,,,,,,,,,,1.9563646267667698
30,3.0,00:21:15.200,31880,B,,擋小球,,1.0,A2,330,203,2.0,,,15,14,,B1,222.0,523.0,2.0,2,2,288,138,387,197,359,191,394,903,,,,,,,,,,,21.8709599443849
30,4.0,00:21:16.160,31904,A,,放小球,,1.0,B1,222,523,2.0,,,15,14,,B1,210.0,434.0,2.0,2,1,359,191,394,903,290,410,290,328,,,,,,,,,,,0.447145460113373
30,5.0,00:21:16.960,31924,B,,放小球,,1.0,B1,210,434,2.0,,,15,14,,A1,194.0,501.0,2.0,1,1,290,410,290,328,283,310,322,799,,,,,,,,,,,12.394712134167897
30,6.0,00:21:17.920,31948,A,,挑球,,1.0,A1,194,501,2.0,,,15,14,,A4,239.0,22.0,1.0,1,,283,310,322,799,,,,,,,,,,,,,,,0.0
30,7.0,00:21:20.080,32002,B,,長球,,,A4,239,22,1.0,,,15,14,,B4,326.0,886.0,2.0,,3,,,,,315,21,367,1123,,,,,,,,,,,0.0
30,8.0,00:21:21.400,32035,A,,過渡切球,,,B4,326,886,2.0,,,15,14,,A1,340.0,340.0,2.0,3,1,315,21,367,1123,451,316,408,223,,,,,,,,,,,61.2413259164104
30,9.0,00:21:22.400,32060,B,,挑球,,1.0,A1,340,340,2.0,,,15,14,,B4,355.0,892.0,2.0,1,2,451,316,408,223,358,91,382,1076,,,,,,,,,,,7.017377020433887
30,10.0,00:21:23.480,32087,A,,過渡切球,,,B4,355,892,2.0,,,15,14,,B3,75.0,177.0,2.0,2,2,358,91,382,1076,195,118,334,104,,,,,,,,,,,8.654287620299895
30,11.0,00:21:24.360,32109,B,,擋小球,,,B3,75,177,2.0,,,15,14,,B1,280.0,588.0,2.0,2,2,195,118,334,104,263,111,367,826,,,,,,,,,,,7.95395700885826
30,12.0,00:21:25.440,32136,A,,挑球,,,B1,280,588,2.0,,,15,14,,A4,292.0,41.0,2.0,2,3,263,111,367,826,410,42,323,97,,,,,,,,,,,66.79887723607337
30,13.0,00:21:26.440,32161,B,,過渡切球,,1.0,A4,292,41,2.0,,,15,14,,B1,259.0,487.0,1.0,3,3,410,42,323,97,328,70,382,856,,,,,,,,,,,3.8492723347309696
30,14.0,00:21:27.240,32181,A,,放小球,,,B1,259,487,1.0,,,15,14,,B1,93.0,332.0,2.0,3,2,328,70,382,856,277,118,253,203,,,,,,,,,,,0.8472324680619079
30,15.0,00:21:27.960,32199,B,,未擊球,,,B1,93,332,2.0,落地,抓到對方過渡球,16,14,A,,,,,2,,277,118,253,203,,,,,,,,,,,,,,,0.0
31,1.0,00:21:52.120,32803,A,1.0,發小球,,,B2,233,686,2.0,,,16,14,,B1,132.0,357.0,2.0,,,,,,,,,,,,,,,,,,,,,0.0
31,2.0,00:21:52.880,32822,B,,放小球,,1.0,B1,132,357,2.0,,,16,14,,B1,86.0,464.0,2.0,,,,,,,,,,,,,,,,,,,,,0.0
31,3.0,00:21:53.560,32839,B,,掛網球,,,B1,86,464,2.0,未回擊成功,對方失誤,17,14,A,,,,,,,,,,,,,,,,,,,,,,,,,0.0
32,1.0,00:22:09.320,33233,A,1.0,發長球,,,B2,229,692,2.0,,,17,14,,A4,350.0,37.0,1.0,,4,,,,,562,-180,553,-118,,,,,,,,,,,0.0
32,2.0,00:22:11.600,33290,B,,切球,1.0,,A4,350,37,1.0,,,17,14,,A1,74.0,602.0,2.0,4,4,562,-180,553,-118,390,-36,285,992,,,,,,,,,,,3.595401727240909
32,3.0,00:22:12.320,33308,A,,挑球,,1.0,A1,74,602,2.0,,,17,14,,B4,78.0,45.0,1.0,4,4,390,-36,285,992,252,-95,291,-157,,,,,,,,,,,36.59878565077141
32,4.0,00:22:13.280,33332,B,,殺球,,,B4,78,45,1.0,,,17,14,,B2,295.0,725.0,2.0,4,4,252,-95,291,-157,115,-58,313,988,,,,,,,,,,,2.53170903143207
32,5.0,00:22:13.720,33343,A,,擋小球,,,B2,295,725,2.0,,,17,14,,A1,360.0,354.0,2.0,4,1,115,-58,313,988,473,340,400,210,,,,,,,,,,,5.185937776071358
32,6.0,00:22:14.800,33370,B,,挑球,,1.0,A1,360,354,2.0,,,17,14,,B3,359.0,881.0,1.0,1,,473,340,400,210,,,,,,,,,,,,,,,0.0
32,7.0,00:22:16.400,33410,A,,殺球,,,B3,359,881,1.0,,,17,14,,A3,357.0,170.0,2.0,,3,,,,,338,56,377,158,,,,,,,,,,,0.0
32,8.0,00:22:16.960,33424,B,,擋小球,,1.0,A3,357,170,2.0,,,17,14,,B1,360.0,486.0,1.0,3,4,338,56,377,158,453,-157,485,678,,,,,,,,,,,4.386854202719571
32,9.0,00:22:17.880,33447,A,,撲球,,,B1,360,486,1.0,,,17,14,,A3,232.0,183.0,2.0,4,2,453,-157,485,678,354,171,460,171,,,,,,,,,,,0.2451810837318015
32,10.0,00:22:18.080,33452,B,,未擊球,,,A3,232,183,2.0,落地,對方回球質量不佳,18,14,A,,,,,2,2,354,171,460,171,200,104,309,920,,,,,,,,,,,2.6231023008021195
33,1.0,00:22:40.120,34003,A,1.0,發長球,,,B2,244,685,2.0,,,18,14,,B4,76.0,25.0,1.0,2,4,200,104,309,920,139,-118,183,-157,,,,,,,,,,,2.858224001796298
33,2.0,00:22:42.400,34060,B,,長球,,,B4,76,25,1.0,,,18,14,,B3,348.0,877.0,1.0,4,3,139,-118,183,-157,274,42,400,1098,,,,,,,,,,,5.228885843612661
33,3.0,00:22:43.600,34090,A,,切球,,,B3,348,877,1.0,,,18,14,,B1,93.0,370.0,2.0,3,2,274,42,400,1098,154,291,235,197,,,,,,,,,,,65.3551069159863
33,4.0,00:22:44.600,34115,B,,放小球,,,B1,93,370,2.0,,,18,14,,A1,81.0,519.0,2.0,2,2,154,291,235,197,205,178,204,865,,,,,,,,,,,18.512008114854652
33,5.0,00:22:45.560,34139,A,,放小球,,1.0,A1,81,519,2.0,,,18,14,,B1,71.0,388.0,2.0,2,1,205,178,204,865,136,415,221,291,,,,,,,,,,,34.09882695929583
33,6.0,00:22:46.560,34164,B,,挑球,,,B1,71,388,2.0,,,18,14,,A5,76.0,-58.0,2.0,1,,136,415,221,291,,,,,,,,,,,,,,,0.0
33,7.0,00:22:48.440,34211,A,,未擊球,,,A5,76,-58,2.0,出界,對方失誤,19,14,A,,,,,,,,,,,,,,,,,,,,,,,,,0.0
34,1.0,00:23:05.440,34636,A,1.0,發長球,,,B2,235,720,2.0,,,19,14,,A4,352.0,4.0,1.0,,,,,,,,,,,,,,,,,,,,,0.0
34,2.0,00:23:07.720,34693,B,,長球,1.0,,A4,352,4,1.0,,,19,14,,A5,110.0,-58.0,2.0,,2,,,,,281,118,203,1169,,,,,,,,,,,0.0
34,3.0,00:23:09.280,34732,A,,未擊球,,,A5,110,-58,2.0,出界,對方失誤,20,14,A,,,,,2,,281,118,203,1169,,,,,,,,,,,,,,,0.0
35,1.0,00:23:23.040,35076,A,1.0,發小球,,,B2,259,646,2.0,,,20,14,,B2,95.0,324.0,2.0,,2,,,,,180,304,197,242,,,,,,,,,,,0.0
35,2.0,00:23:23.960,35099,B,,挑球,,,B2,95,324,2.0,,,20,14,,B4,290.0,905.0,1.0,2,2,180,304,197,242,275,164,343,1119,,,,,,,,,,,0.9471313830051464
35,3.0,00:23:25.160,35129,A,,切球,,,B4,290,905,1.0,,,20,14,,B3,207.0,179.0,2.0,2,2,275,164,343,1119,233,145,321,91,,,,,,,,,,,1.681996994316247
35,4.0,00:23:25.760,35144,B,,擋小球,,1.0,B3,207,179,2.0,,,20,14,,yy,63.0,608.0,2.0,2,2,233,145,321,91,249,158,142,878,,,,,,,,,,,5.273181624450692
35,5.0,00:23:26.600,35165,A,,挑球,,1.0,yy,63,608,2.0,,,20,14,,B3,95.0,59.0,1.0,2,3,249,158,142,878,229,14,253,-220,,,,,,,,,,,7.371771683352604
35,6.0,00:23:27.720,35193,B,,殺球,,,B3,95,59,1.0,,,20,14,,A2,128.0,713.0,2.0,3,4,229,14,253,-220,115,-28,194,1027,,,,,,,,,,,2.0444992096105707
35,7.0,00:23:28.120,35203,A,,擋小球,,1.0,A2,128,713,2.0,,,20,14,,B1,76.0,345.0,2.0,4,2,115,-28,194,1027,157,285,206,248,,,,,,,,,,,46.6964666757561
35,8.0,00:23:29.120,35228,B,,挑球,,,B1,76,345,2.0,,,20,14,,A3,121.0,881.0,1.0,2,2,157,285,206,248,227,77,200,1076,,,,,,,,,,,2.1492912860067706
35,9.0,00:23:30.400,35260,A,,殺球,1.0,,A3,121,881,1.0,,,20,14,,B3,52.0,187.0,2.0,2,2,227,77,200,1076,147,125,286,131,,,,,,,,,,,2.3000514529876352
35,10.0,00:23:31.000,35275,B,,擋小球,,,B3,52,187,2.0,,,20,14,,A1,100.0,511.0,2.0,2,2,147,125,286,131,238,145,169,895,,,,,,,,,,,8.271712916192222
35,11.0,00:23:32.080,35302,A,,挑球,,1.0,A1,100,511,2.0,,,20,14,,A3,247.0,109.0,1.0,2,2,238,145,169,895,312,91,359,125,,,,,,,,,,,1.2088929738493075
35,12.0,00:23:32.680,35317,B,,殺球,1.0,,A3,247,109,1.0,,,20,14,,A2,163.0,680.0,2.0,2,2,312,91,359,125,317,138,249,924,,,,,,,,,,,1.4888138584502153
35,13.0,00:23:33.160,35329,A,,擋小球,,,A2,163,680,2.0,,,20,14,,B1,264.0,518.0,2.0,2,2,317,138,249,924,349,279,279,992,,,,,,,,,,,0.09608867384347246
35,14.0,00:23:33.920,35348,A,,未過網,,,B1,264,518,2.0,未回擊成功,殺球得分,20,15,B,,,,,2,,349,279,279,992,,,,,,,,,,,,,,,0.0
36,1.0,00:23:48.960,35724,B,1.0,發長球,,,B2,179,246,2.0,,,20,15,,A4,116.0,929.0,1.0,,,,,,,,,,,,,,,,,,,,,0.0
36,2.0,00:23:51.000,35775,A,,長球,1.0,,A4,116,929,1.0,,,20,15,,A4,273.0,25.0,1.0,,,,,,,,,,,,,,,,,,,,,0.0
36,3.0,00:23:52.640,35816,B,,長球,1.0,,A4,273,25,1.0,,,20,15,,B3,309.0,879.0,1.0,,,,,,,,,,,,,,,,,,,,,0.0
36,4.0,00:23:53.720,35843,A,,過渡切球,,,B3,309,879,1.0,,,20,15,,yy,213.0,225.0,2.0,,,,,,,,,,,,,,,,,,,,,0.0
36,5.0,00:23:54.560,35864,B,,挑球,,1.0,yy,213,225,2.0,,,20,15,,B2,329.0,712.0,2.0,,,,,,,,,,,,,,,,,,,,,0.0
36,6.0,00:23:55.160,35879,A,,過渡切球,,,B2,329,712,2.0,,,20,15,,A1,298.0,344.0,2.0,,,,,,,,,,,,,,,,,,,,,0.0
36,7.0,00:23:56.000,35900,B,,挑球,,1.0,A1,298,344,2.0,,,20,15,,A5,91.0,-58.0,2.0,,,,,,,,,,,,,,,,,,,,,0.0
36,8.0,00:23:57.640,35941,A,,未擊球,,,A5,91,-58,2.0,出界,對方失誤,21,15,A,,,,,,,,,,,,,,,,,,,,,,,,,
