rally,ball_round,time,frame_num,player,server,type,aroundhead,backhand,hit_area,hit_x,hit_y,hit_height,lose_reason,win_reason,roundscore_A,roundscore_B,getpoint_player,landing_area,landing_x,landing_y,landing_height,flying_time,now_right_x,now_right_y,now_left_x,now_left_y,next_right_x,next_right_y,next_left_x,next_left_y,right_delta_x,right_delta_y,left_delta_x,left_delta_y,right_x_speed,right_y_speed,right_speed,left_x_speed,left_y_speed,left_speed,avg_ball_speed,left_right_distance,hitting_area_number,landing_area_number
1.0,1.0,00:51:24.800,77120.0,B,1.0,發長球,,,B2,171.0,230.0,2.0,,,0,0,,B4,265.0,927.0,1.0,,,,,,328,178,191,996,30.0,0.0,80.0,20.0,21.75,10.0,23.938723859053137,29.499999999999996,214.5,216.5190522794703,,829.3931516476368,,1
1.0,2.0,00:51:26.800,77170.0,A,,長球,,,B4,265.0,927.0,1.0,,,0,0,,A4,335.0,53.0,1.0,2160.0,328,178,191,996,241,138,309,138,50.0,90.0,0.0,50.0,33.75,60.25,69.0588517135928,27.5,221.25,222.95248933349006,0.20799419412764705,68.0,1,2
1.0,3.0,00:51:27.800,77195.0,B,,殺球,1.0,,A4,335.0,53.0,1.0,,,0,0,,B3,382.0,757.0,2.0,1080.0,241,138,309,138,106,-103,199,1023,50.0,70.0,70.0,40.0,46.25,51.74999999999999,69.40551130854091,14.249999999999998,254.0,254.39941529020857,0.31899491989109124,1129.8340586121485,2,1
1.0,4.0,00:51:28.320,77208.0,A,,擋小球,,,B3,382.0,757.0,2.0,,,0,0,,A2,337.0,327.0,1.0,1040.0,106,-103,199,1023,291,104,256,7,50.0,10.0,0.0,40.0,28.749999999999996,5.25,29.225417020121373,42.5,46.0,62.62786919575023,0.40597111501658667,103.12128781197411,1,3
1.0,5.0,00:51:29.080,77227.0,B,,撲球,1.0,,A2,337.0,327.0,1.0,,,0,0,,A3,81.0,847.0,2.0,13160.0,291,104,256,7,406,125,426,191,60.0,70.0,90.0,0.0,6.5,88.25,88.48905299527168,37.75,192.5,196.16654276405038,0.013338517995092674,68.96375859826666,3,2
1.0,6.0,00:51:29.720,77243.0,A,,未擊球,,,A3,81.0,847.0,2.0,落地,撲球得分,0,1,B,,,,,2000.0,406,125,426,191,432,-228,275,961,0.0,40.0,60.0,50.0,10.0,53.5,54.42655601817922,31.5,243.75,245.77695681247252,0.108833014292539,1199.3206410297457,2,1
2.0,1.0,00:51:44.680,77617.0,B,1.0,發長球,,,B2,206.0,258.0,2.0,,,0,1,,A4,73.0,926.0,1.0,880.0,432,-228,275,961,392,-14,401,-14,60.0,30.0,70.0,80.0,14.000000000000002,95.75,96.76808616480952,3.25,234.50000000000003,234.52252024059436,0.4351386243685515,9.0,1,4
2.0,2.0,00:51:46.720,77668.0,A,,切球,1.0,,A4,73.0,926.0,1.0,,,0,1,,A2,345.0,310.0,2.0,1000.0,392,-14,401,-14,448,369,388,924,30.0,70.0,10.0,20.0,11.749999999999998,13.25,17.70946074842484,10.25,152.0,152.34520832635334,0.6608498316561789,558.2338219778519,4,2
2.0,3.0,00:51:47.640,77691.0,B,,挑球,,1.0,A2,345.0,310.0,2.0,,,0,1,,B3,276.0,847.0,1.0,720.0,448,369,388,924,401,316,429,316,80.0,50.0,40.0,90.0,8.0,51.24999999999999,51.870632346251575,24.0,179.75,181.34514743990258,0.4590466881295584,28.0,2,1
2.0,4.0,00:51:48.760,77719.0,A,,殺球,,,B3,276.0,847.0,1.0,,,0,1,,A3,346.0,153.0,2.0,640.0,401,316,429,316,369,111,333,1035,30.0,0.0,60.0,90.0,46.75,5.0,47.01661940207951,31.0,217.75000000000003,219.94558986258397,0.4138265837355667,924.7010327668073,1,1
2.0,5.0,00:51:49.200,77730.0,B,,擋小球,,1.0,A3,346.0,153.0,2.0,,,0,1,,F2,451.0,679.0,2.0,16480.0,369,111,333,1035,182,91,209,164,20.0,30.0,30.0,70.0,12.0,71.75,72.74656349271764,8.25,199.25,199.42072359712267,0.028632194133267147,77.83315488916018,1,2
2.0,6.0,00:51:50.520,77763.0,B,,未過網,,,F2,451.0,679.0,2.0,未回擊成功,殺球得分,1,1,A,,,,,1840.0,182,91,209,164,134,-196,242,961,80.0,20.0,50.0,90.0,37.0,63.0,73.06161783043132,21.25,222.75,223.7613125631864,0.1386468860192523,1162.0296898100323,2,1
3.0,1.0,00:52:05.360,78134.0,A,1.0,發長球,,,B2,222.0,688.0,2.0,,,1,1,,B2,222.0,688.0,1.0,1120.0,134,-196,242,961,282,56,327,70,90.0,60.0,40.0,40.0,30.25,74.0,79.94412110968511,16.5,233.5,234.08225050182682,0.303640354570122,47.12748667179272,1,3
3.0,2.0,00:52:07.520,78188.0,B,,切球,1.0,,A4,257.0,33.0,1.0,,,1,1,,A1,88.0,602.0,2.0,1040.0,282,56,327,70,161,352,261,1004,90.0,70.0,20.0,0.0,7.249999999999999,30.75,31.593116338848247,4.5,204.99999999999997,205.04938429558862,0.5981412669444346,659.6241353983343,3,2
3.0,3.0,00:52:08.320,78208.0,A,,挑球,,1.0,A1,88.0,602.0,2.0,,,1,1,,D4,31.0,40.0,2.0,560.0,161,352,261,1004,190,229,243,184,50.0,20.0,80.0,70.0,8.75,14.499999999999998,16.93553955443995,38.0,219.24999999999997,222.51867899122536,0.8420215667532222,69.52697318307479,2,2
3.0,4.0,00:52:09.680,78242.0,B,,未擊球,,,D4,31.0,40.0,2.0,落地,對方失誤,2,1,A,,,,,400.0,190,229,243,184,225,171,91,1061,10.0,70.0,50.0,30.0,7.75,8.25,11.319231422671772,56.25,244.24999999999997,250.6434220162181,1.0341436674853257,900.0311105734067,2,1
4.0,1.0,00:52:24.960,78624.0,A,1.0,發長球,,,B2,226.0,693.0,2.0,,,2,1,,B4,80.0,6.0,1.0,760.0,225,171,91,1061,256,138,316,84,60.0,10.0,50.0,50.0,36.5,35.25,50.742610299431774,11.25,203.75,204.06034646643135,0.6854859064764492,80.72174428244226,1,2
4.0,2.0,00:52:27.160,78679.0,B,,長球,,,B4,80.0,6.0,1.0,,,2,1,,B3,335.0,864.0,1.0,880.0,256,138,316,84,402,279,271,899,0.0,60.0,40.0,60.0,2.5,33.5,33.59315406448165,43.5,216.0,220.3366742056347,0.5462047988938863,633.6884092359588,2,1
4.0,3.0,00:52:28.280,78707.0,A,,切球,,,B3,335.0,864.0,1.0,,,2,1,,B2,41.0,194.0,2.0,720.0,402,279,271,899,412,145,445,35,40.0,40.0,60.0,0.0,3.5000000000000004,56.00000000000001,56.10926839658489,3.5000000000000004,175.0,175.03499650069983,0.7047362368860046,114.84337159801605,1,2
4.0,4.0,00:52:28.960,78724.0,B,,未擊球,,,B2,41.0,194.0,2.0,落地,切球質量佳,3,1,A,,,,,720.0,412,145,445,35,426,369,431,735,90.0,10.0,30.0,50.0,22.75,14.749999999999998,27.113188672673672,21.75,106.25,108.45333097696907,0.6416666666666667,366.0341514121326,2,1
5.0,1.0,00:52:50.680,79267.0,A,1.0,發長球,,,B2,227.0,675.0,2.0,,,3,1,,A4,255.0,37.0,1.0,1320.0,426,369,431,735,335,310,344,310,0.0,50.0,0.0,50.0,65.0,41.25,76.9841704508141,60.0,46.25,75.7566003725088,0.19533852558467346,9.0,1,1
5.0,2.0,00:52:52.840,79321.0,B,,切球,,,A4,255.0,37.0,1.0,,,3,1,,B2,288.0,684.0,2.0,1760.0,335,310,344,310,75,145,104,125,50.0,10.0,20.0,40.0,33.75,22.25,40.424311991671544,17.0,216.0,216.6679487141557,0.17338857408712646,35.22782990761707,1,2
5.0,3.0,00:52:53.440,79336.0,A,,挑球,,,B2,288.0,684.0,2.0,,,3,1,,A3,308.0,180.0,1.0,,75,145,104,125,,,,,80.0,90.0,80.0,0.0,4.5,5.25,6.914658342969665,8.0,229.99999999999997,230.13908837917992,,57.584720195551874,2,
5.0,4.0,00:52:54.040,79351.0,B,,擋小球,,1.0,A3,308.0,180.0,1.0,,,3,1,,B1,304.0,565.0,2.0,,,,,,303,138,323,84,30.0,90.0,0.0,80.0,0.75,17.75,17.765838004439868,7.5,237.0,237.11864119043867,,903.1998671390513,,2
5.0,5.0,00:52:54.720,79368.0,A,,放小球,,,B1,304.0,565.0,2.0,,,3,1,,B1,99.0,370.0,2.0,1080.0,303,138,323,84,168,49,255,948,60.0,50.0,30.0,70.0,1.0,3.75,3.8810436740650056,1.7500000000000002,245.75,245.7562308467478,0.37090066203418093,37.0,2,1
5.0,6.0,00:52:55.680,79392.0,B,,挑球,,,B1,99.0,370.0,2.0,,,3,1,,A3,64.0,876.0,1.0,520.0,168,49,255,948,186,28,223,28,10.0,0.0,10.0,60.0,42.75,75.0,86.32822539586923,32.75,14.000000000000002,35.61688504066576,0.9049078257352641,1019.0078508039081,1,3
5.0,7.0,00:52:57.000,79425.0,A,,切球,1.0,,A3,64.0,876.0,1.0,,,3,1,,B2,84.0,326.0,2.0,1040.0,186,28,223,28,189,-43,193,976,90.0,80.0,40.0,20.0,7.249999999999999,7.000000000000001,10.077822185373186,26.0,219.49999999999997,221.0344995696373,0.4218343860573187,51.0098029794274,3,1
5.0,8.0,00:52:57.960,79449.0,B,,擋小球,,,B2,84.0,326.0,2.0,,,3,1,,A1,285.0,465.0,2.0,600.0,189,-43,193,976,185,-58,186,-7,90.0,10.0,80.0,90.0,5.25,35.25,35.638813111550164,17.0,279.75,280.26605663190827,0.8317171828345391,196.9009903479411,1,4
5.0,9.0,00:52:58.600,79465.0,B,,掛網球,,,A1,285.0,465.0,2.0,未回擊成功,對方失誤,4,1,A,,,,,640.0,185,-58,186,-7,356,242,317,49,70.0,90.0,80.0,40.0,18.25,4.75,18.85802216564611,25.5,26.5,36.776351096866584,0.36471909674604375,920.2396427018344,4,2
6.0,1.0,00:53:13.520,79838.0,A,1.0,發長球,,,B2,242.0,686.0,2.0,,,4,1,,B4,146.0,17.0,1.0,,356,242,317,49,,,,,20.0,30.0,20.0,0.0,53.0,38.25,65.3610166689595,10.5,202.5,202.77203949262827,,55.78530272392541,2,
6.0,2.0,00:53:15.760,79894.0,B,,切球,,,B4,146.0,17.0,1.0,,,4,1,,B2,373.0,644.0,2.0,,,,,,,,,,60.0,0.0,60.0,80.0,13.5,72.5,73.74618634207467,6.0,209.50000000000003,209.58590124338042,,1002.2539598325367,,
6.0,3.0,00:53:16.560,79914.0,A,,挑球,,,B2,373.0,644.0,2.0,,,4,1,,A3,364.0,109.0,1.0,,,,,,291,28,270,948,80.0,40.0,70.0,80.0,29.499999999999996,46.0,54.646591842492796,19.25,223.0,223.8293155509349,,874.4626921715986,,1
6.0,4.0,00:53:17.480,79937.0,B,,長球,1.0,,A3,364.0,109.0,1.0,,,4,1,,A3,81.0,863.0,1.0,1160.0,291,28,270,948,320,56,374,70,40.0,50.0,70.0,60.0,21.5,31.25,37.931682008579585,30.75,208.99999999999997,211.24999999999997,0.370837230047174,111.13955191559843,1,3
6.0,5.0,00:53:18.720,79968.0,A,,長球,1.0,,A3,81.0,863.0,1.0,,,4,1,,B4,146.0,14.0,1.0,600.0,320,56,374,70,299,197,442,1189,30.0,10.0,10.0,10.0,18.25,22.75,29.165476166179765,22.75,207.24999999999997,208.49490401446266,1.050730235492335,69.42621983083913,3,2
6.0,6.0,00:53:20.280,80007.0,B,,長球,,,B4,146.0,14.0,1.0,,,4,1,,B3,336.0,881.0,2.0,720.0,299,197,442,1189,226,216,340,1083,20.0,30.0,30.0,10.0,23.0,19.25,29.99270744697784,6.75,220.25,220.3534093223883,0.1357172589714221,1078.6806756403862,2,2
6.0,7.0,00:53:21.520,80038.0,A,,過渡切球,,,B3,336.0,881.0,2.0,,,4,1,,B1,85.0,352.0,2.0,29520.0,226,216,340,1083,438,369,382,273,90.0,80.0,80.0,60.0,2.75,24.5,24.653853654145024,34.5,213.49999999999997,216.26950779062682,0.011930721660808453,35.0,2,1
6.0,8.0,00:53:22.600,80065.0,B,,挑球,,,B1,85.0,352.0,2.0,,,4,1,,B4,302.0,910.0,1.0,,438,369,382,273,,,,,30.0,10.0,90.0,80.0,49.25,57.75,75.89878128138818,75.25,219.49999999999997,232.04054063891508,,961.0020811631991,1,
6.0,9.0,00:53:23.840,80096.0,A,,長球,,,B4,302.0,910.0,1.0,,,4,1,,A4,356.0,39.0,1.0,,,,,,230,210,276,158,60.0,40.0,90.0,10.0,1.0,1.5,1.8027756377319946,22.25,187.25,188.56729567981824,,44.01136216933077,,2
6.0,10.0,00:53:25.080,80127.0,B,,切球,1.0,,A4,356.0,39.0,1.0,,,4,1,,A2,104.0,617.0,2.0,920.0,230,210,276,158,176,-80,252,996,30.0,50.0,30.0,0.0,21.75,43.75,48.85821322971195,38.25,220.0,223.30038625134526,0.3008278590093405,1004.2957731664512,2,1
6.0,11.0,00:53:25.880,80147.0,A,,挑球,,1.0,A2,104.0,617.0,2.0,,,4,1,,B4,105.0,49.0,2.0,1200.0,176,-80,252,996,294,104,329,104,70.0,70.0,40.0,0.0,44.25,36.75,57.52064846644203,11.5,252.5,252.76174552332876,0.30598457885978503,65.76473218982953,1,2
6.0,12.0,00:53:27.160,80179.0,B,,過渡切球,,,B4,105.0,49.0,2.0,,,4,1,,A1,125.0,536.0,2.0,1160.0,294,104,329,104,208,-21,206,940,70.0,0.0,20.0,70.0,34.25,42.5,54.583078879814025,2.0,189.25,189.26056773665243,0.3194317422095595,696.419413859206,2,1
6.0,13.0,00:53:27.960,80199.0,A,,放小球,,1.0,A1,125.0,536.0,2.0,,,4,1,,A1,337.0,374.0,2.0,920.0,208,-21,206,940,281,70,297,111,50.0,90.0,40.0,80.0,28.749999999999996,12.25,31.25099998400051,6.0,208.0,208.08652046684813,0.41087100298805257,60.21627686929839,1,2
6.0,14.0,00:53:28.840,80221.0,B,,挑球,,1.0,A1,337.0,374.0,2.0,,,4,1,,A4,117.0,884.0,1.0,1240.0,281,70,297,111,373,-7,270,992,20.0,10.0,80.0,10.0,12.0,67.75,68.80452383382942,15.5,215.24999999999997,215.80735043088777,0.3252512936273175,102.23991392797629,2,1
6.0,15.0,00:53:30.240,80256.0,A,,長球,1.0,,A4,117.0,884.0,1.0,,,4,1,,B3,67.0,66.0,2.0,1040.0,373,-7,270,992,362,91,408,138,10.0,40.0,70.0,20.0,0.25,21.5,21.50145343924452,6.75,17.0,18.291049723840345,0.36855438096808624,1180.2279440853788,1,2
6.0,16.0,00:53:31.080,80277.0,B,,過渡切球,,,B3,67.0,66.0,2.0,,,4,1,,A1,99.0,565.0,2.0,1400.0,362,91,408,138,165,322,107,1016,10.0,60.0,0.0,80.0,27.25,41.0,49.229691244207494,22.5,173.0,174.45701476294957,0.43417247701336203,10.0,2,2
6.0,17.0,00:53:32.160,80304.0,A,,放小球,,1.0,A1,99.0,565.0,2.0,,,4,1,,B1,78.0,359.0,2.0,760.0,165,322,107,1016,161,316,196,267,90.0,30.0,60.0,70.0,0.25,39.25,39.250796170268956,9.0,199.25,199.45315866137594,0.499848488124484,46.389654018972806,2,2
6.0,18.0,00:53:33.240,80331.0,B,,挑球,,,B1,78.0,359.0,2.0,,,4,1,,B3,281.0,877.0,1.0,,161,316,196,267,,,,,60.0,20.0,0.0,10.0,26.5,30.5,40.40420770167385,15.0,247.25,247.70458715978594,,891.8979762282231,2,
6.0,19.0,00:53:34.720,80368.0,A,,切球,,,B3,281.0,877.0,1.0,,,4,1,,B1,88.0,361.0,2.0,,,,,,,,,,60.0,70.0,90.0,40.0,18.5,15.75,24.296347462118664,10.25,241.0,241.2178735085773,,0.0,,
6.0,20.0,00:53:35.760,80394.0,B,,挑球,,,B1,88.0,361.0,2.0,,,4,1,,B4,286.0,892.0,1.0,,,,,,,,,,0.0,0.0,10.0,30.0,25.0,17.5,30.516389039334257,20.25,221.74999999999997,222.67268579688889,,590.1660783203318,,
6.0,21.0,00:53:36.960,80424.0,A,,切球,,,B4,286.0,892.0,1.0,,,4,1,,A3,313.0,184.0,2.0,,,,,,178,49,171,151,50.0,50.0,20.0,50.0,26.25,33.75,42.75657844121767,13.0,261.25,261.5732450003249,,608.118409522356,,2
6.0,22.0,00:53:37.560,80439.0,B,,擋小球,,1.0,A3,313.0,184.0,2.0,,,4,1,,A1,97.0,605.0,2.0,1000.0,178,49,171,151,91,-126,324,1031,60.0,0.0,20.0,70.0,13.5,25.0,28.412145290350743,7.000000000000001,250.74999999999997,250.84768785061584,0.3540413111488545,85.7962703152066,2,1
6.0,23.0,00:53:38.600,80465.0,A,,挑球,,1.0,A1,97.0,605.0,2.0,,,4,1,,B4,89.0,43.0,1.0,1160.0,91,-126,324,1031,268,21,278,21,50.0,90.0,80.0,70.0,21.25,35.25,41.15974975628496,15.5,214.25,214.80994506772726,0.37624397317218883,1036.2335644052455,1,3
6.0,24.0,00:53:39.640,80491.0,B,,長球,,,B4,89.0,43.0,1.0,,,4,1,,A3,104.0,875.0,1.0,,268,21,278,21,,,,,40.0,0.0,30.0,90.0,1.0,15.0,15.033296378372906,53.24999999999999,262.75,268.09163545325316,,80.0812087820857,3,
6.0,25.0,00:53:40.920,80523.0,A,,長球,1.0,,A3,104.0,875.0,1.0,,,4,1,,B3,57.0,97.0,1.0,,,,,,,,,,20.0,50.0,0.0,30.0,24.5,98.75,101.74385730843902,37.5,275.75,278.2881824655873,,951.590773389486,,
6.0,26.0,00:53:41.760,80544.0,B,,切球,,,B3,57.0,97.0,1.0,,,4,1,,B1,141.0,378.0,2.0,,,,,,,,,,80.0,50.0,50.0,40.0,23.0,18.75,29.674273369368294,16.25,174.0,174.75715292942948,,36.6742416417845,,
6.0,27.0,00:53:42.240,80556.0,B,,未過網,,,B1,141.0,378.0,2.0,未回擊成功,對方失誤,5,1,A,,,,,,,,,,314,184,320,138,90.0,70.0,20.0,20.0,7.75,70.75,71.1732042274338,9.5,168.0,168.26838681107037,,903.1600079720093,,2
7.0,1.0,00:54:06.360,81159.0,A,1.0,發長球,,,B2,223.0,677.0,2.0,,,5,1,,A4,329.0,18.0,1.0,1200.0,314,184,320,138,451,14,312,895,80.0,0.0,40.0,80.0,4.5,37.5,37.769034936042516,11.0,218.0,218.27734651126764,0.2504197864475658,9.0,2,1
7.0,2.0,00:54:08.520,81213.0,B,,切球,,,A4,329.0,18.0,1.0,,,5,1,,A2,110.0,614.0,2.0,880.0,451,14,312,895,336,63,336,63,40.0,70.0,10.0,30.0,9.0,56.75,57.459224672806016,24.75,230.75,232.0735336051916,0.44788082853617206,1007.4959056988768,1,3
7.0,3.0,00:54:09.200,81230.0,A,,放小球,,1.0,A2,110.0,614.0,2.0,,,5,1,,B1,85.0,340.0,2.0,1000.0,336,63,336,63,288,334,274,924,60.0,40.0,20.0,80.0,6.5,31.5,32.16364407215078,13.0,225.49999999999997,225.87441200808914,0.5686659828053723,71.34423592694787,3,2
7.0,4.0,00:54:10.200,81255.0,B,,挑球,,,B1,85.0,340.0,2.0,,,5,1,,A4,104.0,915.0,1.0,440.0,288,334,274,924,289,248,301,856,0.0,60.0,20.0,70.0,25.0,76.0,80.00624975587844,12.0,201.75,202.10656223883475,0.17786904366475598,715.2524030019053,2,1
7.0,5.0,00:54:11.840,81296.0,A,,長球,1.0,,A4,104.0,915.0,1.0,,,5,1,,A4,265.0,48.0,1.0,15080.0,289,248,301,856,180,84,211,164,30.0,70.0,90.0,50.0,25.75,59.25,64.60359897095518,19.75,208.75,209.68220000753522,0.029138828223148956,104.65180361560904,1,2
7.0,6.0,00:54:13.280,81332.0,B,,長球,1.0,,A4,265.0,48.0,1.0,,,5,1,,B4,317.0,883.0,1.0,2040.0,180,84,211,164,179,-73,247,961,80.0,70.0,90.0,40.0,8.0,11.749999999999998,14.2148689758295,60.25,261.0,267.8638880103102,0.1570971364618272,1049.7247258210125,2,1
7.0,7.0,00:54:14.840,81371.0,A,,切球,,,B4,317.0,883.0,1.0,,,5,1,,B2,48.0,283.0,2.0,840.0,179,-73,247,961,285,49,307,-28,10.0,30.0,10.0,50.0,7.249999999999999,11.749999999999998,13.806701271484076,37.75,271.25,273.8642455670327,0.5254455646241768,70.3846574190711,1,3
7.0,8.0,00:54:15.640,81391.0,B,,放小球,,,B2,48.0,283.0,2.0,,,5,1,,A1,75.0,598.0,2.0,1120.0,285,49,307,-28,211,-14,266,936,30.0,10.0,0.0,20.0,48.25,49.75,69.30458137814556,12.5,223.0,223.35006156256148,0.4054952761809958,723.002766246437,3,1
7.0,9.0,00:54:16.640,81416.0,A,,挑球,,1.0,A1,75.0,598.0,2.0,,,5,1,,B3,62.0,129.0,1.0,1080.0,211,-14,266,936,311,56,347,49,80.0,20.0,0.0,80.0,8.0,103.0,103.31021246711285,15.0,193.0,193.58202395883765,0.3874117670245458,59.941638282582836,1,3
7.0,10.0,00:54:17.240,81431.0,B,,切球,,,B3,62.0,129.0,1.0,,,5,1,,B1,280.0,595.0,2.0,600.0,311,56,347,49,416,191,399,1094,90.0,10.0,10.0,40.0,14.749999999999998,7.75,16.662082702951633,17.25,248.49999999999997,249.0979977840047,0.9919988939285947,1061.0202637084742,3,2
7.0,11.0,00:54:18.160,81454.0,A,,挑球,,,B1,280.0,595.0,2.0,,,5,1,,A4,275.0,41.0,1.0,1000.0,416,191,399,1094,362,91,371,91,80.0,30.0,60.0,90.0,24.5,38.25,45.42369976124798,66.5,302.25,309.4790986480347,0.5530219254243,57.723478758647246,2,2
7.0,12.0,00:54:19.360,81484.0,B,,切球,1.0,,A4,275.0,41.0,1.0,,,5,1,,A1,110.0,602.0,2.0,1280.0,362,91,371,91,447,-50,309,948,90.0,90.0,20.0,70.0,30.25,37.25,47.985674945758554,62.0,233.25,241.34946136256448,0.279831764905971,994.8356648210798,2,1
7.0,13.0,00:54:20.160,81504.0,A,,放小球,,1.0,A1,110.0,602.0,2.0,,,5,1,,B1,77.0,374.0,2.0,400.0,447,-50,309,948,451,-110,522,-103,30.0,40.0,10.0,50.0,15.75,1.5,15.82126733229674,7.249999999999999,176.25,176.39905045095907,1.4149922702969087,61.26989472816156,1,4
7.0,14.0,00:54:21.320,81533.0,B,,放小球,,,B1,77.0,374.0,2.0,,,5,1,,B1,352.0,546.0,2.0,840.0,451,-110,522,-103,353,285,372,1000,60.0,40.0,40.0,70.0,6.0,6.0,8.48528137423857,11.0,168.25,168.60920052001907,0.9038035337751226,1042.4739804906403,4,2
7.0,15.0,00:54:22.520,81563.0,A,,挑球,,,B1,352.0,546.0,2.0,,,5,1,,A4,293.0,36.0,1.0,520.0,353,285,372,1000,261,210,307,304,50.0,10.0,50.0,30.0,11.25,10.25,15.219231255224424,6.25,168.25,168.36604467647268,0.7565603121477888,1075.1172029132451,2,2
7.0,16.0,00:54:24.040,81601.0,B,,長球,1.0,,A4,293.0,36.0,1.0,,,5,1,,B4,321.0,904.0,1.0,1400.0,261,210,307,304,230,-73,269,976,0.0,80.0,10.0,50.0,22.5,43.0,48.53091798019073,15.25,198.75,199.33420429018196,0.14109719475364113,130.86252328302402,2,1
7.0,17.0,00:54:25.400,81635.0,A,,長球,,,B4,321.0,904.0,1.0,,,5,1,,B4,81.0,29.0,1.0,1120.0,230,-73,269,976,248,77,313,104,0.0,80.0,10.0,50.0,10.0,13.0,16.401219466856727,5.25,171.25,171.33045555300436,0.3235076608562045,76.4198926981712,1,2
7.0,18.0,00:54:26.600,81665.0,B,,長球,,,B4,81.0,29.0,1.0,,,5,1,,A3,88.0,820.0,1.0,1000.0,248,77,313,104,212,304,214,1027,20.0,0.0,40.0,90.0,4.5,22.5,22.94558781116753,11.0,197.75,198.05570554770696,0.578948400118698,913.840795762588,2,2
7.0,19.0,00:54:27.720,81693.0,A,,切球,1.0,,A3,88.0,820.0,1.0,,,5,1,,B1,110.0,383.0,2.0,1040.0,212,304,214,1027,238,178,266,125,10.0,60.0,70.0,90.0,17.25,68.5,70.63860488429822,20.75,204.74999999999997,205.79874878142482,0.4956513928704709,21.0,2,2
7.0,20.0,00:54:28.880,81722.0,B,,放小球,,,B1,110.0,383.0,2.0,,,5,1,,B1,276.0,512.0,2.0,1480.0,238,178,266,125,138,-126,218,932,0.0,90.0,60.0,10.0,17.5,37.25,41.15595339680518,28.999999999999996,227.25,229.09291237399728,0.17713563049935271,1072.7800333712405,2,1
7.0,21.0,00:54:29.880,81747.0,A,,挑球,,,B1,276.0,512.0,2.0,,,5,1,,A4,312.0,29.0,1.0,1520.0,138,-126,218,932,241,111,297,97,70.0,0.0,40.0,10.0,23.25,102.49999999999999,105.10381772323971,26.5,77.75,82.14202639331465,0.20561920873977238,67.23094525588644,1,2
7.0,22.0,00:54:31.600,81790.0,B,,長球,,1.0,A4,312.0,29.0,1.0,,,5,1,,B3,326.0,859.0,1.0,520.0,241,111,297,97,209,158,56,1141,40.0,60.0,80.0,70.0,13.5,14.000000000000002,19.448650338776723,0.5,215.75000000000003,215.75057937349786,1.0813824225439317,44.27188724235731,2,2
7.0,23.0,00:54:32.760,81819.0,A,,殺球,,,B3,326.0,859.0,1.0,,,5,1,,A3,335.0,184.0,2.0,1040.0,209,158,56,1141,180,111,207,56,20.0,0.0,20.0,60.0,19.5,70.0,72.66532873386042,14.499999999999998,194.0,194.54112675730033,0.5473823196324064,52.69724850502159,2,2
7.0,24.0,00:54:33.320,81833.0,B,,擋小球,,1.0,A3,335.0,184.0,2.0,,,5,1,,A0,310.0,468.0,2.0,1240.0,180,111,207,56,373,-88,257,948,50.0,70.0,0.0,40.0,31.25,33.25,45.63030791042287,47.5,261.5,265.7790435681489,0.29611657943456154,677.8864211650798,2,1
7.0,25.0,00:54:33.880,81847.0,B,,掛網球,,,A0,310.0,468.0,2.0,未回擊成功,殺球得分,6,1,A,,,,,,373,-88,257,948,,,,,90.0,70.0,90.0,0.0,7.249999999999999,1.7500000000000002,7.458216945088148,2.25,245.0,245.01033141482014,,640.1757571167468,1,
8.0,1.0,00:55:07.080,82677.0,A,1.0,發長球,,,B2,250.0,686.0,2.0,,,6,1,,B4,92.0,19.0,1.0,,,,,,220,-14,314,1057,0.0,70.0,10.0,0.0,10.0,45.75,46.83014520583937,22.25,245.0,246.00825697524868,,61.204574992397426,,1
8.0,2.0,00:55:09.280,82732.0,B,,切球,,,B4,92.0,19.0,1.0,,,6,1,,B2,374.0,658.0,2.0,1240.0,220,-14,314,1057,188,398,254,285,0.0,80.0,50.0,80.0,7.5,14.499999999999998,16.32482771731451,6.25,278.0,278.0702474196044,0.14982646916911466,575.9045059729955,1,1
8.0,3.0,00:55:10.080,82752.0,A,,擋小球,,,B2,374.0,658.0,2.0,,,6,1,,,,,2.0,,188,398,254,285,,,,,10.0,80.0,10.0,80.0,10.25,29.499999999999996,31.229993595900716,10.25,29.499999999999996,31.229993595900716,,92.0869154657707,1,
8.0,4.0,00:55:11.000,82775.0,B,,挑球,,1.0,A1,322.0,340.0,2.0,,,6,1,,A3,139.0,842.0,1.0,,,,,,349,223,405,171,0.0,0.0,40.0,10.0,2.5,20.0,20.155644370746373,36.0,205.25000000000003,208.38321069606351,,698.5656733622116,,2
8.0,5.0,00:55:11.880,82797.0,A,,長球,1.0,,A3,139.0,842.0,1.0,,,6,1,,C4,406.0,39.0,2.0,920.0,349,223,405,171,408,254,336,1165,20.0,30.0,60.0,90.0,8.0,6.75,10.46721070772916,21.0,205.25000000000003,206.32150275722594,0.5570917278951689,881.3001758765284,2,2
8.0,6.0,00:55:13.560,82839.0,B,,未擊球,,,C4,406.0,39.0,2.0,出界,對方失誤,6,2,B,,,,,,408,254,336,1165,,,,,40.0,30.0,30.0,20.0,26.0,33.25,42.20855955845923,3.25,198.0,198.02667118345448,,39.0,2,
9.0,1.0,00:55:30.320,83258.0,B,1.0,發長球,,,B2,199.0,247.0,2.0,,,6,2,,B4,355.0,907.0,1.0,,,,,,,,,,0.0,80.0,80.0,50.0,35.0,19.5,40.06557125513125,25.5,51.24999999999999,57.243449406897206,,1093.2858729536388,,
9.0,2.0,00:55:32.240,83306.0,A,,殺球,,,B4,355.0,907.0,1.0,,,6,2,,C3,407.0,176.0,2.0,,,,,,,,,,0.0,30.0,30.0,90.0,52.5,110.74999999999999,122.56350394795345,44.25,239.75,243.79935397781512,,79.1580697086532,,
9.0,3.0,00:55:32.960,83324.0,B,,未擊球,,,C3,407.0,176.0,2.0,出界,對方失誤,6,3,B,,,,,,,,,,190,-118,211,-118,10.0,30.0,70.0,50.0,17.75,69.25,71.48863546047022,19.25,181.25,182.2693748274789,,86.37129152675674,,4
,,,,,,,,,,,,,,,6,3,,,,,,800.0,190,-118,211,-118,288,35,477,1091,0.0,70.0,80.0,50.0,27.5,58.25,64.41515737774768,15.5,213.75,214.31125145451418,0.8811258777836456,56.61271941887264,4,1
10.0,1.0,00:55:47.200,83680.0,A,,長球,1.0,,A4,147.0,892.0,1.0,,,6,3,,A4,331.0,53.0,1.0,880.0,288,35,477,1091,167,184,229,158,30.0,70.0,40.0,10.0,25.75,34.25,42.850029171518656,11.0,237.25,237.5048683711557,0.4923278241852091,874.045765392179,1,2
10.0,2.0,00:55:48.280,83707.0,B,,切球,1.0,,A4,331.0,53.0,1.0,,,6,3,,A1,116.0,607.0,2.0,,167,184,229,158,,,,,,,,,,,,,,,,56.43580423808985,2,
10.0,3.0,00:55:49.080,83727.0,A,,擋小球,,1.0,A1,116.0,607.0,2.0,,,6,3,,B1,155.0,465.0,2.0,,,,,,100,84,114,42,,,,,,,,,,,,449.5697943590072,,3
10.0,4.0,00:55:49.920,83748.0,A,,掛網球,,,B1,155.0,465.0,2.0,落地,切球質量佳,6,4,B,,,,,,100,84,114,42,,,,,,,,,,,,,,,,943.2592432624236,3,
11.0,1.0,00:56:07.040,84176.0,B,1.0,發長球,,,B2,190.0,233.0,2.0,,,6,4,,B4,310.0,917.0,1.0,,,,,,,,,,,,,,,,,,,,,78.0,,
11.0,2.0,00:56:08.960,84224.0,A,,長球,,,B4,310.0,917.0,1.0,,,6,4,,A4,324.0,31.0,1.0,,,,,,348,279,319,235,,,,,,,,,,,,974.7271413067351,,2
11.0,3.0,00:56:10.120,84253.0,B,,長球,1.0,,A4,324.0,31.0,1.0,,,6,4,,B4,352.0,894.0,1.0,920.0,348,279,319,235,411,273,290,940,,,,,,,,,,,0.3803404386123783,110.42191811411355,2,1
11.0,4.0,00:56:11.200,84280.0,A,,長球,,,B4,352.0,894.0,1.0,,,6,4,,A4,338.0,38.0,1.0,,411,273,290,940,,,,,,,,,,,,,,,,54.45181356024793,1,
11.0,5.0,00:56:12.400,84310.0,B,,長球,1.0,,A4,338.0,38.0,1.0,,,6,4,,B3,358.0,806.0,1.0,,,,,,407,304,334,940,,,,,,,,,,,,1170.0106837119054,,1
11.0,6.0,00:56:13.120,84328.0,A,,切球,,,B3,358.0,806.0,1.0,,,6,4,,B2,103.0,322.0,2.0,1120.0,407,304,334,940,383,328,378,267,,,,,,,,,,,0.289869684500375,0.0,1,2
11.0,7.0,00:56:14.040,84351.0,B,,挑球,,,B2,103.0,322.0,2.0,,,6,4,,B4,309.0,902.0,1.0,920.0,383,328,378,267,428,369,353,940,,,,,,,,,,,0.3881956832176384,0.0,2,2
11.0,8.0,00:56:15.160,84379.0,A,,切球,,,B4,309.0,902.0,1.0,,,6,4,,B1,100.0,354.0,2.0,1080.0,428,369,353,940,338,197,414,145,,,,,,,,,,,0.4478864594082545,753.0185920679515,2,2
11.0,9.0,00:56:16.160,84404.0,B,,放小球,,,B1,100.0,354.0,2.0,,,6,4,,A1,81.0,544.0,2.0,1000.0,338,197,414,145,298,145,435,830,,,,,,,,,,,0.31664254294077415,55.97320787662612,2,1
11.0,10.0,00:56:17.120,84428.0,A,,放小球,,1.0,A1,81.0,544.0,2.0,,,6,4,,B1,70.0,349.0,2.0,,298,145,435,830,,,,,,,,,,,,,,,,610.3810285387317,1,
11.0,11.0,00:56:18.160,84454.0,B,,挑球,,,B1,70.0,349.0,2.0,,,6,4,,B3,280.0,834.0,1.0,,,,,,,,,,,,,,,,,,,,,324.8907508686574,,
11.0,12.0,00:56:19.520,84488.0,A,,殺球,,,B3,280.0,834.0,1.0,,,6,4,,A3,320.0,180.0,2.0,,,,,,,,,,,,,,,,,,,,,25.0,,
11.0,13.0,00:56:20.040,84501.0,B,,擋小球,,1.0,A3,320.0,180.0,2.0,,,6,4,,B1,273.0,536.0,2.0,,,,,,,,,,,,,,,,,,,,,503.7955934702089,,
11.0,14.0,00:56:21.040,84526.0,A,,放小球,,,B1,273.0,536.0,2.0,,,6,4,,A1,248.0,443.0,2.0,,,,,,254,35,231,916,,,,,,,,,,,,79.30952023559341,,1
11.0,15.0,00:56:21.880,84547.0,B,,放小球,,1.0,A1,248.0,443.0,2.0,,,6,4,,B1,264.0,497.0,2.0,1200.0,254,35,231,916,236,125,275,125,,,,,,,,,,,0.29228416775840294,1146.006108186165,1,2
11.0,16.0,00:56:22.720,84568.0,A,,挑球,,,B1,264.0,497.0,2.0,,,6,4,,A4,263.0,52.0,1.0,1000.0,236,125,275,125,167,-149,192,944,,,,,,,,,,,0.28289971721442214,73.0,2,1
11.0,17.0,00:56:23.880,84597.0,B,,長球,1.0,,A4,263.0,52.0,1.0,,,6,4,,B4,327.0,892.0,1.0,840.0,167,-149,192,944,237,0,308,35,,,,,,,,,,,0.4657318747287134,,1,3
11.0,18.0,00:56:25.280,84632.0,A,,長球,,,B4,327.0,892.0,1.0,,,6,4,,B4,81.0,40.0,2.0,13760.0,237,0,308,35,144,410,202,346,,,,,,,,,,,0.027178726562556158,,3,1
11.0,19.0,00:56:26.400,84660.0,B,,長球,,,B4,81.0,40.0,2.0,,,6,4,,A3,70.0,836.0,1.0,,144,410,202,346,,,,,,,,,,,,,,,,,1,
11.0,20.0,00:56:27.440,84686.0,A,,長球,1.0,,A3,70.0,836.0,1.0,,,6,4,,A3,304.0,90.0,1.0,,,,,,,,,,,,,,,,,,,,,,,
11.0,21.0,00:56:28.360,84709.0,B,,長球,1.0,,A3,304.0,90.0,1.0,,,6,4,,B4,313.0,888.0,1.0,,,,,,,,,,,,,,,,,,,,,,,
11.0,22.0,00:56:30.000,84750.0,A,,長球,,,B4,313.0,888.0,1.0,,,6,4,,B3,93.0,58.0,2.0,,,,,,348,427,315,381,,,,,,,,,,,,,,1
11.0,23.0,00:56:31.080,84777.0,B,,長球,,,B3,93.0,58.0,2.0,,,6,4,,A3,64.0,862.0,1.0,,348,427,315,381,,,,,,,,,,,,,,,,,1,
11.0,24.0,00:56:32.040,84801.0,A,,切球,1.0,,A3,64.0,862.0,1.0,,,6,4,,B1,103.0,335.0,2.0,,,,,,,,,,,,,,,,,,,,,,,
11.0,25.0,00:56:33.120,84828.0,B,,放小球,,,B1,103.0,335.0,2.0,,,6,4,,A1,293.0,460.0,2.0,,,,,,,,,,,,,,,,,,,,,,,
11.0,26.0,00:56:34.480,84862.0,B,,掛網球,,,A1,293.0,460.0,2.0,未回擊成功,對方失誤,7,4,A,,,,,,,,,,,,,,,,,,,,,,,,,,,
12.0,1.0,00:56:57.240,85431.0,A,1.0,發長球,,,B2,236.0,672.0,2.0,,,7,4,,A4,285.0,46.0,1.0,,,,,,,,,,,,,,,,,,,,,,,
12.0,2.0,00:56:59.360,85484.0,B,,長球,1.0,,A4,285.0,46.0,1.0,,,7,4,,B4,336.0,883.0,2.0,,,,,,178,21,262,891,,,,,,,,,,,,,,1
12.0,3.0,00:57:00.400,85510.0,A,,過渡切球,,,B4,336.0,883.0,2.0,,,7,4,,A1,336.0,463.0,2.0,1080.0,178,21,262,891,232,77,260,28,,,,,,,,,,,0.3743859284057068,,1,3
12.0,4.0,00:57:00.960,85524.0,A,,掛網球,,,A1,336.0,463.0,2.0,未回擊成功,對方失誤,7,5,B,,,,,840.0,232,77,260,28,154,357,202,804,,,,,,,,,,,0.6337628332414154,,3,1
13.0,1.0,00:57:29.960,86249.0,B,1.0,發長球,,,B2,192.0,246.0,2.0,,,7,5,,A4,124.0,923.0,1.0,,154,357,202,804,,,,,,,,,,,,,,,,,1,
13.0,2.0,00:57:31.960,86299.0,A,,長球,1.0,,A4,124.0,923.0,1.0,,,7,5,,B4,89.0,33.0,1.0,,,,,,414,210,177,1123,,,,,,,,,,,,,,2
13.0,3.0,00:57:33.160,86329.0,B,,切球,,,B4,89.0,33.0,1.0,,,7,5,,A2,107.0,620.0,2.0,1320.0,414,210,177,1123,289,77,367,77,,,,,,,,,,,0.44726909592432423,,2,2
13.0,4.0,00:57:33.760,86344.0,A,,放小球,,1.0,A2,107.0,620.0,2.0,,,7,5,,A1,273.0,379.0,2.0,560.0,289,77,367,77,318,84,376,1057,,,,,,,,,,,0.881902891739892,,2,1
13.0,5.0,00:57:34.640,86366.0,B,,放小球,,1.0,A1,273.0,379.0,2.0,,,7,5,,B1,251.0,511.0,2.0,,318,84,376,1057,,,,,,,,,,,,,,,,,1,
13.0,6.0,00:57:35.560,86389.0,A,,挑球,,,B1,251.0,511.0,2.0,,,7,5,,A4,310.0,36.0,1.0,,,,,,,,,,,,,,,,,,,,,,,
13.0,7.0,00:57:37.080,86427.0,B,,長球,1.0,,A4,310.0,36.0,1.0,,,7,5,,A3,134.0,881.0,1.0,,,,,,,,,,,,,,,,,,,,,,,
13.0,8.0,00:57:38.360,86459.0,A,,殺球,1.0,,A3,134.0,881.0,1.0,,,7,5,,A3,384.0,187.0,2.0,,,,,,,,,,,,,,,,,,,,,,,
13.0,9.0,00:57:39.080,86477.0,B,,未擊球,,,A3,384.0,187.0,2.0,落地,殺球得分,8,5,A,,,,,,,,,,185,70,208,178,,,,,,,,,,,,,,2
14.0,1.0,00:58:06.840,87171.0,A,1.0,發長球,,,B2,250.0,674.0,2.0,,,8,5,,B4,124.0,2.0,1.0,,185,70,208,178,,,,,,,,,,,,,,,,,2,
14.0,2.0,00:58:09.080,87227.0,B,,殺球,,,B4,124.0,2.0,1.0,,,8,5,,A2,85.0,694.0,2.0,,,,,,222,118,276,125,,,,,,,,,,,,,,2
14.0,3.0,00:58:09.680,87242.0,A,,防守回挑,,1.0,A2,85.0,694.0,2.0,,,8,5,,B3,69.0,82.0,1.0,920.0,222,118,276,125,182,-65,187,1105,,,,,,,,,,,0.4387892831093811,,2,1
14.0,4.0,00:58:10.480,87262.0,B,,殺球,,,B3,69.0,82.0,1.0,,,8,5,,A2,76.0,714.0,2.0,1040.0,182,-65,187,1105,212,-7,212,-7,,,,,,,,,,,0.5074202086252594,,1,4
14.0,5.0,00:58:10.920,87273.0,A,,擋小球,,1.0,A2,76.0,714.0,2.0,,,8,5,,A1,265.0,340.0,2.0,200.0,212,-7,212,-7,253,111,253,111,,,,,,,,,,,0.6245998719180144,,4,2
14.0,6.0,00:58:11.840,87296.0,B,,挑球,,1.0,A1,265.0,340.0,2.0,,,8,5,,A4,119.0,883.0,1.0,16120.0,253,111,253,111,263,191,397,932,,,,,,,,,,,0.028351928975294396,,2,1
14.0,7.0,00:58:13.200,87330.0,A,,長球,1.0,,A4,119.0,883.0,1.0,,,8,5,,B3,95.0,89.0,1.0,800.0,263,191,397,932,295,164,313,111,,,,,,,,,,,0.5309955272881307,,1,2
14.0,8.0,00:58:13.840,87346.0,B,,殺球,,,B3,95.0,89.0,1.0,,,8,5,,B2,334.0,721.0,2.0,1000.0,295,164,313,111,399,297,326,903,,,,,,,,,,,0.46618504909531366,,2,1
14.0,9.0,00:58:14.520,87363.0,A,,擋小球,,,B2,334.0,721.0,2.0,,,8,5,,B1,351.0,484.0,2.0,1200.0,399,297,326,903,259,375,224,698,,,,,,,,,,,0.11387508385165836,,1,1
14.0,10.0,00:58:15.360,87384.0,A,,未過網,,,B1,351.0,484.0,2.0,落地,殺球得分,8,6,B,,,,,,259,375,224,698,,,,,,,,,,,,,,,,,1,
15.0,1.0,00:58:55.520,88388.0,B,1.0,發長球,,,B2,176.0,245.0,2.0,,,8,6,,B4,342.0,925.0,1.0,,,,,,,,,,,,,,,,,,,,,,,
15.0,2.0,00:58:57.480,88437.0,A,,切球,,,B4,342.0,925.0,1.0,,,8,6,,B2,92.0,311.0,2.0,,,,,,347,-28,367,-43,,,,,,,,,,,,,,4
15.0,3.0,00:58:58.400,88460.0,B,,放小球,,,B2,92.0,311.0,2.0,,,8,6,,A1,90.0,541.0,2.0,1000.0,347,-28,367,-43,137,415,190,916,,,,,,,,,,,0.7272160958064666,,4,2
15.0,4.0,00:58:59.360,88484.0,A,,挑球,,1.0,A1,90.0,541.0,2.0,,,8,6,,B3,88.0,54.0,2.0,1320.0,137,415,190,916,208,138,267,191,,,,,,,,,,,0.38366332065757625,,2,2
15.0,5.0,00:59:00.400,88510.0,B,,過渡切球,,,B3,88.0,54.0,2.0,,,8,6,,B1,89.0,467.0,2.0,1000.0,208,138,267,191,98,-95,205,1046,,,,,,,,,,,0.3226716597409819,,2,1
15.0,6.0,00:59:00.560,88514.0,B,,掛網球,,,B1,89.0,467.0,2.0,未回擊成功,對方失誤,9,6,A,,,,,1200.0,98,-95,205,1046,201,42,249,97,,,,,,,,,,,0.3438328183062874,,1,3
16.0,1.0,00:59:17.960,88949.0,A,1.0,發長球,,,B2,222.0,682.0,2.0,,,9,6,,A4,341.0,9.0,1.0,,201,42,249,97,,,,,,,,,,,,,,,,,3,
16.0,2.0,00:59:20.120,89003.0,B,,切球,1.0,,A4,341.0,9.0,1.0,,,9,6,,A1,98.0,597.0,2.0,,,,,,,,,,,,,,,,,,,,,,,
16.0,3.0,00:59:20.920,89023.0,A,,挑球,,1.0,A1,98.0,597.0,2.0,,,9,6,,B3,45.0,73.0,2.0,,,,,,,,,,,,,,,,,,,,,,,
16.0,4.0,00:59:22.000,89050.0,B,,平球,,,B3,45.0,73.0,2.0,,,9,6,,A2,147.0,685.0,1.0,,,,,,,,,,,,,,,,,,,,,,,
16.0,5.0,00:59:22.480,89062.0,A,,長球,,,A2,147.0,685.0,1.0,,,9,6,,A3,249.0,98.0,1.0,,,,,,,,,,,,,,,,,,,,,,,
16.0,6.0,00:59:23.280,89082.0,B,,長球,1.0,,A3,249.0,98.0,1.0,,,9,6,,B3,309.0,858.0,1.0,,,,,,,,,,,,,,,,,,,,,,,
16.0,7.0,00:59:24.760,89119.0,A,,殺球,,,B3,309.0,858.0,1.0,,,9,6,,A3,302.0,177.0,2.0,,,,,,,,,,,,,,,,,,,,,,,
16.0,8.0,00:59:25.200,89130.0,B,,擋小球,,1.0,A3,302.0,177.0,2.0,,,9,6,,B1,336.0,592.0,2.0,,,,,,,,,,,,,,,,,,,,,,,
16.0,9.0,00:59:26.200,89155.0,A,,挑球,,,B1,336.0,592.0,2.0,,,9,6,,A3,343.0,59.0,1.0,,,,,,,,,,,,,,,,,,,,,,,
16.0,10.0,00:59:27.240,89181.0,B,,長球,,1.0,A3,343.0,59.0,1.0,,,9,6,,B3,322.0,866.0,1.0,,,,,,,,,,,,,,,,,,,,,,,
16.0,11.0,00:59:28.520,89213.0,A,,切球,,,B3,322.0,866.0,1.0,,,9,6,,A2,357.0,296.0,2.0,,,,,,,,,,,,,,,,,,,,,,,
16.0,12.0,00:59:29.320,89233.0,B,,挑球,,1.0,A2,357.0,296.0,2.0,,,9,6,,A3,141.0,864.0,1.0,,,,,,,,,,,,,,,,,,,,,,,
16.0,13.0,00:59:30.400,89260.0,A,,切球,1.0,,A3,141.0,864.0,1.0,,,9,6,,A2,310.0,266.0,2.0,,,,,,,,,,,,,,,,,,,,,,,
16.0,14.0,00:59:31.120,89278.0,B,,放小球,,1.0,A2,310.0,266.0,2.0,,,9,6,,A1,128.0,532.0,2.0,,,,,,,,,,,,,,,,,,,,,,,
16.0,15.0,00:59:32.240,89306.0,A,,放小球,,1.0,A1,128.0,532.0,2.0,,,9,6,,B1,86.0,419.0,2.0,,,,,,,,,,,,,,,,,,,,,,,
16.0,16.0,00:59:33.120,89328.0,B,,挑球,,,B1,86.0,419.0,2.0,,,9,6,,B3,259.0,755.0,1.0,,,,,,,,,,,,,,,,,,,,,,,
16.0,17.0,00:59:35.240,89381.0,A,,殺球,,,B3,259.0,755.0,1.0,,,9,6,,B2,207.0,191.0,2.0,,,,,,,,,,,,,,,,,,,,,,,
16.0,18.0,00:59:35.640,89391.0,B,,擋小球,,1.0,B2,207.0,191.0,2.0,,,9,6,,B3,106.0,175.0,2.0,,,,,,,,,,,,,,,,,,,,,,,
16.0,19.0,00:59:36.240,89406.0,B,,未過網,,,B3,106.0,175.0,2.0,落地,殺球得分,10,6,A,,,,,,,,,,,,,,,,,,,,,,,,,,,
17.0,1.0,01:00:05.480,90137.0,A,1.0,發長球,,,B2,241.0,693.0,2.0,,,10,6,,B4,116.0,26.0,1.0,,,,,,,,,,,,,,,,,,,,,,,
17.0,2.0,01:00:07.760,90194.0,B,,長球,,,B4,116.0,26.0,1.0,,,10,6,,B3,298.0,781.0,1.0,,,,,,,,,,,,,,,,,,,,,,,
17.0,3.0,01:00:08.600,90215.0,A,,切球,,,B3,298.0,781.0,1.0,,,10,6,,A2,305.0,202.0,2.0,,,,,,,,,,,,,,,,,,,,,,,
17.0,4.0,01:00:09.120,90228.0,B,,放小球,,1.0,A2,305.0,202.0,2.0,,,10,6,,A1,99.0,563.0,2.0,,,,,,,,,,,,,,,,,,,,,,,
17.0,5.0,01:00:10.160,90254.0,A,,挑球,,1.0,A1,99.0,563.0,2.0,,,10,6,,A3,320.0,82.0,1.0,,,,,,,,,,,,,,,,,,,,,,,
17.0,6.0,01:00:11.240,90281.0,B,,殺球,1.0,,A3,320.0,82.0,1.0,,,10,6,,A2,122.0,665.0,2.0,,,,,,,,,,,,,,,,,,,,,,,
17.0,7.0,01:00:11.720,90293.0,A,,擋小球,,1.0,A2,122.0,665.0,2.0,,,10,6,,B1,92.0,342.0,2.0,,,,,,,,,,,,,,,,,,,,,,,
17.0,8.0,01:00:12.920,90323.0,B,,挑球,,,B1,92.0,342.0,2.0,,,10,6,,A4,98.0,917.0,1.0,,,,,,,,,,,,,,,,,,,,,,,
17.0,9.0,01:00:14.440,90361.0,A,,長球,1.0,,A4,98.0,917.0,1.0,,,10,6,,B4,77.0,52.0,1.0,,,,,,,,,,,,,,,,,,,,,,,
17.0,10.0,01:00:15.200,90380.0,B,,長球,,,B4,77.0,52.0,1.0,,,10,6,,A4,85.0,894.0,1.0,,,,,,,,,,,,,,,,,,,,,,,
17.0,11.0,01:00:16.760,90419.0,A,,切球,1.0,,A4,85.0,894.0,1.0,,,10,6,,A1,301.0,337.0,2.0,,,,,,,,,,,,,,,,,,,,,,,
17.0,12.0,01:00:17.680,90442.0,B,,放小球,,1.0,A1,301.0,337.0,2.0,,,10,6,,A1,329.0,467.0,2.0,,,,,,,,,,,,,,,,,,,,,,,
17.0,13.0,01:00:18.400,90460.0,B,,掛網球,,,A1,329.0,467.0,2.0,未回擊成功,對方失誤,11,6,A,,,,,,,,,,,,,,,,,,,,,,,,,,,
18.0,1.0,01:01:33.600,92340.0,A,1.0,發長球,,,B2,192.0,248.0,2.0,,,11,6,,A4,119.0,919.0,1.0,,,,,,,,,,,,,,,,,,,,,,,
18.0,2.0,01:01:35.760,92394.0,B,,長球,1.0,,A4,119.0,919.0,1.0,,,11,6,,B4,69.0,37.0,1.0,,,,,,,,,,,,,,,,,,,,,,,
18.0,3.0,01:01:36.840,92421.0,A,,切球,,,B4,69.0,37.0,1.0,,,11,6,,D2,407.0,620.0,2.0,,,,,,,,,,,,,,,,,,,,,,,
18.0,4.0,01:01:37.880,92447.0,B,,未擊球,,,D2,407.0,620.0,2.0,出界,對方失誤,11,7,B,,,,,,,,,,,,,,,,,,,,,,,,,,,
19.0,1.0,01:01:51.040,92776.0,B,1.0,發長球,,,B2,236.0,692.0,2.0,,,11,7,,A4,283.0,14.0,1.0,,,,,,,,,,,,,,,,,,,,,,,
19.0,2.0,01:01:53.040,92826.0,A,,切球,1.0,,A4,283.0,14.0,1.0,,,11,7,,B2,373.0,635.0,2.0,,,,,,,,,,,,,,,,,,,,,,,
19.0,3.0,01:01:53.920,92848.0,B,,擋小球,,,B2,373.0,635.0,2.0,,,11,7,,A1,327.0,363.0,2.0,,,,,,,,,,,,,,,,,,,,,,,
19.0,4.0,01:01:54.920,92873.0,A,,挑球,,1.0,A1,327.0,363.0,2.0,,,11,7,,B2,287.0,734.0,1.0,,,,,,,,,,,,,,,,,,,,,,,
19.0,5.0,01:01:55.640,92891.0,B,,殺球,,,B2,287.0,734.0,1.0,,,11,7,,B3,113.0,159.0,2.0,,,,,,,,,,,,,,,,,,,,,,,
19.0,6.0,01:01:56.280,92907.0,A,,未擊球,,,B3,113.0,159.0,2.0,落地,殺球得分,11,8,B,,,,,,,,,,,,,,,,,,,,,,,,,,,
20.0,1.0,01:02:12.760,93319.0,B,1.0,發長球,,,B2,235.0,689.0,2.0,,,11,8,,B4,92.0,22.0,1.0,,,,,,,,,,,,,,,,,,,,,,,
20.0,2.0,01:02:14.600,93365.0,A,,長球,,,B4,92.0,22.0,1.0,,,11,8,,B4,310.0,895.0,1.0,,,,,,,,,,,,,,,,,,,,,,,
20.0,3.0,01:02:15.720,93393.0,B,,切球,,,B4,310.0,895.0,1.0,,,11,8,,B1,84.0,346.0,2.0,,,,,,,,,,,,,,,,,,,,,,,
20.0,4.0,01:02:16.760,93419.0,A,,挑球,,,B1,84.0,346.0,2.0,,,11,8,,A2,113.0,739.0,1.0,,,,,,,,,,,,,,,,,,,,,,,
20.0,5.0,01:02:17.320,93433.0,B,,殺球,1.0,,A2,113.0,739.0,1.0,,,11,8,,A2,215.0,208.0,2.0,,,,,,,,,,,,,,,,,,,,,,,
20.0,6.0,01:02:17.720,93443.0,A,,擋小球,,1.0,A2,215.0,208.0,2.0,,,11,8,,A1,131.0,574.0,2.0,,,,,,,,,,,,,,,,,,,,,,,
20.0,7.0,01:02:18.480,93462.0,B,,放小球,,1.0,A1,131.0,574.0,2.0,,,11,8,,A1,329.0,366.0,2.0,,,,,,,,,,,,,,,,,,,,,,,
20.0,8.0,01:02:19.360,93484.0,A,,放小球,,1.0,A1,329.0,366.0,2.0,,,11,8,,B1,313.0,490.0,2.0,,,,,,,,,,,,,,,,,,,,,,,
20.0,9.0,01:02:20.080,93502.0,B,,放小球,,,B1,313.0,490.0,2.0,,,11,8,,A1,337.0,420.0,2.0,,,,,,,,,,,,,,,,,,,,,,,
20.0,10.0,01:02:20.800,93520.0,A,,挑球,,1.0,A1,337.0,420.0,2.0,,,11,8,,A4,170.0,892.0,2.0,,,,,,,,,,,,,,,,,,,,,,,
20.0,11.0,01:02:22.120,93553.0,B,,挑球,,1.0,A4,170.0,892.0,2.0,,,11,8,,D2,21.0,196.0,2.0,,,,,,,,,,,,,,,,,,,,,,,
20.0,12.0,01:02:23.880,93597.0,B,,未過網,,,D2,21.0,196.0,2.0,出界,對方失誤,12,8,A,,,,,,,,,,,,,,,,,,,,,,,,,,,
21.0,1.0,01:02:39.880,93997.0,A,1.0,發小球,,,B2,158.0,255.0,2.0,,,12,8,,B1,264.0,588.0,2.0,,,,,,,,,,,,,,,,,,,,,,,
21.0,2.0,01:02:40.680,94017.0,B,,挑球,,1.0,B1,264.0,588.0,2.0,,,12,8,,B3,57.0,54.0,2.0,,,,,,,,,,,,,,,,,,,,,,,
21.0,3.0,01:02:41.760,94044.0,A,,平球,,,B3,57.0,54.0,2.0,,,12,8,,A2,81.0,745.0,2.0,,,,,,,,,,,,,,,,,,,,,,,
21.0,4.0,01:02:42.280,94057.0,B,,挑球,,1.0,A2,81.0,745.0,2.0,,,12,8,,B4,90.0,45.0,1.0,,,,,,,,,,,,,,,,,,,,,,,
21.0,5.0,01:02:43.320,94083.0,A,,殺球,,,B4,90.0,45.0,1.0,,,12,8,,B3,358.0,761.0,2.0,,,,,,,,,,,,,,,,,,,,,,,
21.0,6.0,01:02:43.920,94098.0,B,,擋小球,,,B3,358.0,761.0,2.0,,,12,8,,A1,342.0,465.0,2.0,,,,,,,,,,,,,,,,,,,,,,,
21.0,7.0,01:02:44.560,94114.0,B,,掛網球,,,A1,342.0,465.0,2.0,未回擊成功,殺球得分,13,8,A,,,,,,,,,,,,,,,,,,,,,,,,,,,
22.0,1.0,01:03:17.440,94936.0,A,1.0,發小球,,,B2,168.0,248.0,2.0,,,13,8,,A2,93.0,610.0,2.0,,,,,,,,,,,,,,,,,,,,,,,
22.0,2.0,01:03:18.320,94958.0,B,,挑球,,1.0,A2,93.0,610.0,2.0,,,13,8,,A4,271.0,41.0,1.0,,,,,,,,,,,,,,,,,,,,,,,
22.0,3.0,01:03:19.440,94986.0,A,,長球,1.0,,A4,271.0,41.0,1.0,,,13,8,,B3,335.0,851.0,1.0,,,,,,,,,,,,,,,,,,,,,,,
22.0,4.0,01:03:20.600,95015.0,B,,殺球,,,B3,335.0,851.0,1.0,,,13,8,,B3,83.0,180.0,2.0,,,,,,,,,,,,,,,,,,,,,,,
22.0,5.0,01:03:21.200,95030.0,A,,擋小球,,,B3,83.0,180.0,2.0,,,13,8,,B1,69.0,466.0,2.0,,,,,,,,,,,,,,,,,,,,,,,
22.0,6.0,01:03:21.920,95048.0,A,,掛網球,,,B1,69.0,466.0,2.0,未回擊成功,殺球得分,13,9,B,,,,,,,,,,,,,,,,,,,,,,,,,,,
23.0,1.0,01:03:51.440,95786.0,B,1.0,發長球,,,B2,229.0,701.0,2.0,,,13,9,,A4,270.0,26.0,1.0,,,,,,,,,,,,,,,,,,,,,,,
23.0,2.0,01:03:53.400,95835.0,A,,長球,1.0,,A4,270.0,26.0,1.0,,,13,9,,B3,356.0,863.0,1.0,,,,,,,,,,,,,,,,,,,,,,,
23.0,3.0,01:03:54.280,95857.0,B,,切球,,,B3,356.0,863.0,1.0,,,13,9,,A1,306.0,340.0,2.0,,,,,,,,,,,,,,,,,,,,,,,
23.0,4.0,01:03:55.200,95880.0,A,,挑球,,1.0,A1,306.0,340.0,2.0,,,13,9,,A3,138.0,866.0,1.0,,,,,,,,,,,,,,,,,,,,,,,
23.0,5.0,01:03:56.400,95910.0,B,,長球,1.0,,A3,138.0,866.0,1.0,,,13,9,,B4,83.0,29.0,2.0,,,,,,,,,,,,,,,,,,,,,,,
23.0,6.0,01:03:57.560,95939.0,A,,過渡切球,,,B4,83.0,29.0,2.0,,,13,9,,B1,322.0,597.0,2.0,,,,,,,,,,,,,,,,,,,,,,,
23.0,7.0,01:03:58.480,95962.0,B,,挑球,,,B1,322.0,597.0,2.0,,,13,9,,B4,78.0,40.0,2.0,,,,,,,,,,,,,,,,,,,,,,,
23.0,8.0,01:03:59.720,95993.0,A,,過渡切球,,,B4,78.0,40.0,2.0,,,13,9,,A1,89.0,577.0,2.0,,,,,,,,,,,,,,,,,,,,,,,
23.0,9.0,01:04:00.760,96019.0,B,,挑球,,1.0,A1,89.0,577.0,2.0,,,13,9,,A4,262.0,36.0,1.0,,,,,,,,,,,,,,,,,,,,,,,
23.0,10.0,01:04:02.160,96054.0,A,,長球,1.0,,A4,262.0,36.0,1.0,,,13,9,,B2,331.0,739.0,1.0,,,,,,,,,,,,,,,,,,,,,,,
23.0,11.0,01:04:02.920,96073.0,B,,長球,,,B2,331.0,739.0,1.0,,,13,9,,A4,306.0,46.0,1.0,,,,,,,,,,,,,,,,,,,,,,,
23.0,12.0,01:04:04.720,96118.0,A,,長球,1.0,,A4,306.0,46.0,1.0,,,13,9,,A3,83.0,850.0,1.0,,,,,,,,,,,,,,,,,,,,,,,
23.0,13.0,01:04:05.760,96144.0,B,,長球,1.0,,A3,83.0,850.0,1.0,,,13,9,,B4,99.0,25.0,1.0,,,,,,,,,,,,,,,,,,,,,,,
23.0,14.0,01:04:07.360,96184.0,A,,長球,,,B4,99.0,25.0,1.0,,,13,9,,A2,75.0,706.0,1.0,,,,,,,,,,,,,,,,,,,,,,,
23.0,15.0,01:04:08.000,96200.0,B,,擋小球,,1.0,A2,75.0,706.0,1.0,,,13,9,,B1,78.0,360.0,2.0,,,,,,,,,,,,,,,,,,,,,,,
23.0,16.0,01:04:09.000,96225.0,A,,挑球,,,B1,78.0,360.0,2.0,,,13,9,,A3,59.0,857.0,2.0,,,,,,,,,,,,,,,,,,,,,,,
23.0,17.0,01:04:10.160,96254.0,B,,長球,,1.0,A3,59.0,857.0,2.0,,,13,9,,B3,70.0,69.0,1.0,,,,,,,,,,,,,,,,,,,,,,,
23.0,18.0,01:04:11.240,96281.0,A,,切球,,,B3,70.0,69.0,1.0,,,13,9,,B2,340.0,627.0,2.0,,,,,,,,,,,,,,,,,,,,,,,
23.0,19.0,01:04:12.080,96302.0,B,,未擊球,,,B2,340.0,627.0,2.0,落地,切球質量高,14,9,A,,,,,,,,,,,,,,,,,,,,,,,,,,,
24.0,1.0,01:04:39.880,96997.0,A,1.0,發小球,,,B2,150.0,253.0,2.0,,,14,9,,B2,353.0,618.0,2.0,,,,,,,,,,,,,,,,,,,,,,,
24.0,2.0,01:04:40.640,97016.0,B,,挑球,,,B2,353.0,618.0,2.0,,,14,9,,A3,336.0,59.0,1.0,,,,,,,,,,,,,,,,,,,,,,,
24.0,3.0,01:04:41.840,97046.0,A,,切球,,1.0,A3,336.0,59.0,1.0,,,14,9,,B1,292.0,598.0,2.0,,,,,,,,,,,,,,,,,,,,,,,
24.0,4.0,01:04:42.720,97068.0,B,,放小球,,,B1,292.0,598.0,2.0,,,14,9,,A1,239.0,341.0,2.0,,,,,,,,,,,,,,,,,,,,,,,
24.0,5.0,01:04:43.720,97093.0,A,,放小球,,1.0,A1,239.0,341.0,2.0,,,14,9,,A1,299.0,466.0,2.0,,,,,,,,,,,,,,,,,,,,,,,
24.0,6.0,01:04:44.160,97104.0,A,,掛網球,,,A1,299.0,466.0,2.0,未回擊成功,對方失誤,14,10,B,,,,,,,,,,,,,,,,,,,,,,,,,,,
25.0,1.0,01:04:59.240,97481.0,B,1.0,發長球,,,B4,236.0,678.0,2.0,,,14,10,,B2,121.0,6.0,1.0,,,,,,,,,,,,,,,,,,,,,,,
25.0,2.0,01:05:01.280,97532.0,A,,切球,,,B2,121.0,6.0,1.0,,,14,10,,B4,313.0,616.0,2.0,,,,,,,,,,,,,,,,,,,,,,,
25.0,3.0,01:05:02.120,97553.0,B,,挑球,,,B4,313.0,616.0,2.0,,,14,10,,B2,110.0,33.0,1.0,,,,,,,,,,,,,,,,,,,,,,,
25.0,4.0,01:05:03.240,97581.0,A,,長球,,,B2,110.0,33.0,1.0,,,14,10,,B3,315.0,864.0,1.0,,,,,,,,,,,,,,,,,,,,,,,
25.0,5.0,01:05:04.320,97608.0,B,,切球,,,B3,315.0,864.0,1.0,,,14,10,,A2,316.0,275.0,2.0,,,,,,,,,,,,,,,,,,,,,,,
25.0,6.0,01:05:04.920,97623.0,A,,放小球,,1.0,A2,316.0,275.0,2.0,,,14,10,,B1,322.0,599.0,2.0,,,,,,,,,,,,,,,,,,,,,,,
25.0,7.0,01:05:05.920,97648.0,B,,挑球,,,B1,322.0,599.0,2.0,,,14,10,,A4,326.0,45.0,1.0,,,,,,,,,,,,,,,,,,,,,,,
25.0,8.0,01:05:07.200,97680.0,A,,殺球,1.0,,A4,326.0,45.0,1.0,,,14,10,,B3,336.0,747.0,2.0,,,,,,,,,,,,,,,,,,,,,,,
25.0,9.0,01:05:07.600,97690.0,B,,擋小球,,,B3,336.0,747.0,2.0,,,14,10,,A2,218.0,274.0,1.0,,,,,,,,,,,,,,,,,,,,,,,
25.0,10.0,01:05:08.440,97711.0,A,,撲球,,,A2,218.0,274.0,1.0,,,14,10,,A2,127.0,725.0,2.0,,,,,,,,,,,,,,,,,,,,,,,
25.0,11.0,01:05:08.960,97724.0,B,,防守回挑,,1.0,A2,127.0,725.0,2.0,,,14,10,,B4,162.0,38.0,1.0,,,,,,,,,,,,,,,,,,,,,,,
25.0,12.0,01:05:10.360,97759.0,A,,長球,,,B4,162.0,38.0,1.0,,,14,10,,A3,138.0,875.0,1.0,,,,,,,,,,,,,,,,,,,,,,,
25.0,13.0,01:05:11.480,97787.0,B,,切球,1.0,,A3,138.0,875.0,1.0,,,14,10,,B2,113.0,297.0,2.0,,,,,,,,,,,,,,,,,,,,,,,
25.0,14.0,01:05:12.480,97812.0,A,,放小球,,,B2,113.0,297.0,2.0,,,14,10,,A2,82.0,611.0,2.0,,,,,,,,,,,,,,,,,,,,,,,
25.0,15.0,01:05:13.520,97838.0,B,,挑球,,1.0,A2,82.0,611.0,2.0,,,14,10,,B4,61.0,31.0,1.0,,,,,,,,,,,,,,,,,,,,,,,
25.0,16.0,01:05:15.000,97875.0,A,,長球,,,B4,61.0,31.0,1.0,,,14,10,,A3,69.0,881.0,1.0,,,,,,,,,,,,,,,,,,,,,,,
25.0,17.0,01:05:16.520,97913.0,B,,殺球,1.0,,A3,69.0,881.0,1.0,,,14,10,,B3,77.0,168.0,2.0,,,,,,,,,,,,,,,,,,,,,,,
25.0,18.0,01:05:17.040,97926.0,A,,擋小球,,,B3,77.0,168.0,2.0,,,14,10,,A1,74.0,584.0,2.0,,,,,,,,,,,,,,,,,,,,,,,
25.0,19.0,01:05:18.080,97952.0,B,,挑球,,1.0,A1,74.0,584.0,2.0,,,14,10,,A4,283.0,47.0,1.0,,,,,,,,,,,,,,,,,,,,,,,
25.0,20.0,01:05:19.320,97983.0,A,,長球,1.0,,A4,283.0,47.0,1.0,,,14,10,,B4,215.0,911.0,1.0,,,,,,,,,,,,,,,,,,,,,,,
25.0,21.0,01:05:21.200,98030.0,B,,切球,,,B4,215.0,911.0,1.0,,,14,10,,A2,350.0,302.0,2.0,,,,,,,,,,,,,,,,,,,,,,,
25.0,22.0,01:05:21.960,98049.0,A,,挑球,,1.0,A2,350.0,302.0,2.0,,,14,10,,A3,118.0,863.0,1.0,,,,,,,,,,,,,,,,,,,,,,,
25.0,23.0,01:05:23.200,98080.0,B,,長球,1.0,,A3,118.0,863.0,1.0,,,14,10,,B3,89.0,67.0,1.0,,,,,,,,,,,,,,,,,,,,,,,
25.0,24.0,01:05:24.240,98106.0,A,,長球,,,B3,89.0,67.0,1.0,,,14,10,,B3,345.0,878.0,2.0,,,,,,,,,,,,,,,,,,,,,,,
25.0,25.0,01:05:25.440,98136.0,B,,過渡切球,,,B3,345.0,878.0,2.0,,,14,10,,B2,118.0,324.0,2.0,,,,,,,,,,,,,,,,,,,,,,,
25.0,26.0,01:05:26.360,98159.0,A,,挑球,,,B2,118.0,324.0,2.0,,,14,10,,B4,359.0,910.0,2.0,,,,,,,,,,,,,,,,,,,,,,,
25.0,27.0,01:05:27.720,98193.0,B,,過渡切球,,,B4,359.0,910.0,2.0,,,14,10,,A1,310.0,465.0,2.0,,,,,,,,,,,,,,,,,,,,,,,
25.0,28.0,01:05:28.040,98201.0,B,,掛網球,,,A1,310.0,465.0,2.0,未回擊成功,對方失誤,15,10,A,,,,,,,,,,,,,,,,,,,,,,,,,,,
26.0,1.0,01:05:55.720,98893.0,A,1.0,發小球,,,B2,176.0,266.0,2.0,,,15,10,,A1,147.0,602.0,2.0,,,,,,,,,,,,,,,,,,,,,,,
26.0,2.0,01:05:56.520,98913.0,B,,放小球,,1.0,A1,147.0,602.0,2.0,,,15,10,,A1,291.0,396.0,2.0,,,,,,,,,,,,,,,,,,,,,,,
26.0,3.0,01:05:57.320,98933.0,A,,放小球,,1.0,A1,291.0,396.0,2.0,,,15,10,,B1,327.0,547.0,2.0,,,,,,,,,,,,,,,,,,,,,,,
26.0,4.0,01:05:58.200,98955.0,B,,挑球,,,B1,327.0,547.0,2.0,,,15,10,,B4,129.0,16.0,1.0,,,,,,,,,,,,,,,,,,,,,,,
26.0,5.0,01:06:00.080,99002.0,A,,長球,,,B4,129.0,16.0,1.0,,,15,10,,B3,341.0,872.0,1.0,,,,,,,,,,,,,,,,,,,,,,,
26.0,6.0,01:06:01.440,99036.0,B,,切球,,,B3,341.0,872.0,1.0,,,15,10,,D2,9.0,211.0,2.0,,,,,,,,,,,,,,,,,,,,,,,
26.0,7.0,01:06:02.280,99057.0,A,,未擊球,,,D2,9.0,211.0,2.0,出界,對方失誤,16,10,A,,,,,,,,,,,,,,,,,,,,,,,,,,,
27.0,1.0,01:06:21.480,99537.0,A,1.0,發小球,,,B2,153.0,260.0,2.0,,,16,10,,B2,284.0,611.0,2.0,,,,,,,,,,,,,,,,,,,,,,,
27.0,2.0,01:06:22.040,99551.0,B,,放小球,,1.0,B2,284.0,611.0,2.0,,,16,10,,A1,312.0,381.0,2.0,,,,,,,,,,,,,,,,,,,,,,,
27.0,3.0,01:06:22.960,99574.0,A,,挑球,,1.0,A1,312.0,381.0,2.0,,,16,10,,A4,105.0,918.0,1.0,,,,,,,,,,,,,,,,,,,,,,,
27.0,4.0,01:06:25.040,99626.0,B,,切球,1.0,,A4,105.0,918.0,1.0,,,16,10,,A1,329.0,328.0,2.0,,,,,,,,,,,,,,,,,,,,,,,
27.0,5.0,01:06:25.920,99648.0,A,,挑球,,1.0,A1,329.0,328.0,2.0,,,16,10,,B3,306.0,842.0,1.0,,,,,,,,,,,,,,,,,,,,,,,
27.0,6.0,01:06:27.040,99676.0,B,,切球,,,B3,306.0,842.0,1.0,,,16,10,,A1,306.0,328.0,2.0,,,,,,,,,,,,,,,,,,,,,,,
27.0,7.0,01:06:27.960,99699.0,A,,放小球,,1.0,A1,306.0,328.0,2.0,,,16,10,,B1,329.0,553.0,2.0,,,,,,,,,,,,,,,,,,,,,,,
27.0,8.0,01:06:29.040,99726.0,B,,放小球,,,B1,329.0,553.0,2.0,,,16,10,,A1,333.0,368.0,2.0,,,,,,,,,,,,,,,,,,,,,,,
27.0,9.0,01:06:30.040,99751.0,A,,放小球,,1.0,A1,333.0,368.0,2.0,,,16,10,,B1,344.0,592.0,2.0,,,,,,,,,,,,,,,,,,,,,,,
27.0,10.0,01:06:31.120,99778.0,B,,放小球,,,B1,344.0,592.0,2.0,,,16,10,,A1,100.0,496.0,2.0,,,,,,,,,,,,,,,,,,,,,,,
27.0,11.0,01:06:32.320,99808.0,B,,掛網球,,,A1,100.0,496.0,2.0,未回擊成功,對方失誤,17,10,A,,,,,,,,,,,,,,,,,,,,,,,,,,,
28.0,1.0,01:06:52.400,100310.0,A,1.0,發小球,,,B2,181.0,245.0,2.0,,,17,10,,A2,154.0,625.0,2.0,,,,,,,,,,,,,,,,,,,,,,,
28.0,2.0,01:06:53.280,100332.0,B,,挑球,,1.0,A2,154.0,625.0,2.0,,,17,10,,B4,97.0,49.0,1.0,,,,,,,,,,,,,,,,,,,,,,,
28.0,3.0,01:06:54.160,100354.0,A,,長球,,,B4,97.0,49.0,1.0,,,17,10,,A1,81.0,581.0,2.0,,,,,,,,,,,,,,,,,,,,,,,
28.0,4.0,01:06:55.360,100384.0,B,,挑球,,1.0,A1,81.0,581.0,2.0,,,17,10,,B4,83.0,43.0,1.0,,,,,,,,,,,,,,,,,,,,,,,
28.0,5.0,01:06:56.360,100409.0,A,,殺球,,,B4,83.0,43.0,1.0,,,17,10,,D3,410.0,850.0,2.0,,,,,,,,,,,,,,,,,,,,,,,
28.0,6.0,01:06:57.200,100430.0,B,,未擊球,,,D3,410.0,850.0,2.0,出界,對方失誤,17,11,B,,,,,,,,,,,,,,,,,,,,,,,,,,,
29.0,1.0,01:07:10.960,100774.0,B,1.0,發長球,,,B2,239.0,711.0,2.0,,,17,11,,A4,290.0,43.0,1.0,,,,,,,,,,,,,,,,,,,,,,,
29.0,2.0,01:07:12.960,100824.0,A,,長球,1.0,,A4,290.0,43.0,1.0,,,17,11,,A3,140.0,876.0,1.0,,,,,,,,,,,,,,,,,,,,,,,
29.0,3.0,01:07:14.080,100852.0,B,,長球,1.0,,A3,140.0,876.0,1.0,,,17,11,,A4,299.0,45.0,1.0,,,,,,,,,,,,,,,,,,,,,,,
29.0,4.0,01:07:15.600,100890.0,A,,切球,1.0,,A4,299.0,45.0,1.0,,,17,11,,A2,84.0,618.0,2.0,,,,,,,,,,,,,,,,,,,,,,,
29.0,5.0,01:07:16.400,100910.0,B,,放小球,,1.0,A2,84.0,618.0,2.0,,,17,11,,B1,80.0,370.0,2.0,,,,,,,,,,,,,,,,,,,,,,,
29.0,6.0,01:07:17.560,100939.0,A,,放小球,,,B1,80.0,370.0,2.0,,,17,11,,A1,71.0,555.0,2.0,,,,,,,,,,,,,,,,,,,,,,,
29.0,7.0,01:07:18.680,100967.0,B,,放小球,,1.0,A1,71.0,555.0,2.0,,,17,11,,A1,279.0,465.0,2.0,,,,,,,,,,,,,,,,,,,,,,,
29.0,8.0,01:07:19.360,100984.0,B,,掛網球,,,A1,279.0,465.0,2.0,未回擊成功,對方失誤,18,11,A,,,,,,,,,,,,,,,,,,,,,,,,,,,
30.0,1.0,01:07:52.560,101814.0,A,1.0,發小球,,,B2,169.0,249.0,2.0,,,18,11,,B1,252.0,606.0,2.0,,,,,,,,,,,,,,,,,,,,,,,
30.0,2.0,01:07:53.440,101836.0,B,,挑球,,1.0,B1,252.0,606.0,2.0,,,18,11,,B4,90.0,48.0,2.0,,,,,,,,,,,,,,,,,,,,,,,
30.0,3.0,01:07:54.520,101863.0,A,,過渡切球,,,B4,90.0,48.0,2.0,,,18,11,,A1,84.0,558.0,2.0,,,,,,,,,,,,,,,,,,,,,,,
30.0,4.0,01:07:55.600,101890.0,B,,放小球,,1.0,A1,84.0,558.0,2.0,,,18,11,,B1,85.0,421.0,2.0,,,,,,,,,,,,,,,,,,,,,,,
30.0,5.0,01:07:56.440,101911.0,A,,挑球,,,B1,85.0,421.0,2.0,,,18,11,,A3,111.0,878.0,1.0,,,,,,,,,,,,,,,,,,,,,,,
30.0,6.0,01:07:58.480,101962.0,B,,殺球,1.0,,A3,111.0,878.0,1.0,,,18,11,,A2,324.0,270.0,2.0,,,,,,,,,,,,,,,,,,,,,,,
30.0,7.0,01:07:59.120,101978.0,A,,防守回挑,,1.0,A2,324.0,270.0,2.0,,,18,11,,B3,304.0,842.0,1.0,,,,,,,,,,,,,,,,,,,,,,,
30.0,8.0,01:08:00.440,102011.0,B,,殺球,,,B3,304.0,842.0,1.0,,,18,11,,C3,403.0,182.0,2.0,,,,,,,,,,,,,,,,,,,,,,,
30.0,9.0,01:08:01.000,102025.0,A,,未擊球,,,C3,403.0,182.0,2.0,出界,對方失誤,19,11,A,,,,,,,,,,,,,,,,,,,,,,,,,,,
31.0,1.0,01:08:17.720,102443.0,A,1.0,發小球,,,B2,177.0,248.0,2.0,,,19,11,,A1,169.0,604.0,2.0,,,,,,,,,,,,,,,,,,,,,,,
31.0,2.0,01:08:18.480,102462.0,B,,放小球,,1.0,A1,169.0,604.0,2.0,,,19,11,,A1,330.0,386.0,2.0,,,,,,,,,,,,,,,,,,,,,,,
31.0,3.0,01:08:19.360,102484.0,A,,挑球,,1.0,A1,330.0,386.0,2.0,,,19,11,,A5,132.0,-58.0,2.0,,,,,,,,,,,,,,,,,,,,,,,
31.0,4.0,01:08:21.560,102539.0,B,,未擊球,,,A5,132.0,-58.0,2.0,出界,對方失誤,19,12,B,,,,,,,,,,,,,,,,,,,,,,,,,,,
32.0,1.0,01:08:34.400,102860.0,B,1.0,發長球,,,B2,240.0,703.0,2.0,,,19,12,,A3,91.0,12.0,1.0,,,,,,,,,,,,,,,,,,,,,,,
32.0,2.0,01:08:36.400,102910.0,A,,長球,,,A3,91.0,12.0,1.0,,,19,12,,B4,103.0,859.0,1.0,,,,,,,,,,,,,,,,,,,,,,,
32.0,3.0,01:08:37.520,102938.0,B,,長球,1.0,,B4,103.0,859.0,1.0,,,19,12,,B3,81.0,87.0,1.0,,,,,,,,,,,,,,,,,,,,,,,
32.0,4.0,01:08:38.440,102961.0,A,,切球,,,B3,81.0,87.0,1.0,,,19,12,,B1,343.0,606.0,2.0,,,,,,,,,,,,,,,,,,,,,,,
32.0,5.0,01:08:39.480,102987.0,B,,挑球,,,B1,343.0,606.0,2.0,,,19,12,,A1,327.0,465.0,2.0,,,,,,,,,,,,,,,,,,,,,,,
32.0,6.0,01:08:39.680,102992.0,B,,掛網球,,,A1,327.0,465.0,2.0,未回擊成功,對方失誤,20,12,A,,,,,,,,,,,,,,,,,,,,,,,,,,,
33.0,1.0,01:08:55.800,103395.0,A,1.0,發小球,,,B2,158.0,256.0,2.0,,,20,12,,B1,320.0,604.0,2.0,,,,,,,,,,,,,,,,,,,,,,,
33.0,2.0,01:08:56.600,103415.0,B,,放小球,,,B1,320.0,604.0,2.0,,,20,12,,A1,342.0,406.0,2.0,,,,,,,,,,,,,,,,,,,,,,,
33.0,3.0,01:08:57.600,103440.0,A,,放小球,,1.0,A1,342.0,406.0,2.0,,,20,12,,B1,117.0,458.0,2.0,,,,,,,,,,,,,,,,,,,,,,,
33.0,4.0,01:08:58.800,103470.0,A,,掛網球,,,B1,117.0,458.0,2.0,未回擊成功,對方失誤,20,13,B,,,,,,,,,,,,,,,,,,,,,,,,,,,
34.0,1.0,01:09:12.480,103812.0,B,1.0,發長球,,,B2,229.0,693.0,2.0,,,20,13,,A4,263.0,29.0,1.0,,,,,,,,,,,,,,,,,,,,,,,
34.0,2.0,01:09:14.440,103861.0,A,,殺球,1.0,,A4,263.0,29.0,1.0,,,20,13,,A2,93.0,684.0,2.0,,,,,,,,,,,,,,,,,,,,,,,
34.0,3.0,01:09:15.040,103876.0,B,,放小球,,1.0,A2,93.0,684.0,2.0,,,20,13,,B1,88.0,344.0,2.0,,,,,,,,,,,,,,,,,,,,,,,
34.0,4.0,01:09:16.040,103901.0,A,,挑球,,,B1,88.0,344.0,2.0,,,20,13,,A4,85.0,896.0,1.0,,,,,,,,,,,,,,,,,,,,,,,
34.0,5.0,01:09:17.360,103934.0,B,,長球,1.0,,A4,85.0,896.0,1.0,,,20,13,,B3,68.0,67.0,1.0,,,,,,,,,,,,,,,,,,,,,,,
34.0,6.0,01:09:18.360,103959.0,A,,長球,,,B3,68.0,67.0,1.0,,,20,13,,A3,69.0,865.0,1.0,,,,,,,,,,,,,,,,,,,,,,,
34.0,7.0,01:09:19.560,103989.0,B,,長球,1.0,,A3,69.0,865.0,1.0,,,20,13,,B4,71.0,45.0,1.0,,,,,,,,,,,,,,,,,,,,,,,
34.0,8.0,01:09:21.160,104029.0,A,,長球,,,B4,71.0,45.0,1.0,,,20,13,,A3,103.0,761.0,1.0,,,,,,,,,,,,,,,,,,,,,,,
34.0,9.0,01:09:21.800,104045.0,B,,切球,1.0,,A3,103.0,761.0,1.0,,,20,13,,A1,269.0,354.0,2.0,,,,,,,,,,,,,,,,,,,,,,,
34.0,10.0,01:09:22.680,104067.0,A,,放小球,,1.0,A1,269.0,354.0,2.0,,,20,13,,B1,288.0,530.0,2.0,,,,,,,,,,,,,,,,,,,,,,,
34.0,11.0,01:09:23.760,104094.0,B,,挑球,,,B1,288.0,530.0,2.0,,,20,13,,B5,109.0,-40.0,2.0,,,,,,,,,,,,,,,,,,,,,,,
34.0,12.0,01:09:26.040,104151.0,A,,未擊球,,,B5,109.0,-40.0,2.0,出界,對方失誤,21,13,A,,,,,,,,,,,,,,,,,,,,,,,,,,,
